publicid,eventtype,origintime,modificationtime,longitude,latitude,magnitude,depth,magnitudetype,depthtype,evaluationmethod,evaluationstatus,evaluationmode,earthmodel,usedphasecount,usedstationcount,magnitudestationcount,minimumdistance,azimuthalgap,originerror,magnitudeuncertainty
2013p571858,earthquake,2013-07-31T14:06:04.000Z,2015-05-19T21:56:07.344Z,172.55204340000000229,-42.58478199000000330,3.19025421399999987,11.32812500000000000,M,,NonLinLoc,confirmed,manual,nz3drx,37,30,23,0.03213304271000000,65.87926835999999753,0.50380337149999999,0.00000000000000000
2013p565386,earthquake,2013-07-29T04:37:48.820Z,2015-05-18T01:03:23.452Z,172.54432489999999234,-42.58414094999999833,4.71507251899999957,12.14843750000000000,M,,NonLinLoc,confirmed,manual,nz3drx,38,31,25,0.02714227003000000,66.23937591000000680,0.48371358430000000,0.00000000000000000
2013p562582,earthquake,2013-07-28T03:44:10.703Z,2015-05-15T00:24:50.292Z,171.39157099999999900,-43.51243591000000066,3.42638601999999981,5.00000000000000000,M,operator assigned,LOCSAT,confirmed,manual,iasp91,29,23,18,0.12968462710000001,78.97902082999999607,0.47850598059999999,0.00000000000000000
2013p562060,earthquake,2013-07-27T23:05:37.589Z,2015-05-14T22:22:16.907Z,172.41654969999999025,-43.58013916000000165,3.21501128199999986,6.57088756599999968,M,,LOCSAT,confirmed,manual,iasp91,30,25,18,0.04924773425000000,80.17771912000000611,0.47581920630000002,0.00000000000000000
2013p548883,earthquake,2013-07-23T02:05:12.358Z,2015-05-07T21:47:34.078Z,173.75860529999999926,-42.47330039999999940,3.07905622299999981,31.13281250000000000,M,,NonLinLoc,confirmed,manual,nz3drx,26,17,12,0.17143896780000001,151.11001769999998601,0.41995508710000001,0.00000000000000000
2013p537801,earthquake,2013-07-18T23:40:31.988Z,2015-04-30T01:56:53.192Z,171.94475199999999404,-43.20952225999999996,3.77353716600000011,8.80859375000000000,M,,NonLinLoc,confirmed,manual,nz3drx,37,31,23,0.12889322500000000,43.77735755999999867,0.35292341090000001,0.00000000000000000
2013p525677,earthquake,2013-07-14T12:00:53.598Z,2015-04-28T01:04:54.055Z,172.62356130000000576,-42.73001517000000149,3.61832142899999987,34.88281250000000000,M,,NonLinLoc,confirmed,manual,nz3drx,41,34,24,0.24244275530000001,63.12342722999999722,0.43373977440000000,0.00000000000000000
2013p518940,earthquake,2013-07-12T00:11:17.988Z,2015-04-23T23:36:00.317Z,171.99672279999998636,-42.92523305000000278,3.69542554600000006,5.16249999999999964,M,operator assigned,NonLinLoc,confirmed,manual,nz3drx,39,34,25,0.24487820610000000,56.20630146999999965,0.68914768979999996,0.00000000000000000
2013p509396,earthquake,2013-07-08T11:26:15.076Z,2015-04-22T19:25:49.356Z,171.88571329999999193,-43.53224540000000076,3.08141340000000019,8.92578125000000000,M,,NonLinLoc,confirmed,manual,nz3drx,43,33,19,0.07655353551000001,62.89821772999999894,0.46160414350000001,0.00000000000000000
2013p504316,earthquake,2013-07-06T14:19:34.058Z,2015-04-21T19:54:47.492Z,172.65468229999999039,-43.60687752999999844,3.49117658900000016,6.20117187500000000,M,,NonLinLoc,confirmed,manual,nz3drx,42,37,13,0.03822238299000000,76.18218249000000242,0.28764140240000002,0.00000000000000000
2013p498553,earthquake,2013-07-04T11:09:21.754Z,2015-04-20T19:34:19.591Z,172.08215340000000992,-43.60005694000000176,3.00587918299999979,7.75390625000000000,M,,NonLinLoc,confirmed,manual,nz3drx,35,29,19,0.01466389654000000,77.30147886999999685,0.47054885310000000,0.00000000000000000
2013p484195,earthquake,2013-06-29T03:39:25.052Z,2015-05-25T03:06:06.899Z,172.68975829999999405,-43.54949950999999686,3.46808042099999980,7.69827175100000005,M,,LOCSAT,confirmed,manual,iasp91,40,24,9,0.02261336334000000,99.49309540000000140,0.35312665960000000,0.00000000000000000
2013p483371,earthquake,2013-06-28T20:20:19.724Z,2015-05-25T02:45:38.822Z,172.67037959999998975,-43.59564208999999835,3.04614324199999986,5.00000000000000000,M,operator assigned,LOCSAT,confirmed,manual,iasp91,27,20,10,0.03249899670000000,53.61526871000000227,0.18899551470000001,0.00000000000000000
2013p473737,earthquake,2013-06-25T06:47:13.909Z,2015-05-19T00:34:47.236Z,172.82446289999998612,-43.64208983999999703,3.13835498700000004,5.00000000000000000,M,operator assigned,LOCSAT,confirmed,manual,iasp91,30,16,11,0.14024849240000001,92.13421821999999395,0.69730791839999995,0.00000000000000000
2013p470706,earthquake,2013-06-24T03:52:14.915Z,2015-05-18T02:38:30.689Z,172.79539710000000241,-42.17532180999999980,3.55885424299999986,58.90625000000000000,M,,NonLinLoc,confirmed,manual,nz3drx,30,25,21,0.35050054000000003,59.03950530000000185,0.48374767299999999,0.00000000000000000
2013p467391,earthquake,2013-06-22T22:26:12.396Z,2015-05-17T22:50:32.490Z,172.33306880000000660,-43.58621596999999781,3.09698628800000009,5.00000000000000000,M,operator assigned,LOCSAT,confirmed,manual,iasp91,27,18,12,0.10526553540000000,105.23299409999999909,0.37594702930000001,0.00000000000000000
2013p433056,earthquake,2013-06-10T05:32:28.420Z,2015-05-05T05:19:14.684Z,173.00805660000000330,-42.57749176000000091,3.95612193799999989,5.00000000000000000,M,operator assigned,LOCSAT,confirmed,manual,iasp91,38,24,16,0.14142878349999999,109.29004670000000488,0.86533302079999996,0.00000000000000000
2013p407387,earthquake,2013-05-31T17:36:02.215Z,2015-04-15T00:14:50.378Z,172.98097229999999058,-43.35796329000000071,3.76547311499999982,31.60156250000000000,M,,NonLinLoc,confirmed,manual,nz3drx,65,57,34,0.23121568560000000,127.51523690000000499,0.38613154729999999,0.00000000000000000
2013p399426,earthquake,2013-05-28T18:54:21.330Z,2015-04-13T21:29:01.290Z,172.66882169999999519,-43.54331828000000115,3.30224320399999982,12.79296875000000000,M,,NonLinLoc,confirmed,manual,nz3drx,41,35,13,0.01882721301000000,84.88265714000000628,0.21607664069999999,0.00000000000000000
2013p393338,earthquake,2013-05-26T12:50:33.540Z,2015-04-10T02:52:14.463Z,171.64762410000000159,-43.24024767000000224,3.22235527499999996,6.58203125000000000,M,,NonLinLoc,confirmed,manual,nz3drx,33,28,16,0.05602593436000000,59.16148210000000063,0.43983649390000001,0.00000000000000000
2013p387187,earthquake,2013-05-24T06:13:17.184Z,2015-04-07T21:57:39.159Z,172.36084479999999530,-43.66518837999999647,3.10448369099999999,7.98828125000000000,M,,NonLinLoc,confirmed,manual,nz3drx,29,24,11,0.08715908031000000,115.90393500000000415,0.42424479450000002,0.00000000000000000
2013p368016,earthquake,2013-05-17T03:59:07.981Z,2015-03-30T00:31:12.060Z,172.34966589999999087,-43.66528754000000134,4.08059636599999997,8.10546875000000000,M,,NonLinLoc,confirmed,manual,nz3drx,50,42,18,0.07415422316000000,103.81782540000000381,0.27564762920000002,0.00000000000000000
2013p363700,earthquake,2013-05-15T13:39:30.778Z,2015-03-29T20:56:19.314Z,173.14158280000000900,-42.84262912999999884,3.23400864599999993,33.47656250000000000,M,,NonLinLoc,confirmed,manual,nz3drx,53,47,33,0.14722315729999999,132.70027400000000739,0.53594651350000000,0.00000000000000000
2013p359794,earthquake,2013-05-14T02:58:29.678Z,2015-03-26T22:40:01.487Z,172.62069500000001199,-42.24869400000000041,3.38227468100000017,12.00249999999999950,M,operator assigned,NonLinLoc,confirmed,manual,nz3drx,45,39,33,0.31690149899999998,68.27005821000000196,0.61818349120000005,0.00000000000000000
2013p353144,earthquake,2013-05-11T15:55:22.577Z,2015-03-26T00:04:17.854Z,173.75001000000000317,-42.13181314999999927,3.06448986000000012,26.67968750000000000,M,,NonLinLoc,confirmed,manual,nz3drx,46,38,28,0.32522992140000001,134.24451650000000313,0.44427643059999999,0.00000000000000000
2013p340020,earthquake,2013-05-06T19:22:57.810Z,2015-03-24T18:34:50.973Z,173.73607709999998860,-42.13140674000000274,4.32781454700000001,25.27343750000000000,M,,NonLinLoc,confirmed,manual,nz3drx,29,21,17,0.32069240659999998,143.62804760000000215,0.31842125550000000,0.00000000000000000
2013p333045,earthquake,2013-05-04T05:26:51.257Z,2015-03-23T18:27:36.309Z,172.39621980000001145,-43.59398095000000239,3.01194636799999982,11.62109375000000000,M,,NonLinLoc,confirmed,manual,nz3drx,31,26,17,0.06059307107000000,93.43501980000000628,0.36790858040000002,0.00000000000000000
2013p319767,earthquake,2013-04-29T07:31:52.711Z,2015-04-24T02:38:35.857Z,172.36947630000000231,-43.64360809000000074,3.03510157000000014,5.00000000000000000,M,operator assigned,LOCSAT,confirmed,manual,iasp91,26,16,9,0.07387048005999999,134.46640009999998711,0.41114706320000000,0.00000000000000000
2013p294069,earthquake,2013-04-19T19:20:05.201Z,2015-04-17T01:01:51.796Z,172.89861389999998664,-43.23875589000000019,3.57011016600000008,26.44531250000000000,M,,NonLinLoc,confirmed,manual,nz3drx,28,17,8,0.19103678880000000,136.56661339999999427,0.59743971640000004,0.00000000000000000
2013p278208,earthquake,2013-04-13T22:29:34.621Z,2015-04-09T23:41:18.514Z,172.44044489999998859,-43.60292052999999868,3.06781161199999985,5.00000000000000000,M,operator assigned,LOCSAT,confirmed,manual,iasp91,34,24,12,0.02961741574000000,94.13514709000000380,0.28656139629999999,0.00000000000000000
2013p219454,earthquake,2013-03-23T04:45:09.966Z,2015-03-10T17:02:22.279Z,172.26255190000000539,-43.61062574000000325,3.15387745700000011,9.04296875000000000,M,,NonLinLoc,confirmed,manual,nz3drx,33,29,18,0.07456987673000000,69.17106934000000251,0.43279822720000000,0.00000000000000000
2013p197298,earthquake,2013-03-15T00:00:21.904Z,2015-03-04T21:40:12.068Z,172.37272189999998773,-43.61355650000000139,3.31021031600000004,9.33593750000000000,M,,NonLinLoc,confirmed,manual,nz3drx,43,36,26,0.06994984195999999,84.58676633000000322,0.47696410060000000,0.00000000000000000
2013p168668,earthquake,2013-03-04T09:46:47.719Z,2015-02-26T17:49:17.499Z,172.23117010000001414,-43.60806156999999672,3.44845690700000018,8.57421875000000000,M,,NonLinLoc,confirmed,manual,nz3drx,45,41,27,0.06546031958000000,64.37802336000000025,0.33915208209999997,0.00000000000000000
2013p166329,earthquake,2013-03-03T13:00:10.303Z,2015-02-25T23:38:03.713Z,172.88223519999999667,-43.68774978999999803,3.30829647799999993,20.70312500000000000,M,,NonLinLoc,confirmed,manual,nz3drx,55,51,28,0.13329217169999999,65.15211705000000109,0.47359974859999998,0.00000000000000000
2013p141660,earthquake,2013-02-22T09:56:38.478Z,2015-03-18T21:24:15.127Z,172.78675839999999653,-43.53584289999999868,3.73654751699999998,5.00000000000000000,MLv,operator assigned,LOCSAT,confirmed,manual,iasp91,30,18,20,0.08595433831000000,115.73182110000000478,0.34698006399999998,0.28528693910000003
2013p139403,earthquake,2013-02-21T13:54:26.644Z,2015-03-16T01:01:32.216Z,172.79222110000000612,-43.53407668999999913,3.64463767699999996,5.00000000000000000,MLv,operator assigned,LOCSAT,confirmed,manual,iasp91,36,25,9,0.05196836591000000,116.89403339999999787,0.37852642030000000,0.35744135049999998
2013p116628,earthquake,2013-02-13T03:39:26.738Z,2015-03-05T23:33:54.128Z,172.43750000000000000,-43.58295822000000186,3.55538460999999995,5.00000000000000000,MLv,operator assigned,LOCSAT,confirmed,manual,iasp91,25,23,19,0.04002154619000000,71.13995361000000628,0.31440711760000001,0.26011483079999997
2013p107773,earthquake,2013-02-09T21:01:29.728Z,2015-03-03T21:51:09.221Z,172.37545779999999240,-43.61487578999999926,3.91748253100000010,5.00000000000000000,MLv,operator assigned,LOCSAT,confirmed,manual,iasp91,41,27,26,0.02077898197000000,91.13996887000000413,0.44739890199999999,0.34738302739999999
2013p098090,earthquake,2013-02-06T07:02:40.411Z,2015-02-27T00:41:56.893Z,172.71709749999999417,-43.51339317000000051,3.08560061000000019,9.98046875000000000,MLv,,NonLinLoc,confirmed,manual,nz3drx,18,11,6,0.01630098420000000,128.06478830000000357,0.34570204380000003,0.40988385919999998
2013p092313,earthquake,2013-02-04T03:44:28.243Z,2015-02-25T00:48:18.192Z,172.71669009999999389,-43.59964371000000227,3.93872190100000008,5.16773557700000019,MLv,,LOCSAT,confirmed,manual,iasp91,48,31,9,0.07186709344000000,109.96716499999999428,0.22680623389999999,0.23452172769999999
2013p078728,earthquake,2013-01-30T03:06:42.403Z,2015-01-20T20:42:49.746Z,172.58812629999999899,-43.93023019999999690,3.13160654999999988,20.35156250000000000,M,,NonLinLoc,confirmed,manual,nz3drx,28,22,13,0.22729423169999999,201.20319789999999216,0.43414771549999998,0.00000000000000000
2013p078684,earthquake,2013-01-30T02:43:15.871Z,2015-01-20T20:22:31.591Z,172.59687660000000164,-43.94383454999999827,3.86705162500000021,21.05468750000000000,M,,NonLinLoc,confirmed,manual,nz3drx,54,50,30,0.23644124699999999,143.06230529999999135,0.48475800110000000,0.00000000000000000
2013p074243,earthquake,2013-01-28T11:16:59.767Z,2015-01-19T21:09:58.118Z,172.18318370000000073,-43.55367559999999827,3.14995966499999991,6.69921875000000000,M,,NonLinLoc,confirmed,manual,nz3drx,38,31,19,0.08619265254000000,36.81136569000000236,0.51485906260000003,0.00000000000000000
2013p060677,earthquake,2013-01-23T10:49:04.487Z,2015-01-16T00:02:31.732Z,172.71064089999998714,-43.50945263999999923,3.00704972499999990,10.56640625000000000,M,,NonLinLoc,confirmed,manual,nz3drx,50,42,19,0.01343719569000000,93.81955761000000393,0.40192946419999998,0.00000000000000000
2013p058711,earthquake,2013-01-22T17:21:23.681Z,2015-01-15T21:56:43.766Z,172.06081420000001003,-43.11369822000000340,3.15789816199999995,12.38281250000000000,M,,NonLinLoc,confirmed,manual,nz3drx,36,31,23,0.21263561370000000,41.01073021999999924,0.43882583650000001,0.00000000000000000
2013p050692,earthquake,2013-01-19T18:09:10.837Z,2015-01-13T19:55:51.415Z,171.87583240000000728,-43.56306923000000353,3.46234147500000011,5.00250000000000039,M,operator assigned,NonLinLoc,confirmed,manual,nz3drx,40,34,22,0.10589419690000000,79.46403884000000062,0.55254236499999998,0.00000000000000000
2013p049577,earthquake,2013-01-19T08:15:08.041Z,2015-01-13T00:02:50.951Z,172.42843070000000694,-43.61817019000000073,4.59460690299999985,10.00976561999999959,MLv,,NonLinLoc,confirmed,manual,nz3drx,59,53,19,0.02943910466000000,87.18489544999999907,0.30902878969999997,0.26084379590000001
2013p043234,earthquake,2013-01-16T23:55:33.606Z,2015-01-12T01:37:53.155Z,172.78345450000000483,-43.59249630000000053,3.31707834500000009,9.62890625000000000,M,,NonLinLoc,confirmed,manual,nz3drx,38,32,14,0.05543146949000000,124.07831710000000669,0.40945396499999998,0.00000000000000000
2013p018538,earthquake,2013-01-07T20:37:10.942Z,2015-01-05T21:47:59.502Z,172.41565689999998767,-43.61832799999999821,3.00594138499999985,11.38671875000000000,M,,NonLinLoc,confirmed,manual,nz3drx,30,26,13,0.03847589304000000,95.67361314000000050,0.32148969719999998,0.00000000000000000
2012p986790,earthquake,2012-12-31T02:42:09.782Z,2015-02-23T21:40:46.789Z,172.43134200000000078,-43.58913821000000155,3.13143357299999980,8.69140625000000000,M,,NonLinLoc,confirmed,manual,nz3drx,34,29,17,0.04458862627000000,77.58799587999999403,0.41081158690000003,0.00000000000000000
2012p984647,earthquake,2012-12-30T07:39:59.591Z,2015-02-23T17:51:57.391Z,172.10982519999998885,-43.59687965999999903,3.70422619399999986,10.03906250000000000,M,,NonLinLoc,confirmed,manual,nz3drx,40,34,23,0.01857219010000000,45.23083648000000068,0.43946620419999999,0.00000000000000000
2012p977519,earthquake,2012-12-27T16:22:13.215Z,2015-02-19T22:59:21.511Z,171.64122580000000085,-43.24465745999999911,3.43321205300000010,5.76171875000000000,M,,NonLinLoc,confirmed,manual,nz3drx,37,31,20,0.06154463775000000,59.31125129000000129,0.48191971740000000,0.00000000000000000
2012p969781,earthquake,2012-12-24T19:39:43.878Z,2015-02-16T22:49:05.275Z,172.28458689999999365,-43.59914771999999772,3.41766456200000013,8.10546875000000000,M,,NonLinLoc,confirmed,manual,nz3drx,36,32,19,0.07988948561000001,57.03438105000000036,0.41723418299999998,0.00000000000000000
2012p957309,earthquake,2012-12-20T04:54:44.329Z,2015-02-11T23:44:50.937Z,172.50252309999999056,-43.61151568999999739,3.10714646600000011,7.78320312500000000,M,,NonLinLoc,confirmed,manual,nz3drx,39,34,16,0.02822600354000000,90.83746422000000109,0.34922346269999999,0.00000000000000000
2012p953468,earthquake,2012-12-18T18:47:56.651Z,2015-02-10T21:30:22.066Z,173.05185570000000439,-42.42691778999999741,3.47755002199999996,40.27343750000000000,M,,NonLinLoc,confirmed,manual,nz3drx,37,33,24,0.19062899119999999,91.51404646000000298,0.42149738440000001,0.00000000000000000
2012p951464,earthquake,2012-12-18T01:00:18.750Z,2015-02-10T17:42:51.047Z,172.77030160000001047,-43.64209925000000112,3.18099204200000019,8.42773437500000000,M,,NonLinLoc,confirmed,manual,nz3drx,32,29,16,0.04751576913000000,86.44627398999999457,0.39652804009999998,0.00000000000000000
2012p947203,earthquake,2012-12-16T11:10:16.432Z,2015-02-09T19:53:33.251Z,172.77817010000001119,-43.54581120999999655,3.35811627100000010,9.33593750000000000,M,,NonLinLoc,confirmed,manual,nz3drx,40,36,20,0.05187103585000000,104.67471770000000220,0.31018922230000001,0.00000000000000000
2012p946582,earthquake,2012-12-16T05:39:14.988Z,2015-02-09T02:54:17.695Z,172.18505930000000603,-43.54788455999999996,3.04276556200000003,11.03515625000000000,M,,NonLinLoc,confirmed,manual,nz3drx,28,26,15,0.08304939530000000,53.43906084999999706,0.26321495449999999,0.00000000000000000
2012p943813,earthquake,2012-12-15T05:03:38.569Z,2015-02-04T20:12:20.159Z,172.71909020000001078,-43.59848740000000333,3.46071267599999999,11.12304688000000041,M,,NonLinLoc,confirmed,manual,nz3drx,47,43,20,0.01025984880000000,89.85317245000000241,0.26191730940000002,0.00000000000000000
2012p922139,earthquake,2012-12-07T04:36:01.948Z,2015-01-26T20:04:34.137Z,172.29733020000000465,-43.56465431000000166,3.63923508299999998,11.44531250000000000,M,,NonLinLoc,confirmed,manual,nz3drx,45,39,24,0.12633110819999999,89.47563603999999771,0.36248634089999998,0.00000000000000000
2012p914356,earthquake,2012-12-04T07:28:53.252Z,2015-01-25T21:34:22.443Z,172.76527730000000815,-43.49723929999999683,3.05203682399999998,7.98828125000000000,M,,NonLinLoc,confirmed,manual,nz3drx,43,39,17,0.03428933055000000,100.73732160000000135,0.47002493390000000,0.00000000000000000
2012p847284,earthquake,2012-11-09T11:53:16.456Z,2015-02-01T21:41:52.997Z,172.82801340000000323,-43.45687872999999968,3.36488875499999995,15.13671875000000000,MLv,,NonLinLoc,confirmed,manual,nz3drx,23,16,23,0.08623010616000000,158.20465070000000196,0.37691886209999997,0.29807111380000001
2012p837175,earthquake,2012-11-05T18:06:54.705Z,2015-01-27T22:44:10.893Z,172.19212379999999030,-43.28362201000000198,3.20828137599999996,21.99218750000000000,MLv,,NonLinLoc,confirmed,manual,nz3drx,15,10,7,0.11941966440000000,112.40406000000000120,0.35045158960000000,0.25527526859999999
2012p822596,earthquake,2012-10-31T08:39:28.115Z,2014-12-22T23:09:43.787Z,172.59244300000000294,-43.61418214999999776,3.54374021199999989,6.93359375000000000,MLv,,NonLinLoc,confirmed,manual,nz3drx,51,45,18,0.02845509300000000,69.39498722000000441,0.42746363520000003,0.25413180159999998
2012p801651,earthquake,2012-10-23T14:40:00.806Z,2014-12-16T21:53:54.268Z,172.43551600000000690,-43.60553646999999700,3.04624381100000008,6.11328125000000000,M,,NonLinLoc,confirmed,manual,nz3drx,41,32,18,0.04106020685000000,93.28242213000000049,0.42531850820000000,0.00000000000000000
2012p801609,earthquake,2012-10-23T14:17:47.192Z,2014-12-16T21:39:32.259Z,172.80966820000000439,-43.51603483000000239,4.09324380500000018,14.08203125000000000,M,,NonLinLoc,confirmed,manual,nz3drx,44,38,16,0.05779326029000000,112.81983479999999531,0.29436311609999999,0.00000000000000000
2012p800865,earthquake,2012-10-23T07:40:59.960Z,2014-12-16T17:55:05.680Z,172.64022800000000757,-43.60531787000000037,3.17840414200000021,8.16406250000000000,M,,NonLinLoc,confirmed,manual,nz3drx,37,32,12,0.03153993940000000,77.15606986999999606,0.44676130440000000,0.00000000000000000
2012p796329,earthquake,2012-10-21T15:24:08.255Z,2014-12-14T23:29:20.611Z,172.11091600000000312,-43.48085091000000091,3.49607963199999983,10.74218750000000000,M,,NonLinLoc,confirmed,manual,nz3drx,39,34,18,0.01222840481000000,36.96070754000000136,0.53254260470000003,0.00000000000000000
2012p789042,earthquake,2012-10-18T22:41:55.824Z,2014-12-23T20:01:23.789Z,172.45697949999998855,-43.61449641000000099,3.13891402700000022,8.69140625000000000,M,,NonLinLoc,confirmed,manual,nz3drx,39,31,11,0.06365171835000000,93.47029958999999621,0.44160268279999998,0.00000000000000000
2012p787518,earthquake,2012-10-18T09:10:02.962Z,2014-12-10T21:20:06.406Z,172.78040770000001203,-43.51060901999999686,3.09915774499999985,9.98046875000000000,M,,NonLinLoc,confirmed,manual,nz3drx,36,30,12,0.07788879166000000,109.39839120000000605,0.45009758379999998,0.00000000000000000
2012p764736,earthquake,2012-10-09T22:51:19.992Z,2015-01-08T01:49:40.177Z,172.77456910000000789,-43.48738379000000265,4.12700872799999985,15.22460938000000041,MLv,,NonLinLoc,confirmed,manual,nz3drx,72,64,29,0.03708889105000000,92.49722536000000161,0.38195716839999999,0.30281866340000002
2012p750424,earthquake,2012-10-04T15:45:59.876Z,2014-11-30T20:59:40.074Z,172.59951899999998659,-43.61469679999999727,3.47779387500000015,8.66210937500000000,M,,NonLinLoc,confirmed,manual,nz3drx,47,40,18,0.03206102490000000,67.02169401000000448,0.41151095450000003,0.00000000000000000
2012p747719,earthquake,2012-10-03T15:44:40.734Z,2014-11-30T19:32:44.030Z,172.40938810000000103,-43.62211491000000052,3.67264052900000015,12.38281250000000000,M,,NonLinLoc,confirmed,manual,nz3drx,45,39,14,0.08348373109000000,96.38680347000000381,0.46613913660000000,0.00000000000000000
2012p740819,earthquake,2012-10-01T02:28:55.324Z,2014-11-27T18:21:08.243Z,172.75756830000000264,-43.54084138000000337,3.36528230100000014,9.74609375000000000,M,,NonLinLoc,confirmed,manual,nz3drx,39,29,17,0.10365352650000000,102.75014570000000447,0.64015049319999995,0.00000000000000000
2012p739019,earthquake,2012-09-30T10:29:46.081Z,2014-09-12T00:06:23.501Z,172.66478620000000888,-43.64170297999999804,3.16865285800000018,22.40234375000000000,M,,NonLinLoc,confirmed,manual,nz3drx,47,38,15,0.06641221865999999,62.92914678999999722,0.52648950340000000,0.00000000000000000
2012p734204,earthquake,2012-09-28T15:44:13.614Z,2014-09-10T23:02:11.975Z,172.75342679999999973,-43.54176662999999792,3.76205767499999988,11.91406250000000000,M,,NonLinLoc,confirmed,manual,nz3drx,41,32,15,0.10051952459999999,98.05229103000000634,0.52292476980000002,0.00000000000000000
2012p720967,earthquake,2012-09-23T18:11:18.200Z,2014-09-03T20:55:39.002Z,172.66378670000000284,-43.59826780000000213,3.43821076399999992,7.63671875000000000,M,,NonLinLoc,confirmed,manual,nz3drx,43,37,20,0.03682387210000000,81.65343686999999306,0.35885076129999999,0.00000000000000000
2012p717427,earthquake,2012-09-22T10:45:25.499Z,2014-09-02T23:43:45.176Z,172.37044019999999023,-43.64333776000000142,3.74188698200000003,5.29296875000000000,M,,NonLinLoc,confirmed,manual,nz3drx,36,28,17,0.11708189160000000,100.39085160000000485,0.41022804410000002,0.00000000000000000
2012p713742,earthquake,2012-09-21T02:01:55.579Z,2014-09-02T01:24:42.815Z,172.81693480000001273,-43.46115305000000006,3.55488550500000011,13.02734375000000000,MLv,,NonLinLoc,confirmed,manual,nz3drx,45,36,25,0.18148611470000001,102.16352860000000646,0.51002328190000001,0.28215631549999998
2012p713691,earthquake,2012-09-21T01:35:04.106Z,2014-09-02T01:04:54.583Z,172.83880970000001298,-43.44967503000000164,4.24611882600000001,13.49609375000000000,M,,NonLinLoc,confirmed,manual,nz3drx,41,32,21,0.09954549101000000,118.56818260000000009,0.44871865840000003,0.00000000000000000
2012p710605,earthquake,2012-09-19T22:10:45.874Z,2014-09-01T00:15:55.644Z,172.27078979999998865,-43.55325240999999892,3.60606581799999981,9.86328125000000000,M,,NonLinLoc,confirmed,manual,nz3drx,37,29,17,0.12689985209999999,79.47738757999999848,0.50244628499999999,0.00000000000000000
2012p706775,earthquake,2012-09-18T12:10:00.858Z,2014-08-31T19:44:32.545Z,172.21088249999999675,-43.22508880000000175,3.05437483899999984,12.08984375000000000,M,,NonLinLoc,confirmed,manual,nz3drx,35,28,12,0.16040974540000000,47.47304590000000246,0.45266539620000001,0.00000000000000000
2012p706402,earthquake,2012-09-18T08:51:06.578Z,2015-02-19T21:51:27.365Z,172.81643619999999828,-43.45946943999999945,3.18214127300000005,10.56640625000000000,M,,NonLinLoc,confirmed,manual,nz3drx,36,32,15,0.13758309280000000,119.21445009999999343,0.37357785220000000,0.00000000000000000
2012p699273,earthquake,2012-09-15T17:32:39.919Z,2014-08-26T21:18:10.168Z,174.13737520000000814,-42.39878434999999968,3.67242626100000003,37.57812500000000000,M,,NonLinLoc,confirmed,manual,nz3drx,73,63,46,0.44223950130000000,161.36491589999999974,0.49325330940000001,0.00000000000000000
2012p673624,earthquake,2012-09-06T05:47:12.676Z,2015-02-19T02:04:03.015Z,172.68313599999999042,-43.52904892000000103,3.13854933600000008,10.29597569000000057,M,,LOCSAT,confirmed,manual,iasp91,38,30,14,0.03541411832000000,95.77448845000000688,0.48431229819999999,0.00000000000000000
2012p646506,earthquake,2012-08-27T04:58:41.235Z,2015-01-12T02:41:57.367Z,173.07794880000000148,-42.45751186999999760,3.73433482899999980,11.85546875000000000,MLv,,NonLinLoc,confirmed,manual,nz3drx,28,19,14,0.19478369460000000,97.59297510999999758,0.34057976140000001,0.21936122780000000
2012p624134,earthquake,2012-08-18T22:19:05.384Z,2014-11-24T03:22:37.132Z,172.72189890000001355,-43.51770378999999878,3.11744186999999995,13.26171875000000000,MLv,,NonLinLoc,confirmed,manual,nz3drx,28,16,7,0.08554477512000000,131.45684349999999085,0.41865642409999998,0.42786014830000002
2012p622592,earthquake,2012-08-18T08:37:16.556Z,2015-02-17T03:43:34.744Z,175.33312989999998877,-43.17843627999999967,4.37980976900000041,33.00000000000000000,M,operator assigned,LOCSAT,confirmed,manual,iasp91,40,21,13,1.52460992300000009,170.96242520000001264,1.49255526300000008,0.00000000000000000
2012p604806,earthquake,2012-08-11T18:40:59.398Z,2015-02-17T01:54:25.712Z,172.48889760000000138,-42.91228501999999878,3.10331004900000007,31.13281250000000000,M,,NonLinLoc,confirmed,manual,nz3drx,26,16,6,0.16689963220000001,83.98474305999999956,0.49520584919999999,0.00000000000000000
2012p598204,earthquake,2012-08-09T08:03:05.621Z,2014-11-05T20:34:50.308Z,172.74165339999998992,-43.59531021000000095,3.55417439000000002,7.68266200999999960,M,,LOCSAT,confirmed,manual,iasp91,40,25,12,0.08819995075000001,92.45200920000000622,0.44003149660000002,0.00000000000000000
2012p588132,earthquake,2012-08-05T14:36:54.143Z,2014-10-30T21:43:11.988Z,172.75465389999999388,-43.48778534000000207,3.36592867400000006,5.00000000000000000,M,operator assigned,LOCSAT,confirmed,manual,iasp91,27,16,6,0.08100779355000000,133.52345420000000331,0.24710045350000001,0.00000000000000000
2012p584846,earthquake,2012-08-04T09:26:04.066Z,2014-10-21T01:41:57.707Z,172.72791910000000826,-43.48824306000000206,3.75085880700000018,13.61328125000000000,M,,NonLinLoc,confirmed,manual,nz3drx,28,15,6,0.06540261613999999,130.02015529999999899,0.37240351379999997,0.00000000000000000
2012p583685,earthquake,2012-08-03T23:07:23.518Z,2014-10-20T21:44:23.453Z,172.54111119999998891,-43.63818075999999735,3.72951337199999999,9.51171875000000000,M,,NonLinLoc,confirmed,manual,nz3drx,39,22,9,0.10015945749999999,125.76597549999999615,0.47809004540000000,0.00000000000000000
2012p580082,earthquake,2012-08-02T15:07:41.710Z,2014-10-16T19:20:13.809Z,172.76795910000001300,-43.65757889999999719,3.00985416000000017,7.98828125000000000,M,,NonLinLoc,confirmed,manual,nz3drx,37,26,7,0.09628892584000000,82.75809470999999462,0.50947955749999996,0.00000000000000000
2012p569215,earthquake,2012-07-29T14:38:15.454Z,2014-10-28T19:47:59.462Z,172.04080260000000635,-43.59553823000000250,3.17810816300000010,9.98046875000000000,M,,NonLinLoc,confirmed,manual,nz3drx,32,26,10,0.13617005409999999,62.85193327000000352,0.52837492529999996,0.00000000000000000
2012p564820,earthquake,2012-07-27T23:36:11.703Z,2014-10-23T22:56:48.329Z,172.75457689999998934,-43.51279332000000011,3.54844289899999987,12.44140625000000000,M,,NonLinLoc,confirmed,manual,nz3drx,59,52,32,0.01810004608000000,109.24939729999999827,0.35839687960000000,0.00000000000000000
2012p545605,earthquake,2012-07-20T20:58:24.465Z,2014-10-12T21:44:13.932Z,172.76581200000001104,-43.57070852999999744,3.02036916399999988,9.04296875000000000,M,,NonLinLoc,confirmed,manual,nz3drx,35,28,12,0.04211437028000000,99.41854073000000369,0.32280261199999999,0.00000000000000000
2012p529736,earthquake,2012-07-15T00:03:46.676Z,2014-10-06T22:00:36.687Z,171.88898610000001099,-43.59413256999999930,3.47824809899999998,5.05859375000000000,M,,NonLinLoc,confirmed,manual,nz3drx,41,36,24,0.16488697680000000,84.64911985000000527,0.51287878919999996,0.00000000000000000
2012p517515,earthquake,2012-07-10T11:32:16.132Z,2015-01-12T01:50:20.305Z,172.54111119999998891,-43.63818075999999735,4.52537235399999993,9.04296875000000000,M,,NonLinLoc,confirmed,manual,nz3drx,44,39,14,0.05464954135000000,79.58867119999999318,0.34513402009999999,0.00000000000000000
2012p505820,earthquake,2012-07-06T03:41:20.227Z,2014-09-28T18:14:01.707Z,172.35876930000000584,-43.57245924000000059,3.04230000200000017,8.92578125000000000,M,,NonLinLoc,confirmed,manual,nz3drx,31,22,11,0.08447747947000001,103.19453359999999975,0.59266762760000002,0.00000000000000000
2012p505798,earthquake,2012-07-06T03:29:29.866Z,2014-09-26T01:49:03.064Z,172.33830029999998601,-43.60151356000000078,4.90754242399999985,9.62890625000000000,M,,NonLinLoc,confirmed,manual,nz3drx,40,31,12,0.10857961390000000,96.20626941999999815,0.44405479430000000,0.00000000000000000
2012p502581,earthquake,2012-07-04T22:55:09.011Z,2015-01-11T22:47:46.478Z,172.70172270000000481,-42.20389222000000018,3.55097150000000017,15.89843750000000000,M,,NonLinLoc,confirmed,manual,nz3drx,32,25,12,0.33489348110000000,63.70184691000000043,0.43356162329999998,0.00000000000000000
2012p498549,earthquake,2012-07-03T11:07:01.138Z,2015-01-11T22:32:39.754Z,172.78914100000000076,-43.52421336999999824,3.82771591500000019,10.91796875000000000,M,,NonLinLoc,confirmed,manual,nz3drx,30,26,7,0.04561660412000000,108.96767579999999498,0.28406453199999998,0.00000000000000000
2012p497178,earthquake,2012-07-02T22:56:36.222Z,2014-09-22T18:26:58.243Z,172.77479089999999928,-43.44784617999999909,3.10849786700000008,10.33203125000000000,M,,NonLinLoc,confirmed,manual,nz3drx,26,21,10,0.08267300314999999,114.53318409999999972,0.41042994880000000,0.00000000000000000
2012p486507,earthquake,2012-06-29T00:10:55.640Z,2014-10-05T20:12:23.823Z,172.69410840000000462,-43.55322162000000219,4.08641264300000007,10.44921875000000000,M,,NonLinLoc,confirmed,manual,nz3drx,28,16,5,0.03739135398000000,122.10575400000000457,0.40687655940000000,0.00000000000000000
2012p483495,earthquake,2012-06-27T21:26:26.704Z,2014-12-18T03:11:07.527Z,172.76632029999998963,-43.48683527000000026,3.74575988899999990,10.56640625000000000,M,,NonLinLoc,confirmed,manual,nz3drx,24,16,38,0.08744202796000000,135.35522480000000201,0.30085497439999997,0.00000000000000000
2012p478449,earthquake,2012-06-26T00:37:45.391Z,2014-10-01T07:41:11.982Z,172.42839050000000611,-43.58236312999999740,3.16335940100000013,5.00000000000000000,M,operator assigned,LOCSAT,confirmed,manual,iasp91,26,18,6,0.04403616861000000,112.67539979999999389,0.47155798859999998,0.00000000000000000
2012p478432,earthquake,2012-06-26T00:28:53.016Z,2014-10-01T07:36:21.967Z,172.74375919999999951,-43.48812866000000099,3.56221947600000011,5.00000000000000000,M,operator assigned,LOCSAT,confirmed,manual,iasp91,29,15,5,0.12986899909999999,138.91310119999999984,0.70126147179999998,0.00000000000000000
2012p470930,earthquake,2012-06-23T05:51:55.419Z,2016-08-03T04:44:03.534Z,172.12298580000000925,-43.45646286000000202,3.97021664300000010,3.66115951500000003,M,,LOCSAT,confirmed,manual,iasp91,24,16,6,0.14437425139999999,68.21586609000000578,0.52484208409999999,0.00000000000000000
2012p469584,earthquake,2012-06-22T17:54:41.273Z,2014-09-30T03:24:51.577Z,172.78119380000001115,-43.45658474999999754,3.46595553200000017,10.97656250000000000,M,,NonLinLoc,confirmed,manual,nz3drx,23,14,5,0.26713970279999999,140.76265950000001226,0.50852992890000004,0.00000000000000000
2012p468998,earthquake,2012-06-22T12:42:22.661Z,2014-09-30T03:04:06.178Z,172.75148060000000783,-43.49434133999999830,3.91037448900000006,8.57421875000000000,M,,NonLinLoc,confirmed,manual,nz3drx,32,20,10,0.13087823460000000,132.04079260000000318,0.43834898249999998,0.00000000000000000
2012p449696,earthquake,2012-06-15T09:18:15.077Z,2014-09-22T23:17:16.151Z,172.25669220000000337,-43.60357077999999831,3.27686635199999987,8.86718750000000000,M,,NonLinLoc,confirmed,manual,nz3drx,27,17,7,0.07783087575000000,92.96086635999999714,0.41619487020000001,0.00000000000000000
2012p446853,earthquake,2012-06-14T08:03:23.423Z,2014-09-22T01:19:36.622Z,172.94889670000000592,-42.23363153999999753,3.36890276399999999,10.74218750000000000,M,,NonLinLoc,confirmed,manual,nz3drx,38,24,12,0.30405344120000000,64.17032957000000692,0.39170619779999999,0.00000000000000000
2012p444662,earthquake,2012-06-13T12:35:36.331Z,2014-09-21T22:26:09.890Z,173.99420079999998734,-42.39546045000000163,3.35980338300000003,33.16250000000000142,M,operator assigned,NonLinLoc,confirmed,manual,nz3drx,19,16,6,0.33686064830000001,209.27140249999999355,0.38104009999999999,0.00000000000000000
2012p444661,earthquake,2012-06-13T12:35:31.681Z,2014-09-21T21:59:31.356Z,173.97546330000000125,-42.31441253999999930,3.54080447800000009,25.03906250000000000,M,,NonLinLoc,confirmed,manual,nz3drx,29,23,4,0.33890595340000002,153.29109320000000594,0.30127712660000000,0.00000000000000000
2012p442146,earthquake,2012-06-12T14:15:32.356Z,2014-09-19T01:41:40.222Z,172.63952430000000504,-43.59590682999999700,3.65172158800000002,7.40234375000000000,M,,NonLinLoc,confirmed,manual,nz3drx,22,15,4,0.03077841667000000,107.58252679999999657,0.53312112909999998,0.00000000000000000
2012p439479,earthquake,2012-06-11T14:34:34.659Z,2014-09-11T22:01:12.558Z,172.65420249999999669,-43.53163217000000174,4.07312548400000018,9.98046875000000000,M,,NonLinLoc,confirmed,manual,nz3drx,30,20,7,0.00829379667400000,69.89683809000000281,0.40310159759999997,0.00000000000000000
2012p436269,earthquake,2012-06-10T10:04:22.236Z,2014-09-11T02:54:03.442Z,172.76768960000001130,-43.56909265000000175,3.32538602900000013,9.62890625000000000,M,,NonLinLoc,confirmed,manual,nz3drx,26,14,4,0.04380557237000000,123.69548330000000647,0.47871679340000001,0.00000000000000000
2012p418543,earthquake,2012-06-03T20:40:12.250Z,2014-09-04T00:15:19.736Z,172.67951690000001008,-43.56365706999999787,3.17621469000000012,12.08984375000000000,M,,NonLinLoc,confirmed,manual,nz3drx,30,20,7,0.04036830274000000,91.29736096000000600,0.44024660650000003,0.00000000000000000
2012p417703,earthquake,2012-06-03T13:12:17.212Z,2014-09-03T02:15:27.091Z,172.73912139999998772,-43.51026545999999939,3.65419869999999980,12.91015625000000000,M,,NonLinLoc,confirmed,manual,nz3drx,22,15,5,0.02022838057000000,128.76584510000000705,0.32277087950000000,0.00000000000000000
2012p416981,earthquake,2012-06-03T06:47:28.330Z,2014-09-03T01:18:05.860Z,172.71996310000000108,-43.53309090999999853,3.95529137099999994,11.97265625000000000,M,,NonLinLoc,confirmed,manual,nz3drx,28,22,9,0.07249638195999999,99.37563138999999524,0.35380807830000000,0.00000000000000000
2012p413162,earthquake,2012-06-01T20:52:49.795Z,2014-09-02T02:54:32.329Z,172.76189310000000887,-43.57936121000000185,4.20461801400000024,15.48828125000000000,M,,NonLinLoc,confirmed,manual,nz3drx,22,13,11,0.09303577037999999,127.71668329999999969,0.42165604270000001,0.00000000000000000
2012p407935,earthquake,2012-05-30T22:27:58.030Z,2014-11-30T00:24:58.403Z,171.36859079999999267,-43.79123864000000310,4.50212490100000018,24.10156250000000000,M,,NonLinLoc,confirmed,manual,nz3drx,30,25,49,0.05152329450000000,70.69886141000000634,0.38660823799999999,0.00000000000000000
2012p402869,earthquake,2012-05-29T01:29:03.216Z,2014-11-28T04:05:35.780Z,170.05665590000000975,-44.53373718000000281,3.61406825999999981,5.00000000000000000,M,operator assigned,LOCSAT,confirmed,manual,iasp91,15,9,22,0.17269900439999999,86.27459335000000351,0.45801328149999998,0.00000000000000000
2012p400762,earthquake,2012-05-28T06:46:00.510Z,2014-11-28T02:05:26.650Z,172.74949689999999691,-43.50555330000000254,3.21427319400000000,14.66796875000000000,M,,NonLinLoc,confirmed,manual,nz3drx,27,20,9,0.02438085745000000,106.02956589999999437,0.43007239809999998,0.00000000000000000
2012p399377,earthquake,2012-05-27T18:28:12.410Z,2014-11-27T22:44:11.668Z,172.79197919999998589,-43.49007190999999750,3.81381085099999995,12.91015625000000000,M,,NonLinLoc,confirmed,manual,nz3drx,30,25,44,0.04727240815000000,138.67246650000001296,0.30232132969999997,0.00000000000000000
2012p399212,earthquake,2012-05-27T17:00:28.229Z,2014-11-27T22:29:37.079Z,172.78647290000000680,-43.50326985000000235,4.50402258699999969,15.72265625000000000,M,,NonLinLoc,confirmed,manual,nz3drx,26,19,82,0.05005849659000000,136.23681590000001052,0.36404441050000003,0.00000000000000000
2012p395506,earthquake,2012-05-26T08:05:42.979Z,2014-11-27T04:28:55.677Z,172.78078899999999862,-43.50394230999999934,3.52782121599999998,12.32421875000000000,M,,NonLinLoc,confirmed,manual,nz3drx,32,24,48,0.03621757626000000,135.32280620000000226,0.35010294870000003,0.00000000000000000
2012p392875,earthquake,2012-05-25T08:43:56.060Z,2014-11-27T01:21:46.698Z,172.76886550000000398,-43.49942847999999884,3.16538701700000003,13.96484375000000000,M,,NonLinLoc,confirmed,manual,nz3drx,25,18,27,0.13053570179999999,134.18991940000000795,0.43458341719999999,0.00000000000000000
2012p392242,earthquake,2012-05-25T03:06:47.515Z,2014-11-26T04:11:05.802Z,172.74949689999999691,-43.50555330000000254,3.11665171199999991,9.04296875000000000,M,,NonLinLoc,confirmed,manual,nz3drx,24,17,19,0.08868014207000000,130.74965889999998581,0.46120599790000000,0.00000000000000000
2012p392208,earthquake,2012-05-25T02:48:48.300Z,2014-11-26T04:00:28.700Z,172.75109370000001263,-43.49203484000000230,3.24003053200000002,11.79687500000000000,M,,NonLinLoc,confirmed,manual,nz3drx,22,16,6,0.12520404030000001,139.74043040000000815,0.50749837919999996,0.00000000000000000
2012p392201,earthquake,2012-05-25T02:44:49.849Z,2014-11-26T03:53:37.348Z,172.77230860000000234,-43.53395820000000072,5.47545142199999990,14.72656250000000000,M,,NonLinLoc,confirmed,manual,nz3drx,29,20,89,0.05401276747000000,126.72247930000000338,0.50672288570000001,0.00000000000000000
2012p388815,earthquake,2012-05-23T20:40:52.150Z,2014-11-25T04:40:05.036Z,172.75381980000000226,-43.56201954000000143,3.32962473499999989,6.81640625000000000,M,,NonLinLoc,confirmed,manual,nz3drx,29,25,28,0.09579707702000000,101.73656750000000670,0.53007465840000001,0.00000000000000000
2012p384945,earthquake,2012-05-22T10:19:42.351Z,2014-11-25T02:09:42.258Z,172.63454780000000710,-43.59701713999999839,3.16471412699999988,6.23046875000000000,M,,NonLinLoc,confirmed,manual,nz3drx,22,18,10,0.02227968394000000,107.86358289999999727,0.23463305390000000,0.00000000000000000
2012p380332,earthquake,2012-05-20T17:21:12.768Z,2014-11-20T02:15:05.725Z,172.78625800000000368,-43.44587836000000181,3.05546771599999989,14.02343750000000000,M,,NonLinLoc,confirmed,manual,nz3drx,36,30,15,0.17587814160000001,107.22729870000000574,0.53741180690000001,0.00000000000000000
2012p380023,earthquake,2012-05-20T14:36:24.860Z,2014-11-20T01:36:54.615Z,172.75713410000000181,-43.56127932999999786,3.13578500099999991,5.17578125000000000,M,,NonLinLoc,confirmed,manual,nz3drx,25,17,19,0.09828067294999999,99.81792271999999855,0.41847771969999997,0.00000000000000000
2012p379837,earthquake,2012-05-20T12:57:08.255Z,2014-11-19T04:27:15.486Z,172.49382869999999457,-43.96428928000000269,3.01027032200000022,10.74218750000000000,M,,NonLinLoc,confirmed,manual,nz3drx,19,16,10,0.28080578519999999,207.31570949999999698,0.42238023710000000,0.00000000000000000
2012p379672,earthquake,2012-05-20T11:29:27.200Z,2014-11-19T04:12:26.938Z,172.76007190000001401,-43.58515223999999932,3.18693773399999980,12.08984375000000000,M,,NonLinLoc,confirmed,manual,nz3drx,23,17,25,0.09325655096000000,119.82540450000000476,0.35579043100000002,0.00000000000000000
2012p379213,earthquake,2012-05-20T07:24:47.477Z,2014-11-19T03:05:29.284Z,172.77541930000001003,-43.56138338000000232,3.30999182799999980,9.27734375000000000,M,,NonLinLoc,confirmed,manual,nz3drx,21,20,22,0.05146271729000000,126.06724789999999814,0.19707143090000001,0.00000000000000000
2012p378954,earthquake,2012-05-20T05:06:56.582Z,2014-11-19T01:50:57.426Z,172.76790990000000647,-43.56784687999999761,4.66973326200000027,10.21484375000000000,M,,NonLinLoc,confirmed,manual,nz3drx,51,40,14,0.04427678980000000,119.21806709999999896,0.39593278570000001,0.00000000000000000
2012p378107,earthquake,2012-05-19T21:35:32.973Z,2014-08-14T02:49:10.127Z,172.40868770000000154,-43.60852871000000164,3.98691448900000012,9.98046875000000000,M,,NonLinLoc,confirmed,manual,nz3drx,39,27,42,0.02454961520000000,98.39432139999999549,0.59736597979999995,0.00000000000000000
2012p365069,earthquake,2012-05-15T01:48:48.213Z,2014-07-02T23:05:05.136Z,172.70435340000000224,-43.50009117999999830,3.19038303100000009,10.68359375000000000,M,,NonLinLoc,confirmed,manual,nz3drx,33,25,17,0.00227381390200000,67.94598956000000101,0.33459386769999999,0.00000000000000000
2012p365028,earthquake,2012-05-15T01:27:16.314Z,2014-07-02T22:56:10.998Z,172.74998940000000403,-43.48929050999999646,4.51670829800000018,11.03515625000000000,M,,NonLinLoc,confirmed,manual,nz3drx,42,36,74,0.02231897478000000,132.81573090000000548,0.31625376129999999,0.00000000000000000
2012p358923,earthquake,2012-05-12T19:14:32.799Z,2014-06-19T04:03:35.415Z,171.88568079999998872,-43.27880655999999959,3.25936522400000017,12.08984375000000000,M,,NonLinLoc,confirmed,manual,nz3drx,29,21,19,0.04790561409000000,96.13529071000000670,0.35458421909999999,0.00000000000000000
2012p357089,earthquake,2012-05-12T02:57:31.032Z,2014-06-19T03:10:15.954Z,172.61315379999999209,-43.61195490000000063,3.73116885200000015,6.20117187500000000,M,,NonLinLoc,confirmed,manual,nz3drx,39,34,37,0.03622407864000000,93.46271998999999653,0.30033286970000000,0.00000000000000000
2012p353327,earthquake,2012-05-10T17:32:46.217Z,2014-06-17T23:45:45.402Z,172.76127529999999410,-42.00362988999999914,3.22174332999999979,62.53906250000000000,M,,NonLinLoc,confirmed,manual,nz3drx,18,13,35,0.26201124300000000,61.58121151999999654,0.26943945339999997,0.00000000000000000
2012p350855,earthquake,2012-05-09T19:36:04.153Z,2014-11-24T04:48:42.699Z,174.03507769999998800,-42.30196457000000265,4.13910549800000016,36.99218750000000000,M,,NonLinLoc,confirmed,manual,nz3drx,63,44,19,0.38483077960000001,152.74119690000000560,0.57469056539999996,0.00000000000000000
2012p346005,earthquake,2012-05-08T00:31:32.549Z,2014-06-13T02:56:43.359Z,171.88067699999999149,-43.58763275999999820,3.05377216800000006,7.98828125000000000,M,,NonLinLoc,confirmed,manual,nz3drx,26,19,8,0.15775925260000001,99.45190572999999290,0.39442239880000002,0.00000000000000000
2012p340622,earthquake,2012-05-06T00:43:39.560Z,2014-06-12T02:23:52.748Z,173.95940799999999626,-42.30727169000000032,3.04281731000000022,26.21093750000000000,M,,NonLinLoc,confirmed,manual,nz3drx,16,12,9,0.32996024990000000,196.05974560000001361,0.27475604079999999,0.00000000000000000
2012p329611,earthquake,2012-05-01T22:57:09.254Z,2014-06-10T03:12:22.496Z,171.94026759999999854,-43.21649132999999665,3.55939733999999985,11.97265625000000000,M,,NonLinLoc,confirmed,manual,nz3drx,29,22,23,0.12326309470000001,76.26783982000000606,0.40670043639999998,0.00000000000000000
2012p325730,earthquake,2012-04-30T12:29:06.536Z,2014-06-25T02:30:34.737Z,171.93957520000000727,-43.22903441999999785,3.56103883699999990,5.73568487200000021,M,,LOCSAT,confirmed,manual,iasp91,30,18,26,0.10794217139999999,109.28506280000000572,0.57773565540000005,0.00000000000000000
2012p309560,earthquake,2012-04-24T12:53:35.221Z,2014-06-15T23:56:31.459Z,172.72081629999999564,-42.49743534000000267,4.13982763000000009,9.57031250000000000,M,,NonLinLoc,confirmed,manual,nz3drx,46,39,14,0.08509346185000000,59.68203098000000040,0.52679060170000003,0.00000000000000000
2012p307011,earthquake,2012-04-23T14:15:41.151Z,2014-06-25T22:37:48.576Z,172.79426000000000840,-43.50870892999999739,3.33660276900000019,13.08593750000000000,M,,NonLinLoc,confirmed,manual,nz3drx,29,21,30,0.14116008310000000,111.48317729999999415,0.39295554170000002,0.00000000000000000
2012p303845,earthquake,2012-04-22T10:08:53.015Z,2014-08-14T02:58:44.581Z,172.78356500000001006,-43.52426295000000067,4.16190717100000018,13.08593750000000000,M,,NonLinLoc,confirmed,manual,nz3drx,30,18,79,0.09356730465000000,132.99144140000001357,0.44201354819999999,0.00000000000000000
2012p302192,earthquake,2012-04-21T19:28:06.923Z,2014-08-13T05:28:52.763Z,172.75540480000000798,-43.51260827000000120,3.06250593399999982,15.89843750000000000,M,,NonLinLoc,confirmed,manual,nz3drx,21,13,6,0.11501807140000000,105.96848079999999470,0.41811178490000001,0.00000000000000000
2012p301801,earthquake,2012-04-21T15:59:47.720Z,2014-08-13T05:12:43.018Z,172.72896510000001058,-43.51373183999999839,3.18497721299999981,17.24609375000000000,M,,NonLinLoc,confirmed,manual,nz3drx,22,14,5,0.09892078362999999,133.13890000000000668,0.47491287300000001,0.00000000000000000
2012p294880,earthquake,2012-04-19T02:32:25.438Z,2014-06-05T20:36:11.035Z,172.07593879999998876,-43.48089560999999748,3.50112592699999992,6.81640625000000000,M,,NonLinLoc,confirmed,manual,nz3drx,25,19,34,0.15652305699999999,79.33671316000000218,0.57936754779999999,0.00000000000000000
2012p292412,earthquake,2012-04-18T04:37:26.955Z,2014-06-05T02:48:08.237Z,172.77185170000001335,-43.50953014000000252,3.28891463499999981,9.27734375000000000,M,,NonLinLoc,confirmed,manual,nz3drx,24,18,7,0.12670620020000001,108.39881239999999707,0.45245887050000000,0.00000000000000000
2012p290659,earthquake,2012-04-17T13:03:18.341Z,2014-08-12T05:11:31.133Z,171.98849590000000376,-43.28384061999999943,3.36345093600000000,8.33984375000000000,M,,NonLinLoc,confirmed,manual,nz3drx,20,16,7,0.05569206151000000,80.56217494999999928,0.46719159750000000,0.00000000000000000
2012p288680,earthquake,2012-04-16T19:28:43.749Z,2014-05-29T02:55:19.661Z,172.73741140000001337,-43.53338001000000190,3.01508203200000002,16.95312500000000000,M,,NonLinLoc,confirmed,manual,nz3drx,26,18,6,0.09324642674000000,101.31449480000000563,0.46516913209999999,0.00000000000000000
2012p283980,earthquake,2012-04-15T01:44:52.114Z,2014-07-01T03:42:59.904Z,172.76837979999999106,-43.42116121000000106,3.26395460800000015,10.03906250000000000,M,,NonLinLoc,confirmed,manual,nz3drx,32,22,10,0.18609534359999999,115.59665250000000469,0.48895372799999998,0.00000000000000000
2012p283279,earthquake,2012-04-14T19:31:16.929Z,2014-05-05T00:32:23.316Z,172.11089029999999411,-43.59544883000000226,3.13225773399999996,7.05078125000000000,M,,NonLinLoc,confirmed,manual,nz3drx,32,24,19,0.09749812013000000,75.98334540000000459,0.55152131439999996,0.00000000000000000
2012p275677,earthquake,2012-04-12T00:00:50.752Z,2014-08-01T05:00:36.687Z,172.75695039999999381,-43.51286104999999793,4.52878196099999997,10.80078125000000000,M,,NonLinLoc,confirmed,manual,nz3drx,35,27,9,0.03238744716000000,106.13129709999999761,0.49884868360000001,0.00000000000000000
2012p275626,earthquake,2012-04-11T23:33:41.637Z,2014-08-01T04:54:05.071Z,172.85477940000001240,-42.37361769999999694,3.06068187400000014,56.21093750000000000,M,,NonLinLoc,confirmed,manual,nz3drx,36,24,13,0.15231987640000000,82.37401921999999388,0.42079104630000003,0.00000000000000000
2012p274781,earthquake,2012-04-11T16:03:26.129Z,2014-08-01T04:12:30.254Z,172.31586740000000191,-43.62383344999999935,3.37320457800000018,10.80078125000000000,M,,NonLinLoc,confirmed,manual,nz3drx,26,16,11,0.09622787357000000,121.88739569999999901,0.79653636380000004,0.00000000000000000
2012p269493,earthquake,2012-04-09T17:06:20.234Z,2014-04-21T21:34:37.518Z,172.76732989999999290,-43.51712210000000169,3.47578733500000014,12.61718750000000000,M,,NonLinLoc,confirmed,manual,nz3drx,29,19,7,0.12002703540000000,106.94589499999999305,0.50947605460000001,0.00000000000000000
2012p267944,earthquake,2012-04-09T03:20:36.015Z,2016-07-26T23:40:21.564Z,172.82600400000001173,-43.45509719999999731,3.02883352100000014,10.71208668000000053,M,,LOCSAT,confirmed,manual,iasp91,14,12,6,0.19103913010000001,158.01338200000000711,0.38955222550000002,0.00000000000000000
2012p260761,earthquake,2012-04-06T11:33:36.270Z,2014-04-15T02:01:56.672Z,172.37047789999999736,-43.58239400000000074,4.00929846599999973,9.16015625000000000,M,,NonLinLoc,confirmed,manual,nz3drx,29,21,7,0.07949390333000000,108.49218659999999659,0.42637764610000001,0.00000000000000000
2012p259215,earthquake,2012-04-05T21:49:50.825Z,2014-04-29T04:55:19.301Z,172.40543239999999514,-43.58714735000000218,3.59981170399999995,8.10546875000000000,M,,NonLinLoc,confirmed,manual,nz3drx,30,25,12,0.05965156538000000,92.28822719999999435,0.35272586900000003,0.00000000000000000
2012p253276,earthquake,2012-04-03T17:05:48.722Z,2014-04-29T02:40:40.950Z,172.66796400000001199,-43.61946410000000185,3.59732780700000010,15.66406250000000000,M,,NonLinLoc,confirmed,manual,nz3drx,27,22,7,0.05408979924000000,82.14206217999999637,0.28953320929999998,0.00000000000000000
2012p250796,earthquake,2012-04-02T19:04:13.565Z,2014-05-06T23:20:41.377Z,172.75724769999999353,-43.56962965000000310,3.49959475999999992,12.44140625000000000,M,,NonLinLoc,confirmed,manual,nz3drx,18,14,21,0.03636534748000000,128.79218240000000151,0.31647225849999999,0.00000000000000000
2012p242669,earthquake,2012-03-30T18:54:02.629Z,2014-06-29T20:22:48.223Z,172.82847290000000839,-43.50405124000000257,3.52278935399999993,12.91015625000000000,MLv,,NonLinLoc,confirmed,manual,nz3drx,42,34,21,0.16534007300000000,99.42468735999999296,0.48050898359999999,0.27396549700000000
2012p242063,earthquake,2012-03-30T13:31:21.341Z,2014-06-29T19:25:07.974Z,172.12273509999999987,-43.46866411999999968,3.24905015800000019,9.80468750000000000,M,,NonLinLoc,confirmed,manual,nz3drx,36,26,15,0.17468068279999999,48.83103595000000041,0.59688311559999996,0.00000000000000000
2012p237575,earthquake,2012-03-28T21:40:14.225Z,2014-06-25T22:09:32.148Z,172.82855430000000752,-43.48548195000000050,3.44218395499999996,10.03906250000000000,M,,NonLinLoc,confirmed,manual,nz3drx,52,46,37,0.17428163229999999,99.04560789999999315,0.65249125959999998,0.00000000000000000
2012p234422,earthquake,2012-03-27T17:40:09.383Z,2014-06-24T22:04:20.916Z,171.54396529999999643,-43.17943799999999754,3.09487799399999997,12.00249999999999950,M,operator assigned,NonLinLoc,confirmed,manual,nz3drx,38,30,21,0.32496166820000000,69.94263721999999461,0.56074314920000001,0.00000000000000000
2012p234018,earthquake,2012-03-27T14:04:57.498Z,2014-07-01T02:44:19.559Z,172.62494570000001204,-43.58839588000000020,3.25689539499999992,10.09765625000000000,M,,NonLinLoc,confirmed,manual,nz3drx,53,45,1,0.01208248378000000,69.01449352999999576,0.44200043800000000,0.00000000000000000
2012p232408,earthquake,2012-03-26T23:47:10.853Z,2014-06-24T19:47:31.793Z,172.75584549999999240,-43.51011671999999919,3.04970929499999999,14.25781250000000000,M,,NonLinLoc,confirmed,manual,nz3drx,42,36,24,0.11667470130000000,90.15963571999999715,0.50518601429999999,0.00000000000000000
2012p227023,earthquake,2012-03-24T23:57:55.126Z,2014-06-23T21:24:02.148Z,172.28774530000001164,-43.59068008999999932,3.17090222200000005,14.14062500000000000,M,,NonLinLoc,confirmed,manual,nz3drx,30,22,14,0.10143207210000001,97.31580538000000047,0.46416192429999997,0.00000000000000000
2012p224792,earthquake,2012-03-24T04:09:38.473Z,2014-06-19T22:08:14.526Z,172.78338189999999486,-43.50276427000000012,3.74612114700000021,11.38671875000000000,M,,NonLinLoc,confirmed,manual,nz3drx,52,43,31,0.04777095464000000,91.77125320999999758,0.51125706969999996,0.00000000000000000
2012p221579,earthquake,2012-03-22T23:37:32.719Z,2014-07-01T02:32:39.148Z,172.10067219999999111,-43.59474005999999946,3.01296267499999981,10.33203125000000000,M,,NonLinLoc,confirmed,manual,nz3drx,31,25,1,0.10300784380000000,78.63288626000000647,0.42848655489999998,0.00000000000000000
2012p220814,earthquake,2012-03-22T16:49:44.206Z,2014-06-19T19:30:37.223Z,172.80858839999999077,-43.67125587000000309,3.47754057899999980,8.80859375000000000,M,,NonLinLoc,confirmed,manual,nz3drx,48,38,25,0.11743758550000000,67.11738239999999678,0.58566868530000005,0.00000000000000000
2012p207581,earthquake,2012-03-17T19:19:08.966Z,2014-06-16T21:44:21.651Z,172.78316219999999248,-43.50401004999999799,3.49018297900000007,10.33203125000000000,M,,NonLinLoc,confirmed,manual,nz3drx,50,40,23,0.13657336910000001,91.60226110000000688,0.53828271689999996,0.00000000000000000
2012p206748,earthquake,2012-03-17T11:55:24.206Z,2014-06-16T20:33:31.476Z,172.70994020000000546,-43.60292197999999786,4.12504684499999996,11.50390625000000000,M,,NonLinLoc,confirmed,manual,nz3drx,39,31,12,0.06841253202000000,84.32726434999999299,0.45336531540000002,0.00000000000000000
2012p203416,earthquake,2012-03-16T06:20:05.630Z,2014-06-12T21:54:07.120Z,172.54749960000000897,-43.61164940999999828,3.05673393999999998,5.76171875000000000,M,,NonLinLoc,confirmed,manual,nz3drx,31,26,11,0.06489711398000000,81.88341979999999865,0.39602998659999999,0.00000000000000000
2012p199801,earthquake,2012-03-14T22:13:58.044Z,2014-06-04T23:57:50.344Z,172.80770039999998744,-43.48655594000000235,3.21787933600000020,10.74218750000000000,M,,NonLinLoc,confirmed,manual,nz3drx,39,33,22,0.16096779319999999,98.66647598000000130,0.49082256540000002,0.00000000000000000
2012p182493,earthquake,2012-03-08T12:32:24.322Z,2014-05-01T19:39:17.005Z,172.83166330000000244,-43.46324306999999720,3.19081526100000001,11.26953125000000000,M,,NonLinLoc,confirmed,manual,nz3drx,32,28,17,0.18860790340000000,110.94243009999999572,0.33523677060000001,0.00000000000000000
2012p180855,earthquake,2012-03-07T21:59:49.142Z,2014-04-30T21:22:06.441Z,172.81266460000000507,-43.48544564000000179,3.12246387699999994,9.92187500000000000,M,,NonLinLoc,confirmed,manual,nz3drx,39,32,16,0.16457693520000000,98.20284906999999919,0.48076631230000000,0.00000000000000000
2012p175860,earthquake,2012-03-06T01:38:24.619Z,2014-06-23T21:06:02.060Z,171.97554690000001187,-43.35653332999999776,3.08095906700000022,6.58203125000000000,M,,NonLinLoc,confirmed,manual,nz3drx,23,15,7,0.03803080762000000,74.80448658999999623,0.45131343540000002,0.00000000000000000
2012p172139,earthquake,2012-03-04T16:35:39.119Z,2014-04-18T18:28:15.149Z,172.81612000000001217,-43.42962045000000160,3.52275689199999986,12.18249999999999922,M,operator assigned,NonLinLoc,confirmed,manual,nz3drx,36,28,14,0.20251282070000001,117.17138730000000635,0.56972297370000002,0.00000000000000000
2012p167881,earthquake,2012-03-03T02:47:29.987Z,2014-04-11T00:31:23.499Z,172.75892939999999953,-43.49267589000000100,3.80087923100000014,12.85156250000000000,MLv,,NonLinLoc,confirmed,manual,nz3drx,32,28,14,0.12904553650000000,108.55291769999999474,0.35874037840000000,0.22137734470000001
2012p166082,earthquake,2012-03-02T10:48:59.805Z,2014-05-22T01:54:10.753Z,172.17747159999998985,-43.60987089000000339,3.12687727200000021,7.75390625000000000,M,,NonLinLoc,confirmed,manual,nz3drx,24,18,6,0.06129243552000000,82.99573802999999828,0.40796995980000000,0.00000000000000000
2012p161604,earthquake,2012-02-29T19:02:36.557Z,2014-05-21T05:51:15.138Z,172.37256489999998621,-43.57535719999999912,3.89892576100000010,10.44921875000000000,M,,NonLinLoc,confirmed,manual,nz3drx,23,18,6,0.07566509516000000,110.30947890000000200,0.40561002099999999,0.00000000000000000
2012p160920,earthquake,2012-02-29T12:58:36.692Z,2014-05-21T05:03:35.703Z,172.81088890000000902,-43.47746543000000230,3.10368973500000012,10.03906250000000000,M,,NonLinLoc,confirmed,manual,nz3drx,18,14,16,0.16805859430000000,160.94245900000001370,0.41064936710000000,0.00000000000000000
2012p160539,earthquake,2012-02-29T09:35:22.155Z,2014-05-21T04:52:29.370Z,172.78001960000000281,-43.50830252000000087,3.36452001899999997,10.03906250000000000,M,,NonLinLoc,confirmed,manual,nz3drx,34,30,16,0.13239850440000001,115.28650279999999384,0.39527938089999998,0.00000000000000000
2012p149826,earthquake,2012-02-25T10:27:19.570Z,2014-06-04T03:35:22.769Z,172.83259960000000888,-43.46243513000000291,4.29511339799999980,15.37109375000000000,M,,NonLinLoc,confirmed,manual,nz3drx,31,29,90,0.08597193637000000,165.01173000000000002,0.21488863650000001,0.00000000000000000
2012p148238,earthquake,2012-02-24T20:21:27.132Z,2014-06-04T02:57:37.278Z,172.74347739999998907,-43.48117483000000050,3.31032388800000010,10.09765625000000000,M,,NonLinLoc,confirmed,manual,nz3drx,30,22,25,0.02435436242000000,150.55405289999998786,0.26733476280000001,0.00000000000000000
2012p144158,earthquake,2012-02-23T08:07:49.969Z,2014-06-03T21:23:41.590Z,172.55896219999999630,-43.60550642999999837,3.11563108700000013,6.52343750000000000,M,,NonLinLoc,confirmed,manual,nz3drx,22,16,5,0.01661074378000000,109.13908999999999594,0.30182001050000001,0.00000000000000000
2012p142382,earthquake,2012-02-22T16:21:26.305Z,2014-05-29T03:33:19.559Z,172.77018019999999865,-43.48298064000000096,3.84974221899999991,16.13281250000000000,M,,NonLinLoc,confirmed,manual,nz3drx,35,23,40,0.03708605735000000,154.39481810000000905,0.37891764160000002,0.00000000000000000
2012p133435,earthquake,2012-02-19T08:54:26.347Z,2014-05-27T01:50:16.317Z,172.77075160000001119,-43.51575900999999647,3.38694361499999985,8.92578125000000000,M,,NonLinLoc,confirmed,manual,nz3drx,22,16,5,0.04261110168000000,152.32733229999999480,0.34628630900000001,0.00000000000000000
2012p123336,earthquake,2012-02-15T15:13:53.957Z,2014-05-02T04:19:17.179Z,172.78202820000001338,-43.51964188000000178,3.87944706100000003,9.45452690099999948,M,,LOCSAT,confirmed,manual,iasp91,35,27,11,0.05184216797000000,128.73632240000000593,0.59017683229999995,0.00000000000000000
2012p116749,earthquake,2012-02-13T04:44:08.550Z,2014-04-30T01:49:46.315Z,172.73023489999999924,-43.51105523999999747,3.01951736000000004,14.96093750000000000,M,,NonLinLoc,confirmed,manual,nz3drx,16,10,17,0.10133251309999999,152.72205099999999334,0.46674499270000003,0.00000000000000000
2012p114439,earthquake,2012-02-12T08:13:13.114Z,2014-04-29T20:58:33.096Z,173.99420079999998734,-42.39546045000000163,3.03624445800000009,33.19749999999999801,M,operator assigned,NonLinLoc,confirmed,manual,nz3drx,22,17,9,0.33686064830000001,167.74699640000000045,0.68441516339999997,0.00000000000000000
2012p109191,earthquake,2012-02-10T09:36:52.015Z,2014-04-24T03:09:06.327Z,172.76636750000000120,-43.57656728999999984,3.88694719700000002,10.80078125000000000,M,,NonLinLoc,confirmed,manual,nz3drx,28,22,55,0.04166620410000000,153.04341719999999327,0.31111065700000001,0.00000000000000000
2012p104038,earthquake,2012-02-08T11:51:35.336Z,2014-04-23T03:30:43.911Z,172.76617509999999811,-43.63165227999999729,4.13043092000000023,6.81640625000000000,M,,NonLinLoc,confirmed,manual,nz3drx,29,23,70,0.03822617461000000,139.23361299999999119,0.38292303270000000,0.00000000000000000
2012p103840,earthquake,2012-02-08T10:06:27.757Z,2014-04-23T03:17:44.716Z,172.75444820000001300,-43.62589266999999893,4.08190621600000014,7.16796875000000000,M,,NonLinLoc,confirmed,manual,nz3drx,35,24,80,0.02799970848000000,138.04303699999999822,0.29948154469999999,0.00000000000000000
2012p103394,earthquake,2012-02-08T06:08:44.255Z,2014-04-23T01:11:25.643Z,172.69944970000000239,-43.58133741999999700,3.99077977100000014,10.33203125000000000,M,,NonLinLoc,confirmed,manual,nz3drx,21,17,49,0.05561091136000000,131.36230979999999136,0.25437463119999998,0.00000000000000000
2012p096586,earthquake,2012-02-05T17:41:20.642Z,2014-04-15T20:58:55.166Z,172.71823269999998729,-43.60107148000000166,3.22737208200000003,9.62890625000000000,M,,NonLinLoc,confirmed,manual,nz3drx,27,19,26,0.02231555658000000,140.08315609999999651,0.37476417000000001,0.00000000000000000
2012p094092,earthquake,2012-02-04T19:32:19.183Z,2014-04-17T02:28:44.255Z,172.81714289999999323,-42.12128427999999758,3.45046919500000016,53.63281250000000000,M,,NonLinLoc,confirmed,manual,nz3drx,21,15,54,0.36283976179999999,59.61752789999999891,0.35325821950000003,0.00000000000000000
2012p084524,earthquake,2012-02-01T06:34:25.340Z,2014-04-09T03:43:33.469Z,172.71976580000000467,-43.43563146000000330,3.54210040699999995,12.38281250000000000,M,,NonLinLoc,confirmed,manual,nz3drx,21,13,43,0.06146585653000000,149.86669639999999504,0.33600463850000001,0.00000000000000000
2012p080273,earthquake,2012-01-30T16:49:30.098Z,2014-04-08T23:31:46.490Z,172.78286850000000641,-43.55074471999999730,3.85516395500000009,8.45703125000000000,M,,NonLinLoc,confirmed,manual,nz3drx,27,19,47,0.05783524881000000,151.53959050000000275,0.27643198260000001,0.00000000000000000
2012p077529,earthquake,2012-01-29T16:27:32.358Z,2014-04-08T02:18:41.795Z,172.79475869999998849,-43.67733110999999724,3.20249222499999986,8.63281250000000000,M,,NonLinLoc,confirmed,manual,nz3drx,19,15,13,0.10609331480000000,136.50216270000001373,0.43120792749999998,0.00000000000000000
2012p073274,earthquake,2012-01-28T02:40:32.929Z,2014-04-03T01:19:11.901Z,172.82773320000001149,-43.45394935000000203,4.09067815299999982,15.72265625000000000,M,,NonLinLoc,confirmed,manual,nz3drx,37,25,57,0.08779392861000000,164.60960069999998723,0.28678234540000003,0.00000000000000000
2012p071137,earthquake,2012-01-27T07:42:00.242Z,2014-04-01T02:23:04.479Z,172.25527280000000019,-43.55969775999999882,4.53425316199999973,7.10937500000000000,M,,NonLinLoc,confirmed,manual,nz3drx,19,18,10,0.11671015870000000,84.18124005999999326,0.31175476959999998,0.00000000000000000
2012p066979,earthquake,2012-01-25T18:46:55.474Z,2014-04-09T02:44:13.166Z,172.80477970000001164,-43.48960264000000109,3.18492758799999987,12.08984375000000000,M,,NonLinLoc,confirmed,manual,nz3drx,21,15,24,0.06336580123000000,133.63463329999999019,0.28885925429999998,0.00000000000000000
2012p061687,earthquake,2012-01-23T19:46:54.557Z,2014-03-26T20:09:42.708Z,172.67754180000000019,-43.43192068999999833,3.24815854800000015,10.03906250000000000,M,,NonLinLoc,confirmed,manual,nz3drx,19,13,13,0.07157204132000000,144.45713259999999423,0.27863200799999999,0.00000000000000000
2012p058954,earthquake,2012-01-22T19:31:07.909Z,2014-03-26T01:35:45.479Z,172.44060260000000540,-43.56018304999999913,3.59958958800000017,8.45703125000000000,M,,NonLinLoc,confirmed,manual,nz3drx,16,11,4,0.13321244550000000,104.50585999999999842,0.42301370420000001,0.00000000000000000
2012p058758,earthquake,2012-01-22T17:46:17.689Z,2014-03-26T01:26:55.633Z,172.78091269999998758,-43.52126582999999727,4.46589553899999991,14.14062500000000000,M,,NonLinLoc,confirmed,manual,nz3drx,29,23,10,0.09542129132000000,131.22720150000000672,0.34696279289999998,0.00000000000000000
2012p058331,earthquake,2012-01-22T13:59:03.952Z,2014-03-26T01:05:43.313Z,172.65900080000000116,-43.53594280000000083,3.47759941599999989,13.61328125000000000,M,,NonLinLoc,confirmed,manual,nz3drx,21,15,12,0.02137253354000000,134.39593640000001074,0.29803182150000002,0.00000000000000000
2012p058088,earthquake,2012-01-22T11:49:44.337Z,2014-03-26T00:51:38.603Z,172.80209819999998899,-43.50934997000000237,3.36807729800000022,12.16499999999999915,M,operator assigned,NonLinLoc,confirmed,manual,nz3drx,14,10,3,0.22512875420000000,157.76033219999999346,0.39401134910000002,0.00000000000000000
2012p055609,earthquake,2012-01-21T13:48:55.395Z,2014-03-25T01:28:15.475Z,172.71808770000001232,-43.52573359000000153,3.01838037600000009,16.36718750000000000,M,,NonLinLoc,confirmed,manual,nz3drx,17,10,11,0.08535801618000000,143.55053770000000668,0.31335370130000001,0.00000000000000000
2012p054643,earthquake,2012-01-21T05:13:52.694Z,2014-03-25T00:57:20.953Z,172.42330340000000888,-43.59391810000000334,3.39425461200000012,9.62890625000000000,M,,NonLinLoc,confirmed,manual,nz3drx,14,10,16,0.14557888010000000,120.95664349999999843,0.27594004249999998,0.00000000000000000
2012p054611,earthquake,2012-01-21T04:57:05.672Z,2014-03-25T00:52:31.342Z,172.42284040000001255,-43.56593776999999790,3.18209015299999987,8.33984375000000000,M,,NonLinLoc,confirmed,manual,nz3drx,16,11,15,0.14542761790000000,107.32838250000000357,0.37239546439999999,0.00000000000000000
2012p053801,earthquake,2012-01-20T21:45:21.215Z,2014-03-24T23:05:15.808Z,172.41239859999998885,-43.59694664999999958,3.72403310500000018,11.62109375000000000,M,,NonLinLoc,confirmed,manual,nz3drx,24,13,15,0.15377454630000001,122.68155790000000138,0.43498866230000000,0.00000000000000000
2012p052910,earthquake,2012-01-20T13:50:55.661Z,2014-03-24T21:54:32.787Z,172.37764359999999897,-43.60409588000000269,3.61067421600000005,5.19500000000000028,M,operator assigned,NonLinLoc,confirmed,manual,nz3drx,17,11,19,0.14487558000000000,125.98064279999999826,0.77300256700000003,0.00000000000000000
2012p052719,earthquake,2012-01-20T12:08:53.529Z,2014-03-24T19:57:15.840Z,172.41506499999999846,-43.57364703999999733,3.78668214800000014,6.34765625000000000,M,,NonLinLoc,confirmed,manual,nz3drx,16,12,21,0.15065466340000000,110.90218969999999388,0.34131510710000001,0.00000000000000000
2012p048788,earthquake,2012-01-19T01:14:33.180Z,2014-03-20T21:54:54.632Z,172.78520579999999995,-43.50594644000000244,3.29252910499999984,14.02343750000000000,M,,NonLinLoc,confirmed,manual,nz3drx,23,16,11,0.06050939710000000,130.12489270000000374,0.29310863529999998,0.00000000000000000
2012p045534,earthquake,2012-01-17T20:20:40.530Z,2014-03-19T04:41:47.948Z,172.78748870000001148,-43.46594620999999847,3.01728057200000022,16.60156250000000000,M,,NonLinLoc,confirmed,manual,nz3drx,16,13,6,0.16224301420000001,131.96982149999999478,0.32220628070000001,0.00000000000000000
2012p043955,earthquake,2012-01-17T06:19:44.226Z,2014-03-19T03:28:05.026Z,172.79361410000001342,-43.63869396999999850,3.87086724800000015,9.98046875000000000,M,,NonLinLoc,confirmed,manual,nz3drx,32,30,13,0.08509276942000001,102.92942800000000148,0.21190743760000000,0.00000000000000000
2012p040364,earthquake,2012-01-15T22:26:16.803Z,2014-03-18T00:20:27.886Z,172.79609819999998876,-43.47120025000000254,3.23505586899999997,10.27343750000000000,M,,NonLinLoc,confirmed,manual,nz3drx,18,11,17,0.13387708760000000,167.98961860000000001,0.33788350330000000,0.00000000000000000
2012p039191,earthquake,2012-01-15T12:01:22.789Z,2014-03-17T21:50:40.717Z,172.81463590000001318,-43.47423367999999755,3.04069383899999979,7.69531250000000000,M,,NonLinLoc,confirmed,manual,nz3drx,15,11,9,0.14583472489999999,171.31620970000000170,0.34448745009999998,0.00000000000000000
2012p038685,earthquake,2012-01-15T07:31:51.702Z,2014-03-13T02:58:26.594Z,172.75298300000000040,-43.53528498000000013,3.38591086500000005,10.33203125000000000,M,,NonLinLoc,confirmed,manual,nz3drx,17,13,14,0.04590233908000000,154.75445519999999533,0.36058180600000000,0.00000000000000000
2012p038252,earthquake,2012-01-15T03:40:50.001Z,2014-03-13T02:06:46.398Z,172.75281899999998814,-43.54070590999999979,3.39529991599999992,9.98046875000000000,M,,NonLinLoc,confirmed,manual,nz3drx,18,14,14,0.05044804872000000,154.20862729999998919,0.38935368840000001,0.00000000000000000
2012p037553,earthquake,2012-01-14T21:28:14.083Z,2014-03-13T21:35:50.106Z,172.52605470000000309,-43.59371627000000160,3.54691042299999992,10.03906250000000000,M,,NonLinLoc,confirmed,manual,nz3drx,16,11,28,0.07222574307000000,111.57714359999999942,0.29826943719999999,0.00000000000000000
2012p037252,earthquake,2012-01-14T18:48:09.294Z,2014-03-12T22:24:27.156Z,172.73928929999999582,-43.54073733999999973,3.39395510700000003,9.98046875000000000,M,,NonLinLoc,confirmed,manual,nz3drx,25,18,6,0.03437927221000000,151.67996289999999249,0.42132278750000002,0.00000000000000000
2012p037172,earthquake,2012-01-14T18:05:31.247Z,2014-03-12T22:15:37.868Z,172.75464539999998692,-43.55286128000000190,3.36562699700000012,8.92578125000000000,M,,NonLinLoc,confirmed,manual,nz3drx,24,21,7,0.04909458257000000,122.78590379999999982,0.24388917390000001,0.00000000000000000
2012p036957,earthquake,2012-01-14T16:10:49.361Z,2014-03-12T04:14:55.140Z,172.69600330000000099,-43.43975215999999762,3.36091254500000014,7.05078125000000000,M,,NonLinLoc,confirmed,manual,nz3drx,19,14,11,0.05957112040000000,158.30130700000000843,0.25037299210000002,0.00000000000000000
2012p036688,earthquake,2012-01-14T13:47:51.718Z,2014-03-12T04:01:16.241Z,172.76558239999999955,-43.55400790000000200,4.73025039799999991,10.09765625000000000,M,,NonLinLoc,confirmed,manual,nz3drx,52,47,15,0.04835769835000000,107.74724039999999547,0.27784289559999997,0.00000000000000000
2012p036353,earthquake,2012-01-14T10:48:58.482Z,2014-03-12T03:12:12.238Z,170.61502269999999726,-44.22226809000000003,3.15673334699999986,5.02249999999999996,M,operator assigned,NonLinLoc,confirmed,manual,nz3drx,15,13,8,0.34511127940000003,106.27995070000000055,0.60589394480000003,0.00000000000000000
2012p035609,earthquake,2012-01-14T04:12:35.302Z,2014-03-11T22:54:43.265Z,172.68879670000001170,-43.56517378000000207,3.07768949899999988,12.32421875000000000,M,,NonLinLoc,confirmed,manual,nz3drx,21,16,5,0.02072589748000000,133.95653599999999983,0.34941085910000003,0.00000000000000000
2012p035020,earthquake,2012-01-13T22:59:08.522Z,2014-03-12T21:44:30.078Z,172.73476099999999178,-43.53038288999999850,3.05651752099999996,22.69531250000000000,M,,NonLinLoc,confirmed,manual,nz3drx,14,10,7,0.09298340553999999,151.83152390000000764,0.30993945890000002,0.00000000000000000
2012p030624,earthquake,2012-01-12T07:56:56.508Z,2014-03-03T22:40:01.575Z,172.79324360000001093,-43.42875804999999900,4.76756693499999962,13.02734375000000000,ML,,NonLinLoc,confirmed,manual,nz3drx,34,27,6,0.08734057387999999,184.75444479999998748,0.21676462360000001,0.25198809719999998
2012p029675,,2012-01-11T23:30:53.183Z,2014-01-09T07:23:46.942Z,172.84222439999999210,-43.41659428999999903,3.05956168099999992,5.11718750000000000,M,,NonLinLoc,,automatic,nz3drx,29,29,14,0.22504476209999999,122.11759019999999509,0.67007530080000000,0.00000000000000000
2012p029171,earthquake,2012-01-11T19:02:25.613Z,2016-07-25T02:17:40.509Z,172.84870910000000777,-43.49820709000000107,3.34642655900000019,6.82302236600000001,M,,LOCSAT,confirmed,manual,iasp91,36,30,16,0.18174627420000000,132.96124270000001388,0.39697867879999998,0.00000000000000000
2012p028532,earthquake,2012-01-11T13:22:16.584Z,2014-03-04T04:38:10.841Z,172.75977950000000760,-43.54633005000000168,3.31239356999999979,9.86328125000000000,M,,NonLinLoc,confirmed,manual,nz3drx,32,27,12,0.04465888362000000,124.03063600000000122,0.30947508759999998,0.00000000000000000
2012p027283,earthquake,2012-01-11T02:16:30.155Z,2014-03-04T03:34:48.468Z,172.82258809999999016,-43.44253418000000266,3.02612987299999991,10.21484375000000000,M,,NonLinLoc,confirmed,manual,nz3drx,16,11,4,0.13214834230000000,174.83447609999998917,0.27677140979999998,0.00000000000000000
2012p026403,earthquake,2012-01-10T18:27:52.422Z,2014-03-03T04:23:20.405Z,172.85783490000000029,-43.53159861999999691,3.36965854799999986,15.13671875000000000,M,,NonLinLoc,confirmed,manual,nz3drx,21,16,11,0.09527225777999999,194.70375980000000027,0.17211159060000000,0.00000000000000000
2012p026139,earthquake,2012-01-10T16:07:21.510Z,2014-03-03T03:49:05.304Z,172.80220790000001330,-43.50872709000000071,3.55489541400000020,13.37890625000000000,M,,NonLinLoc,confirmed,manual,nz3drx,25,20,12,0.05167298769000000,157.81688230000000317,0.19810778200000001,0.00000000000000000
2012p026105,earthquake,2012-01-10T15:49:14.507Z,2014-03-03T03:35:47.757Z,172.75657300000000305,-43.53747416000000214,3.40424354200000012,10.68359375000000000,M,,NonLinLoc,confirmed,manual,nz3drx,15,11,4,0.10417733600000000,148.39533700000001204,0.37515717339999999,0.00000000000000000
2012p026104,earthquake,2012-01-10T15:48:34.964Z,2014-03-03T03:18:27.402Z,172.78049340000001166,-43.55067697999999865,3.63628278199999988,10.91796875000000000,M,,NonLinLoc,confirmed,manual,nz3drx,25,20,8,0.05667517933000000,151.14748380000000338,0.28001505719999997,0.00000000000000000
2012p024799,earthquake,2012-01-10T04:13:13.182Z,2014-03-02T21:47:17.540Z,172.81753219999998805,-43.53462228000000067,3.10150857399999991,15.37109375000000000,M,,NonLinLoc,confirmed,manual,nz3drx,11,8,4,0.14687527060000000,167.43093820000001415,0.27430055199999998,0.00000000000000000
2012p023405,earthquake,2012-01-09T15:50:27.612Z,2014-03-04T22:49:44.447Z,172.81774939999999674,-43.45199480000000136,3.02096624300000016,11.85546875000000000,M,,NonLinLoc,confirmed,manual,nz3drx,20,12,17,0.13408115390000000,163.17024290000000519,0.37927613719999997,0.00000000000000000
2012p023269,earthquake,2012-01-09T14:38:14.447Z,2014-03-04T22:37:35.024Z,172.80881830000001287,-43.49827348000000171,3.85209211799999984,11.91406250000000000,M,,NonLinLoc,confirmed,manual,nz3drx,21,14,19,0.12847127980000000,159.50417999999999097,0.36091038360000000,0.00000000000000000
2012p023047,earthquake,2012-01-09T12:39:40.954Z,2014-03-04T22:20:46.577Z,172.79834149999999227,-43.45394447000000326,3.18082964900000009,10.68359375000000000,M,,NonLinLoc,confirmed,manual,nz3drx,17,13,12,0.12376047870000000,160.16221619999998893,0.29343058799999999,0.00000000000000000
2012p021996,earthquake,2012-01-09T03:19:53.752Z,2014-02-27T02:22:28.815Z,172.75619850000001065,-43.57106046999999904,3.53084145899999990,14.49218750000000000,M,,NonLinLoc,confirmed,manual,nz3drx,17,12,15,0.09660942554000000,145.17772420000000011,0.44737332769999999,0.00000000000000000
2012p019353,earthquake,2012-01-08T03:51:26.502Z,2014-02-26T02:31:48.756Z,172.77541320000000269,-43.55241018000000253,3.09582592800000000,15.19531250000000000,M,,NonLinLoc,confirmed,manual,nz3drx,16,11,13,0.11290720230000000,157.40194529999999418,0.44826176569999998,0.00000000000000000
2012p016965,earthquake,2012-01-07T06:39:08.338Z,2014-03-03T22:43:38.981Z,172.77628110000000561,-43.52948067999999893,3.10648787000000004,10.85937500000000000,M,,NonLinLoc,confirmed,manual,nz3drx,14,11,28,0.12041093660000000,159.71926039999999603,0.29526446899999997,0.00000000000000000
2012p016332,earthquake,2012-01-07T01:01:59.479Z,2014-02-25T22:19:14.677Z,172.77142269999998803,-43.52996808999999701,4.50217161499999996,10.91796875000000000,M,,NonLinLoc,confirmed,manual,nz3drx,83,80,43,0.03734792769000000,109.05149210000000437,0.37050383799999997,0.00000000000000000
2012p015958,earthquake,2012-01-06T21:42:54.704Z,2014-02-26T01:13:05.971Z,172.80209819999998899,-43.50934997000000237,3.30558655299999993,12.00500000000000078,M,operator assigned,NonLinLoc,confirmed,manual,nz3drx,19,13,15,0.14587910200000001,157.76033219999999346,0.41209066560000002,0.00000000000000000
2012p015321,earthquake,2012-01-06T16:03:02.408Z,2014-02-26T00:35:12.049Z,172.80209819999998899,-43.50934997000000237,3.10201112599999984,12.14499999999999957,M,operator assigned,NonLinLoc,confirmed,manual,nz3drx,22,18,17,0.14587910200000001,156.43748160000001235,0.49120261809999999,0.00000000000000000
2012p014913,earthquake,2012-01-06T12:25:56.654Z,2014-02-25T23:41:47.133Z,172.79405810000000088,-43.52790111000000195,3.70744793800000005,13.32031250000000000,M,,NonLinLoc,confirmed,manual,nz3drx,18,14,14,0.11539973830000000,155.20187709999999015,0.45760521599999998,0.00000000000000000
2012p014905,earthquake,2012-01-06T12:21:36.097Z,2014-02-25T22:54:58.005Z,172.77269659999998908,-43.53626469999999671,5.22110909800000034,11.97265625000000000,M,,NonLinLoc,confirmed,manual,nz3drx,25,22,106,0.05581618905000000,150.27383090000000720,0.32290065959999997,0.00000000000000000
2012p014309,earthquake,2012-01-06T07:04:15.734Z,2014-02-25T22:20:08.741Z,172.74415170000000330,-43.55819632000000041,4.45953263400000033,18.24218750000000000,M,,NonLinLoc,confirmed,manual,nz3drx,22,16,15,0.07328310575999999,144.53992890000000671,0.32921720010000000,0.00000000000000000
2012p013687,earthquake,2012-01-06T01:32:51.428Z,2014-02-25T21:43:54.985Z,172.80209819999998899,-43.50934997000000237,3.00432400600000005,5.03500000000000014,M,operator assigned,NonLinLoc,confirmed,manual,nz3drx,14,12,6,0.14587910200000001,132.47613160000000221,0.58083047139999999,0.00000000000000000
2012p013665,earthquake,2012-01-06T01:20:56.273Z,2014-02-25T21:37:17.230Z,172.90800350000000662,-43.48566350000000114,4.96405001399999968,5.00250000000000039,M,operator assigned,NonLinLoc,confirmed,manual,nz3drx,27,24,77,0.18007607630000000,196.07061659999999392,0.60343788659999997,0.00000000000000000
2012p013662,earthquake,2012-01-06T01:19:10.305Z,2014-01-28T01:56:18.369Z,172.82561400000000162,-43.51127309999999682,3.47034687799999997,10.03906250000000000,M,,NonLinLoc,confirmed,manual,nz3drx,27,21,41,0.16042798170000000,118.51849380000000167,0.48431959489999998,0.00000000000000000
2012p013034,earthquake,2012-01-05T19:44:50.366Z,2013-12-13T01:37:15.665Z,172.78317260000000033,-43.48964310000000211,3.01078263999999995,5.00000000000000000,ML,operator assigned,LOCSAT,confirmed,manual,iasp91,18,11,13,0.14517958459999999,164.12278749999998695,0.30304352179999999,0.47999313440000002
2012p012304,earthquake,2012-01-05T13:15:51.345Z,2013-12-11T22:21:43.942Z,172.82173159999999257,-43.45420073999999744,3.58347387500000014,5.00000000000000000,ML,operator assigned,LOCSAT,confirmed,manual,iasp91,21,12,34,0.18922586740000000,163.55510530000000813,0.25117356930000001,0.38626371739999998
2012p011918,earthquake,2012-01-05T09:50:09.250Z,2013-12-10T04:36:38.199Z,172.80210880000001339,-43.50733184999999992,3.02732137199999984,4.69843912099999983,M,,LOCSAT,confirmed,manual,iasp91,20,13,4,0.05148306116000000,166.43244930000000181,0.47437769580000000,0.00000000000000000
2012p010421,earthquake,2012-01-04T20:32:32.868Z,2013-12-09T02:09:53.072Z,172.79798890000000711,-43.51347733000000062,3.18781745099999991,5.00000000000000000,ML,operator assigned,LOCSAT,confirmed,manual,iasp91,20,10,17,0.14188265799999999,165.14739990000001058,0.38078818850000001,0.44619216070000001
2012p010336,earthquake,2012-01-04T19:47:16.559Z,2013-12-06T04:40:26.827Z,172.82325739999998859,-43.47948836999999855,3.00294061899999987,5.00000000000000000,ML,operator assigned,LOCSAT,confirmed,manual,iasp91,15,10,16,0.17487886550000001,172.53793329999999173,0.25386605089999997,0.29220077109999998
2012p010301,earthquake,2012-01-04T19:28:54.430Z,2014-08-01T02:46:41.109Z,172.84255980000000363,-43.49620055999999835,4.63992379300000035,5.00000000000000000,M,operator assigned,LOCSAT,confirmed,manual,iasp91,20,12,4,0.08161859958999999,175.20935059999999339,0.17707719210000000,0.00000000000000000
2012p009405,earthquake,2012-01-04T11:31:15.349Z,2013-12-05T04:13:49.158Z,172.83575440000001322,-43.43601989999999802,4.08056561500000026,5.00000000000000000,ML,operator assigned,LOCSAT,confirmed,manual,iasp91,23,14,68,0.13814200460000001,139.03441430000000878,0.41037569130000001,0.36698825650000000
2012p009145,earthquake,2012-01-04T09:12:55.603Z,2013-12-05T03:46:22.571Z,172.76589970000000562,-43.53178024000000335,3.29507058100000005,5.00000000000000000,ML,operator assigned,LOCSAT,confirmed,manual,iasp91,18,15,20,0.11300389470000000,150.16222669999999084,0.34622992089999999,0.38067377419999998
2012p008674,earthquake,2012-01-04T05:01:59.786Z,2013-12-04T02:40:36.530Z,172.83129880000001322,-43.42570495999999736,3.39965913499999983,5.00000000000000000,ML,operator assigned,LOCSAT,confirmed,manual,iasp91,18,10,25,0.21365419029999999,177.41616819999998711,0.30744131130000002,0.30506429460000001
2012p008608,earthquake,2012-01-04T04:26:28.412Z,2013-12-04T01:44:26.167Z,172.76843260000001123,-43.49537658999999934,3.42809840299999991,5.00000000000000000,ML,operator assigned,LOCSAT,confirmed,manual,iasp91,16,10,20,0.13316711780000001,160.90328980000001025,0.30689559010000000,0.38142273789999998
2012p007760,earthquake,2012-01-03T20:54:50.649Z,2013-11-17T22:48:06.437Z,172.84950259999999389,-43.43035506999999740,3.46709421600000001,5.00000000000000000,ML,operator assigned,LOCSAT,confirmed,manual,iasp91,17,14,32,0.22012797000000001,140.98553089999998633,0.34930940469999999,0.29255401900000000
2012p007406,earthquake,2012-01-03T17:46:17.428Z,2013-11-15T04:36:48.253Z,172.83834840000000099,-43.49251174999999847,4.01313273800000037,8.42732810999999948,ML,,LOCSAT,confirmed,manual,iasp91,21,17,24,0.08779999614000000,138.32682230000000345,0.34318057920000000,0.33215019600000001
2012p007374,earthquake,2012-01-03T17:29:19.590Z,2013-11-15T04:29:39.095Z,172.77769470000001206,-43.48060225999999773,3.07903576700000015,5.00000000000000000,M,operator assigned,LOCSAT,confirmed,manual,iasp91,15,10,4,0.14770434800000001,163.74610899999998992,0.27133556430000000,0.00000000000000000
2012p007258,earthquake,2012-01-03T16:27:05.377Z,2013-11-15T04:05:41.392Z,172.80650330000000281,-43.43466948999999744,4.00089262699999981,5.00000000000000000,ML,operator assigned,LOCSAT,confirmed,manual,iasp91,23,16,57,0.11847082530000000,135.08990479999999934,0.50937016250000000,0.34800795080000002
2012p005984,earthquake,2012-01-03T05:08:39.402Z,2013-11-13T21:46:32.469Z,172.84129329999998959,-43.43955611999999888,3.11697786800000021,5.00000000000000000,M,operator assigned,LOCSAT,confirmed,manual,iasp91,33,27,15,0.20956861969999999,130.51140979999999558,0.65375657789999997,0.00000000000000000
2012p004448,earthquake,2012-01-02T15:30:11.217Z,2013-10-24T21:39:23.800Z,172.78398129999999355,-43.52289581000000140,3.86537759500000000,5.00000000000000000,MLv,operator assigned,LOCSAT,confirmed,manual,tab,17,12,52,0.12863023579999999,153.74989769999999112,0.38108129169999999,0.46072706040000000
2012p003781,earthquake,2012-01-02T09:35:02.100Z,2013-10-24T01:11:57.106Z,172.84303280000000314,-43.44067383000000149,3.77827600999999991,5.00000000000000000,MLv,operator assigned,LOCSAT,confirmed,manual,iasp91,22,15,4,0.10716668520000000,199.46473689999999124,0.24589122960000001,0.43871002560000000
2012p003376,earthquake,2012-01-02T05:59:15.371Z,2013-10-21T23:09:19.122Z,172.82008360000000380,-43.44728469999999731,4.88629921700000036,5.00000000000000000,MLv,operator assigned,LOCSAT,confirmed,manual,iasp91,18,12,24,0.19287459550000000,163.59245839999999816,0.27711745690000000,0.36420289420000002
2012p002915,earthquake,2012-01-02T01:53:12.155Z,2013-10-21T02:03:02.791Z,172.82907099999999900,-43.43862534000000153,3.63427330599999987,5.00000000000000000,MLv,operator assigned,LOCSAT,confirmed,manual,iasp91,15,10,52,0.20354425910000001,176.22631839999999670,0.19340536929999999,0.43283291909999999
2012p002903,earthquake,2012-01-02T01:47:06.597Z,2013-10-20T22:41:03.502Z,172.82373050000001058,-43.43544388000000112,3.62760864500000002,5.00000000000000000,MLv,operator assigned,LOCSAT,confirmed,manual,iasp91,13,10,42,0.20289883019999999,175.40449520000001371,0.24883638010000000,0.52644666699999998
2012p002874,earthquake,2012-01-02T01:31:39.970Z,2013-10-18T04:36:26.017Z,172.84426880000000892,-43.45874022999999653,3.29926931299999993,5.00000000000000000,MLv,operator assigned,LOCSAT,confirmed,manual,iasp91,16,10,16,0.19930848479999999,177.91862489999999752,0.34874996670000002,0.28414572420000000
2012p002795,earthquake,2012-01-02T00:49:41.941Z,2013-10-18T04:10:55.005Z,172.79949949999999603,-43.50361251999999723,3.16103367199999985,5.00000000000000000,MLv,operator assigned,LOCSAT,confirmed,manual,iasp91,16,10,14,0.14748521149999999,166.20895390000001157,0.24732293140000000,0.41195170570000000
2012p002643,earthquake,2012-01-01T23:28:23.477Z,2013-10-18T03:08:23.479Z,172.83222960000000512,-43.45083237000000054,3.77301015099999981,5.00000000000000000,MLv,operator assigned,LOCSAT,confirmed,manual,iasp91,19,10,39,0.19724944229999999,176.08882140000000049,0.25100657659999998,0.45312287690000003
2012p002399,earthquake,2012-01-01T21:18:26.838Z,2013-10-17T04:40:47.656Z,172.79101560000000859,-43.53750228999999905,3.68994815000000020,5.00000000000000000,MLv,operator assigned,LOCSAT,confirmed,manual,iasp91,15,10,48,0.06681190431000000,161.74420169999999075,0.24127650610000001,0.46132358039999999
2012p002372,earthquake,2012-01-01T21:04:00.414Z,2013-10-17T04:32:52.997Z,172.82377619999999752,-43.43861388999999917,3.47260775900000018,5.00000000000000000,MLv,operator assigned,LOCSAT,confirmed,manual,iasp91,14,10,4,0.20073254409999999,175.22207639999999174,0.31019627970000002,0.34994989189999998
2012p002254,earthquake,2012-01-01T20:01:12.290Z,2013-10-17T01:54:54.568Z,172.79347229999999058,-43.44071960000000132,4.10201984600000014,5.00000000000000000,MLv,operator assigned,LOCSAT,confirmed,manual,iasp91,18,13,73,0.11343330140000001,169.37362669999998843,0.41597826020000001,0.43282049659999999
2012p002178,earthquake,2012-01-01T19:20:57.094Z,2013-10-16T21:34:23.961Z,172.82931519999999637,-43.44052504999999798,3.01168790299999989,5.00000000000000000,MLv,operator assigned,LOCSAT,confirmed,manual,iasp91,15,9,4,0.13589811330000001,176.15844730000000595,0.33963206239999999,0.48552120479999999
2012p002089,earthquake,2012-01-01T18:33:35.670Z,2014-01-27T00:51:40.958Z,172.79008479999998826,-43.45469666000000331,3.34671631699999983,5.00000000000000000,M,operator assigned,LOCSAT,confirmed,manual,iasp91,22,18,7,0.11978112909999999,132.42007830000000013,0.40286033809999999,0.00000000000000000
2012p002085,earthquake,2012-01-01T18:31:35.403Z,2013-10-16T04:59:41.648Z,172.81396480000000793,-43.44034194999999698,3.05692879599999978,5.00000000000000000,ML,operator assigned,LOCSAT,confirmed,manual,iasp91,15,10,4,0.19438718260000001,173.25842289999999934,0.19551344430000001,0.55801923929999997
2012p002064,earthquake,2012-01-01T18:19:56.119Z,2013-10-16T02:29:28.970Z,172.81590270000000942,-43.44123076999999711,3.57407120799999989,5.00000000000000000,ML,operator assigned,LOCSAT,confirmed,manual,iasp91,11,11,29,0.12763939799999999,163.21023650000000771,0.29864825820000002,0.31184323260000002
2012p002007,earthquake,2012-01-01T17:49:46.798Z,2013-10-15T04:49:25.048Z,172.79333500000001322,-43.46442032000000211,3.80754140099999994,5.00000000000000000,MLv,operator assigned,LOCSAT,confirmed,manual,iasp91,15,10,4,0.14278329910000001,189.93864439999998694,0.36682459519999999,0.59101207919999998
2012p002009,earthquake,2012-01-01T17:49:38.491Z,2013-10-15T21:07:02.679Z,172.81629939999999124,-43.50256729000000178,3.03847959799999989,5.00000000000000000,ML,operator assigned,LOCSAT,confirmed,manual,iasp91,18,13,4,0.15871065860000000,160.32636310000000890,0.32928525850000001,0.10391751000000000
2012p001927,earthquake,2012-01-01T17:06:45.604Z,2013-10-14T01:34:13.270Z,172.84321589999998992,-43.44796752999999967,4.07891974300000015,5.00000000000000000,MLv,operator assigned,LOCSAT,confirmed,manual,iasp91,17,11,64,0.20526027680000000,167.09803769999999190,0.22270941459999999,0.41323699739999997
2012p001904,earthquake,2012-01-01T16:54:43.751Z,2013-10-13T21:51:44.305Z,172.81623840000000314,-43.43920134999999760,3.79027855799999980,5.00000000000000000,MLv,operator assigned,LOCSAT,confirmed,manual,iasp91,16,10,28,0.19636799399999999,173.75836179999998876,0.27623950170000000,0.35626432299999999
2012p001902,earthquake,2012-01-01T16:53:38.056Z,2013-10-10T04:04:59.416Z,172.79791259999998942,-43.45574950999999686,3.46148828199999992,5.00000000000000000,MLv,operator assigned,LOCSAT,confirmed,manual,iasp91,21,12,13,0.17527771000000000,159.87365879999998697,0.33768635540000003,0.39610595139999999
2012p001898,earthquake,2012-01-01T16:51:29.191Z,2013-10-10T22:36:47.914Z,172.80796810000001074,-43.44513321000000161,3.36923990500000015,6.67287826499999959,MLv,,LOCSAT,confirmed,manual,iasp91,18,10,3,0.18791547419999999,171.82826230000000578,0.47362446770000000,0.59009334869999996
2012p001896,earthquake,2012-01-01T16:50:17.269Z,2013-10-11T02:54:38.319Z,172.80554200000000264,-43.44802855999999736,4.27405421499999960,4.70508861500000020,MLv,,LOCSAT,confirmed,manual,iasp91,19,12,40,0.14609846470000001,171.18830869999999322,0.25187410859999998,0.41844106549999999
2012p001892,earthquake,2012-01-01T16:48:11.160Z,2013-10-07T04:18:53.549Z,172.72700499999999124,-43.37711334000000107,4.17441109900000029,7.21749114999999986,MLv,,LOCSAT,confirmed,manual,iasp91,13,9,3,0.21309699120000000,184.01812509999999179,0.46449575469999999,0.53027603050000005
2012p001889,earthquake,2012-01-01T16:46:36.647Z,2013-10-07T23:54:09.012Z,172.80599979999999505,-43.46262360000000058,4.19505962399999976,5.77719545400000012,MLv,,LOCSAT,confirmed,manual,iasp91,20,12,4,0.07282071561000000,160.77298250000001190,0.65785823020000000,0.65323100509999998
2012p001887,earthquake,2012-01-01T16:45:17.101Z,2013-10-07T04:00:52.388Z,172.80851749999999356,-43.46715546000000074,5.45854975099999962,11.87032986000000001,MLv,,LOCSAT,confirmed,manual,iasp91,19,12,25,0.07245284319000000,160.94247020000000248,0.42369655060000000,0.36478492820000002
2012p001886,earthquake,2012-01-01T16:45:05.113Z,2014-12-04T02:29:24.032Z,172.81060790000000793,-43.45058440999999760,5.31490144600000036,9.76599407199999980,M,,LOCSAT,confirmed,manual,iasp91,38,23,10,0.08197247236999999,134.62083630000000767,0.35937086680000002,0.00000000000000000
2012p001809,earthquake,2012-01-01T16:03:52.033Z,2013-09-30T05:02:20.507Z,172.81927490000001058,-43.44015884000000227,3.51469965300000009,5.00000000000000000,M,operator assigned,LOCSAT,confirmed,manual,iasp91,24,17,7,0.19729234279999999,136.71529580000000692,0.49199450550000001,0.00000000000000000
2012p001636,earthquake,2012-01-01T14:31:41.750Z,2013-09-30T03:57:49.056Z,172.72946820000001367,-43.43465662999999921,3.01181746299999986,10.85937500000000000,ML,,NonLinLoc,confirmed,manual,nz3drx,19,11,18,0.16111921870000001,151.24403620000001069,0.42669652810000003,0.49513964210000000
2012p001501,earthquake,2012-01-01T13:20:19.369Z,2014-01-27T00:14:09.751Z,172.82461549999999306,-43.44495392000000322,3.29098158300000021,5.00000000000000000,M,operator assigned,LOCSAT,confirmed,manual,iasp91,22,16,20,0.19688640530000001,137.36556429999998841,0.48083613419999999,0.00000000000000000
2012p001410,earthquake,2012-01-01T12:31:27.106Z,2013-09-24T02:30:36.127Z,172.82347110000000612,-43.44514846999999946,4.37641047400000005,5.00000000000000000,MLv,operator assigned,LOCSAT,confirmed,manual,iasp91,16,12,56,0.19613683220000000,164.19170650000000933,0.30423332339999998,0.36366818919999999
2012p001403,earthquake,2012-01-01T12:27:57.130Z,2013-09-23T22:36:52.871Z,172.83250430000001074,-43.46253966999999818,5.08947453299999975,9.00511646300000024,MLv,,LOCSAT,confirmed,manual,iasp91,24,19,96,0.08592516184000000,164.86868290000001025,0.39184284899999999,0.37796693370000001
2012p001024,earthquake,2012-01-01T09:05:48.463Z,2016-03-03T22:34:45.186Z,172.76574709999999868,-43.53440856999999653,3.73735419100000010,4.68149757399999977,M,,LOCSAT,confirmed,manual,iasp91,22,18,4,0.05103997886000000,157.10481260000000248,0.38627029169999999,0.00000000000000000
2012p000747,earthquake,2012-01-01T06:38:27.270Z,2016-03-03T21:40:40.888Z,172.78413390000000049,-43.50244904000000190,3.14920751799999987,6.86150074000000032,M,,LOCSAT,confirmed,manual,iasp91,18,13,7,0.13849475980000001,129.88260080000000585,0.27868211399999998,0.00000000000000000
3635532,earthquake,2011-12-31T12:08:10.911Z,2013-09-30T14:28:00.000Z,172.76721000000000572,-43.48156000000000176,3.25199999999999978,5.00000000000000000,ML,operator assigned,GROPE,reviewed,manual,nz1dr,22,13,11,0.11799999999999999,162.00000000000000000,0.31275999999999998,0.16200000000000001
3635489,earthquake,2011-12-31T10:01:21.279Z,2013-09-05T11:52:00.000Z,172.82332999999999856,-43.52255999999999858,3.24100000000000010,16.07169999999999987,ML,,GROPE,reviewed,manual,nz1dr,12,9,9,0.15500000000000000,188.00000000000000000,0.11257000000000000,0.16100000000000000
3635480,earthquake,2011-12-31T09:31:15.610Z,2013-09-05T11:52:00.000Z,172.81154000000000792,-43.53242000000000189,3.35300000000000020,9.08380000000000010,ML,,GROPE,reviewed,manual,nz1dr,24,19,12,0.05600000000000000,186.00000000000000000,0.14288000000000001,0.22600000000000001
3635382,earthquake,2011-12-31T04:42:54.800Z,2013-09-05T11:52:00.000Z,172.79410999999998921,-43.48349000000000331,3.14199999999999990,5.00000000000000000,ML,operator assigned,GROPE,reviewed,manual,nz1dr,15,12,9,0.14199999999999999,177.00000000000000000,0.24976999999999999,0.25800000000000001
3635314,earthquake,2011-12-31T00:58:44.105Z,2013-09-05T11:52:00.000Z,172.79872000000000298,-43.54010999999999854,3.07500000000000018,12.00000000000000000,ML,operator assigned,GROPE,reviewed,manual,nz1dr,12,10,5,0.13300000000000001,186.00000000000000000,0.15207000000000001,0.13400000000000001
3635309,earthquake,2011-12-31T00:44:47.585Z,2013-09-05T11:52:00.000Z,172.76920000000001210,-43.51597999999999900,4.50000000000000000,9.29149999999999920,Mw,,GROPE,reviewed,manual,nz1dr,63,56,0,0.02900000000000000,135.00000000000000000,0.25934000000000001,0.00000000000000000
3635283,earthquake,2011-12-30T23:38:32.161Z,2013-09-05T11:51:00.000Z,172.80167000000000144,-43.53777000000000186,3.26900000000000013,7.09290000000000020,ML,,GROPE,reviewed,manual,nz1dr,16,9,9,0.07300000000000000,239.00000000000000000,0.27390999999999999,0.18099999999999999
3635247,earthquake,2011-12-30T22:01:09.663Z,2013-09-05T11:51:00.000Z,172.84083999999998582,-43.66026999999999703,3.34299999999999997,5.80280000000000040,ML,,GROPE,reviewed,manual,nz1dr,14,8,11,0.09500000000000000,277.00000000000000000,0.16506000000000001,0.13400000000000001
3721113,earthquake,2011-12-30T15:04:57.166Z,2013-09-05T11:55:00.000Z,172.77735999999998739,-43.52138999999999669,3.05900000000000016,6.26119999999999965,ML,,GROPE,reviewed,manual,nz1dr,16,10,7,0.05200000000000000,160.00000000000000000,0.28005000000000002,0.23100000000000001
3634993,earthquake,2011-12-30T08:39:23.260Z,2013-09-30T14:05:00.000Z,172.71728999999999132,-43.49101999999999890,3.62199999999999989,8.74879999999999924,ML,,GROPE,reviewed,manual,nz1dr,24,19,20,0.00600000000000000,151.00000000000000000,0.25402000000000002,0.20499999999999999
3634955,earthquake,2011-12-30T07:13:56.237Z,2013-09-05T11:51:00.000Z,172.74733000000000516,-43.48156000000000176,3.35199999999999987,9.23489999999999966,ML,,GROPE,reviewed,manual,nz1dr,22,14,12,0.02700000000000000,200.00000000000000000,0.29953000000000002,0.18200000000000000
3634868,earthquake,2011-12-30T02:54:44.402Z,2013-09-05T11:51:00.000Z,172.77188000000001011,-43.50054999999999694,3.24299999999999988,9.27009999999999934,ML,,GROPE,reviewed,manual,nz1dr,17,10,8,0.13200000000000001,207.00000000000000000,0.24031000000000000,0.27600000000000002
3634747,earthquake,2011-12-29T21:00:23.197Z,2013-09-30T13:09:00.000Z,172.79675000000000296,-43.52720000000000056,3.25800000000000001,7.87959999999999994,ML,,GROPE,reviewed,manual,nz1dr,20,16,10,0.05400000000000000,184.00000000000000000,0.09972000000000000,0.22200000000000000
3634733,earthquake,2011-12-29T20:24:02.959Z,2013-09-05T11:50:00.000Z,172.81168999999999869,-43.62377000000000038,3.10199999999999987,6.81479999999999997,ML,,GROPE,reviewed,manual,nz1dr,16,11,6,0.07000000000000001,210.00000000000000000,0.24215999999999999,0.13200000000000001
3634731,earthquake,2011-12-29T20:17:49.534Z,2013-09-05T11:50:00.000Z,172.80388999999999555,-43.51552999999999827,3.17099999999999982,12.00000000000000000,ML,operator assigned,GROPE,reviewed,manual,nz1dr,16,13,9,0.14499999999999999,184.00000000000000000,0.11834000000000000,0.25700000000000001
3721259,earthquake,2011-12-29T20:14:50.835Z,2013-09-05T11:55:00.000Z,172.75176999999999339,-43.51397000000000048,3.06000000000000005,12.00000000000000000,ML,,GROPE,reviewed,manual,nz1dr,12,8,7,0.11200000000000000,226.00000000000000000,0.19683000000000000,0.19200000000000000
3634726,earthquake,2011-12-29T20:06:34.122Z,2013-09-05T11:50:00.000Z,173.86516000000000304,-42.15695000000000192,3.01900000000000013,33.00000000000000000,ML,operator assigned,GROPE,reviewed,manual,nz1dr,19,17,11,0.35399999999999998,162.00000000000000000,0.16419000000000000,0.23499999999999999
3634707,earthquake,2011-12-29T19:04:01.156Z,2013-09-05T11:50:00.000Z,172.81524999999999181,-43.49155999999999977,3.39999999999999991,14.35689999999999955,ML,,GROPE,reviewed,manual,nz1dr,19,16,11,0.16300000000000001,172.00000000000000000,0.13669999999999999,0.20899999999999999
3634645,earthquake,2011-12-29T15:45:17.303Z,2013-09-30T12:46:00.000Z,172.85355000000001269,-43.41147999999999740,4.09999999999999964,8.71599999999999930,Mw,,GROPE,reviewed,manual,nz1dr,35,31,0,0.13100000000000001,124.00000000000000000,0.25968000000000002,0.00000000000000000
3634529,earthquake,2011-12-29T09:48:51.690Z,2013-09-05T11:50:00.000Z,172.78548000000000684,-43.53309000000000140,4.00000000000000000,11.54739999999999966,Mw,,GROPE,reviewed,manual,nz1dr,54,50,0,0.04400000000000000,159.00000000000000000,0.22764999999999999,0.00000000000000000
3634467,earthquake,2011-12-29T06:41:03.170Z,2013-09-05T11:50:00.000Z,172.82472000000001344,-43.49036999999999864,3.32399999999999984,10.21390000000000065,ML,,GROPE,reviewed,manual,nz1dr,21,20,8,0.07099999999999999,184.00000000000000000,0.13916000000000001,0.35299999999999998
3634462,earthquake,2011-12-29T06:31:37.461Z,2013-09-05T11:50:00.000Z,172.84289999999998599,-43.50258999999999787,3.19099999999999984,12.00000000000000000,ML,operator assigned,GROPE,reviewed,manual,nz1dr,19,15,6,0.17599999999999999,189.00000000000000000,0.14443000000000000,0.16700000000000001
3634436,earthquake,2011-12-29T05:20:47.860Z,2013-09-05T11:50:00.000Z,172.80335999999999785,-43.50130000000000052,3.57200000000000006,9.23019999999999996,ML,,GROPE,reviewed,manual,nz1dr,38,32,17,0.05300000000000000,116.00000000000000000,0.19575999999999999,0.19500000000000001
3634310,earthquake,2011-12-28T23:29:06.090Z,2013-09-05T11:50:00.000Z,170.07590999999999326,-44.54836999999999847,3.09799999999999986,5.00000000000000000,ML,operator assigned,GROPE,reviewed,manual,nz1dr,17,13,9,0.17899999999999999,74.00000000000000000,0.20199000000000000,0.20799999999999999
3634300,earthquake,2011-12-28T22:54:15.417Z,2013-09-05T11:50:00.000Z,172.80344999999999800,-43.47359999999999758,3.17300000000000004,6.02289999999999992,ML,,GROPE,reviewed,manual,nz1dr,12,9,6,0.06300000000000000,213.00000000000000000,0.30141000000000001,0.23499999999999999
3634242,earthquake,2011-12-28T20:27:18.184Z,2013-09-30T12:37:00.000Z,172.75129999999998631,-43.54894000000000176,3.10700000000000021,10.18689999999999962,ML,,GROPE,reviewed,manual,nz1dr,14,8,4,0.09400000000000000,207.00000000000000000,0.13524000000000000,0.10299999999999999
3634135,earthquake,2011-12-28T15:24:09.210Z,2013-09-05T11:49:00.000Z,172.46884000000000015,-43.62637999999999749,3.10199999999999987,5.00000000000000000,ML,operator assigned,GROPE,reviewed,manual,nz1dr,19,11,6,0.07500000000000000,144.00000000000000000,0.31623000000000001,0.24199999999999999
3634017,earthquake,2011-12-28T09:19:14.713Z,2013-09-30T10:39:00.000Z,172.81898000000001048,-43.57395000000000351,3.14400000000000013,6.34820000000000029,ML,,GROPE,reviewed,manual,nz1dr,16,9,4,0.03600000000000000,164.00000000000000000,0.19549000000000000,0.10700000000000000
3633815,earthquake,2011-12-27T23:41:29.996Z,2013-09-05T11:48:00.000Z,172.78435999999999240,-43.50835000000000008,3.18699999999999983,10.13030000000000008,ML,,GROPE,reviewed,manual,nz1dr,11,6,6,0.13600000000000001,233.00000000000000000,0.20368000000000000,0.20499999999999999
3633672,earthquake,2011-12-27T16:32:19.861Z,2013-09-30T10:09:00.000Z,172.72290000000000987,-43.48951999999999884,3.91299999999999981,7.96600000000000019,ML,,GROPE,reviewed,manual,nz1dr,32,24,26,0.00800000000000000,153.00000000000000000,0.29304999999999998,0.32900000000000001
3633666,earthquake,2011-12-27T16:09:13.034Z,2013-09-05T11:48:00.000Z,172.79088999999999032,-43.54643999999999693,3.08599999999999985,11.15380000000000038,ML,,GROPE,reviewed,manual,nz1dr,10,6,4,0.12600000000000000,218.00000000000000000,0.08815000000000001,0.22400000000000000
3633593,earthquake,2011-12-27T12:25:06.853Z,2013-09-26T13:52:00.000Z,172.77788000000001034,-43.48152999999999935,3.62500000000000000,6.69850000000000012,ML,,GROPE,reviewed,manual,nz1dr,28,20,23,0.04400000000000000,189.00000000000000000,0.28754999999999997,0.21600000000000000
3633555,earthquake,2011-12-27T10:19:59.743Z,2013-09-05T11:48:00.000Z,172.77305999999998676,-43.50081999999999738,3.08499999999999996,8.88749999999999929,ML,,GROPE,reviewed,manual,nz1dr,14,9,4,0.13300000000000001,208.00000000000000000,0.20493000000000000,0.25600000000000001
3633528,earthquake,2011-12-27T09:07:26.327Z,2013-09-05T11:48:00.000Z,172.67743999999999005,-43.59161000000000286,3.33400000000000007,7.19620000000000015,ML,,GROPE,reviewed,manual,nz1dr,32,21,7,0.02500000000000000,107.00000000000000000,0.23236000000000001,0.22000000000000000
3633526,earthquake,2011-12-27T09:00:30.634Z,2013-09-05T11:48:00.000Z,172.74111999999999512,-43.47903000000000162,3.00099999999999989,8.10640000000000072,ML,,GROPE,reviewed,manual,nz1dr,15,9,10,0.02500000000000000,222.00000000000000000,0.26945000000000002,0.25500000000000000
3718039,earthquake,2011-12-27T05:44:38.456Z,2013-09-05T11:54:00.000Z,172.83243999999999119,-43.48015999999999792,3.18199999999999994,10.52159999999999940,ML,,GROPE,reviewed,manual,nz1dr,12,7,7,0.17999999999999999,220.00000000000000000,0.12836000000000000,0.25700000000000001
3633465,earthquake,2011-12-27T05:43:43.763Z,2013-09-05T11:48:00.000Z,172.77379999999999427,-43.55353999999999814,3.03900000000000015,9.52030000000000065,ML,,GROPE,reviewed,manual,nz1dr,13,8,4,0.02300000000000000,235.00000000000000000,0.13875999999999999,0.12800000000000000
3633419,earthquake,2011-12-27T03:35:10.286Z,2013-09-05T11:48:00.000Z,172.78496000000001231,-43.51050999999999647,3.20199999999999996,11.37640000000000029,ML,,GROPE,reviewed,manual,nz1dr,8,4,8,0.13500000000000001,234.00000000000000000,0.16503000000000001,0.22100000000000000
3633402,earthquake,2011-12-27T02:33:43.705Z,2013-09-26T13:35:00.000Z,172.78077999999999292,-43.51431999999999789,3.89999999999999991,6.16809999999999992,Mw,,GROPE,reviewed,manual,nz1dr,36,27,0,0.03700000000000000,214.00000000000000000,0.28199999999999997,0.00000000000000000
3633172,earthquake,2011-12-26T15:20:02.252Z,2013-09-05T11:47:00.000Z,172.82335000000000491,-43.45541000000000054,3.15399999999999991,5.00000000000000000,ML,operator assigned,GROPE,reviewed,manual,nz1dr,20,17,6,0.14000000000000001,137.00000000000000000,0.23491000000000001,0.22000000000000000
3633168,earthquake,2011-12-26T15:07:46.168Z,2013-09-05T11:47:00.000Z,172.81181000000000836,-43.48734000000000322,3.34500000000000020,15.82479999999999976,ML,,GROPE,reviewed,manual,nz1dr,14,12,5,0.16400000000000001,134.00000000000000000,0.23033999999999999,0.21700000000000000
3633122,earthquake,2011-12-26T12:53:00.290Z,2013-09-05T11:47:00.000Z,172.81424999999998704,-43.44547000000000025,3.19899999999999984,12.00000000000000000,ML,operator assigned,GROPE,reviewed,manual,nz1dr,18,16,6,0.19100000000000000,146.00000000000000000,0.14823000000000000,0.17100000000000001
3633115,earthquake,2011-12-26T12:32:54.125Z,2013-09-26T13:26:00.000Z,172.75742999999999938,-43.54827000000000226,3.26799999999999979,12.18350000000000044,ML,,GROPE,reviewed,manual,nz1dr,21,16,4,0.04800000000000000,124.00000000000000000,0.23257000000000000,0.07600000000000000
3633072,earthquake,2011-12-26T10:24:40.185Z,2013-09-05T11:46:00.000Z,172.77573000000001002,-43.49517000000000166,3.08599999999999985,9.00050000000000061,ML,,GROPE,reviewed,manual,nz1dr,17,10,5,0.04200000000000000,209.00000000000000000,0.21675000000000000,0.17699999999999999
3633068,earthquake,2011-12-26T10:13:17.935Z,2013-09-05T11:46:00.000Z,172.81790000000000873,-43.48861000000000132,3.45299999999999985,10.01060000000000016,ML,,GROPE,reviewed,manual,nz1dr,14,9,10,0.16700000000000001,218.00000000000000000,0.16027000000000000,0.20499999999999999
3632940,earthquake,2011-12-26T03:43:08.050Z,2013-09-05T11:46:00.000Z,172.83826999999999430,-43.47404000000000224,3.12400000000000011,5.00000000000000000,ML,operator assigned,GROPE,reviewed,manual,nz1dr,15,12,4,0.15900000000000000,184.00000000000000000,0.23633999999999999,0.22200000000000000
3632935,earthquake,2011-12-26T03:33:08.566Z,2013-09-05T11:46:00.000Z,172.80271999999999366,-43.51274000000000086,3.33700000000000019,7.23500000000000032,ML,,GROPE,reviewed,manual,nz1dr,16,10,5,0.06400000000000000,216.00000000000000000,0.21196999999999999,0.23699999999999999
3717450,earthquake,2011-12-26T01:13:10.809Z,2013-09-05T11:54:00.000Z,172.80941999999998870,-43.49622000000000099,3.61900000000000022,7.88309999999999977,ML,,GROPE,reviewed,manual,nz1dr,22,17,16,0.05800000000000000,172.00000000000000000,0.20075999999999999,0.21900000000000000
3632891,earthquake,2011-12-26T01:12:33.400Z,2013-09-26T13:12:00.000Z,172.77795000000000414,-43.49342000000000041,3.28299999999999992,9.80339999999999989,ML,,GROPE,reviewed,manual,nz1dr,26,21,6,0.03700000000000000,167.00000000000000000,0.12149000000000000,0.19600000000000001
3632878,earthquake,2011-12-26T00:36:46.919Z,2013-09-05T11:46:00.000Z,172.78137000000000967,-43.52953000000000117,3.69799999999999995,10.40820000000000078,ML,,GROPE,reviewed,manual,nz1dr,40,34,19,0.04200000000000000,118.00000000000000000,0.20322999999999999,0.25500000000000000
3632828,earthquake,2011-12-25T22:04:18.030Z,2013-09-05T11:45:00.000Z,172.76445000000001073,-43.47834000000000287,3.58800000000000008,7.74289999999999967,ML,,GROPE,reviewed,manual,nz1dr,27,19,18,0.03900000000000000,204.00000000000000000,0.21601000000000001,0.20799999999999999
3632733,earthquake,2011-12-25T17:02:24.773Z,2013-09-05T11:45:00.000Z,172.86598000000000752,-43.47124000000000166,3.32100000000000017,5.00000000000000000,ML,operator assigned,GROPE,reviewed,manual,nz1dr,18,11,8,0.17399999999999999,181.00000000000000000,0.22644000000000000,0.11600000000000001
3632687,earthquake,2011-12-25T15:00:23.068Z,2013-09-05T11:45:00.000Z,172.78336999999999080,-43.47740999999999900,3.00400000000000000,5.00000000000000000,ML,operator assigned,GROPE,reviewed,manual,nz1dr,13,8,5,0.13200000000000001,165.00000000000000000,0.26368999999999998,0.25600000000000001
3632676,earthquake,2011-12-25T14:29:05.366Z,2013-09-05T11:45:00.000Z,172.82317000000000462,-43.46781000000000006,3.89999999999999991,10.05189999999999984,Mw,,GROPE,reviewed,manual,nz1dr,26,19,0,0.07800000000000000,216.00000000000000000,0.20422000000000001,0.00000000000000000
3632660,earthquake,2011-12-25T13:40:29.303Z,2013-09-26T12:59:00.000Z,172.79261999999999944,-43.46936000000000178,3.70000000000000018,8.30259999999999998,Mw,,GROPE,reviewed,manual,nz1dr,24,17,0,0.06000000000000000,64.00000000000000000,0.26111000000000001,0.00000000000000000
3632636,earthquake,2011-12-25T12:26:12.303Z,2013-09-05T11:45:00.000Z,172.78982999999999493,-43.49098000000000042,3.71799999999999997,9.11919999999999931,ML,,GROPE,reviewed,manual,nz1dr,24,18,22,0.04600000000000000,166.00000000000000000,0.25330000000000003,0.20200000000000001
3632621,earthquake,2011-12-25T11:35:02.122Z,2013-09-05T11:45:00.000Z,172.76714000000001192,-43.50695000000000334,3.86399999999999988,7.45329999999999959,ML,,GROPE,reviewed,manual,nz1dr,42,31,30,0.02600000000000000,160.00000000000000000,0.26112999999999997,0.25900000000000001
3632620,earthquake,2011-12-25T11:32:18.090Z,2013-09-26T12:51:00.000Z,172.76861999999999853,-43.53209999999999980,3.50000000000000000,6.23360000000000003,Mw,,GROPE,reviewed,manual,nz1dr,39,30,0,0.03600000000000000,179.00000000000000000,0.26904000000000000,0.00000000000000000
3632608,earthquake,2011-12-25T10:55:50.401Z,2013-09-05T11:44:00.000Z,172.78837999999998942,-43.49779999999999802,3.09100000000000019,7.99319999999999986,ML,,GROPE,reviewed,manual,nz1dr,19,12,4,0.05100000000000000,165.00000000000000000,0.20663000000000001,0.12100000000000000
3632568,earthquake,2011-12-25T08:54:47.620Z,2013-09-05T11:44:00.000Z,172.78743000000000052,-43.48579000000000150,3.22500000000000009,10.39680000000000071,ML,,GROPE,reviewed,manual,nz1dr,12,8,8,0.14999999999999999,211.00000000000000000,0.13647000000000001,0.21199999999999999
3632545,earthquake,2011-12-25T07:49:56.474Z,2013-09-05T11:44:00.000Z,172.76990000000000691,-43.53208999999999662,3.41199999999999992,6.70830000000000037,ML,,GROPE,reviewed,manual,nz1dr,22,14,11,0.03700000000000000,185.00000000000000000,0.22821000000000000,0.23000000000000001
3632541,earthquake,2011-12-25T07:36:30.508Z,2013-09-05T11:44:00.000Z,172.77720999999999663,-43.47532000000000352,3.42200000000000015,6.22639999999999993,ML,,GROPE,reviewed,manual,nz1dr,16,11,10,0.04800000000000000,207.00000000000000000,0.27866999999999997,0.17999999999999999
3632539,earthquake,2011-12-25T07:27:30.818Z,2013-09-05T11:44:00.000Z,172.82507000000001085,-43.63886999999999716,3.01699999999999990,5.00000000000000000,ML,operator assigned,GROPE,reviewed,manual,nz1dr,15,8,5,0.14199999999999999,265.00000000000000000,0.24679000000000001,0.27500000000000002
3632520,earthquake,2011-12-25T06:32:37.207Z,2013-09-26T12:45:00.000Z,172.78217000000000780,-43.48881000000000085,3.11299999999999999,5.19099999999999984,ML,,GROPE,reviewed,manual,nz1dr,17,11,6,0.04800000000000000,209.00000000000000000,0.23158000000000001,0.27500000000000002
3632506,earthquake,2011-12-25T05:49:02.021Z,2013-09-05T11:44:00.000Z,172.76747000000000298,-43.47478000000000264,3.42799999999999994,7.10540000000000038,ML,,GROPE,reviewed,manual,nz1dr,25,18,12,0.04300000000000000,192.00000000000000000,0.23576000000000000,0.15300000000000000
3632487,earthquake,2011-12-25T04:51:18.033Z,2013-09-05T11:44:00.000Z,172.80237999999999943,-43.51176999999999850,3.04599999999999982,5.00000000000000000,ML,operator assigned,GROPE,reviewed,manual,nz1dr,11,7,5,0.14599999999999999,216.00000000000000000,0.28033999999999998,0.23599999999999999
3632472,earthquake,2011-12-25T04:00:35.435Z,2013-09-26T12:39:00.000Z,172.78522000000000958,-43.50484000000000151,3.79999999999999982,6.25440000000000040,Mw,,GROPE,reviewed,manual,nz1dr,30,21,0,0.03900000000000000,185.00000000000000000,0.22141000000000000,0.00000000000000000
3632416,earthquake,2011-12-25T01:11:23.751Z,2013-09-05T11:44:00.000Z,172.81763000000000829,-43.51892999999999745,3.41900000000000004,5.00000000000000000,ML,operator assigned,GROPE,reviewed,manual,nz1dr,18,12,10,0.06400000000000000,220.00000000000000000,0.24412000000000000,0.16200000000000001
3714331,earthquake,2011-12-24T23:53:45.846Z,2013-09-05T11:53:00.000Z,172.81453999999999382,-43.48344000000000165,3.47699999999999987,8.21080000000000076,ML,,GROPE,reviewed,manual,nz1dr,17,12,13,0.07199999999999999,216.00000000000000000,0.24951999999999999,0.17699999999999999
3632389,earthquake,2011-12-24T23:47:51.422Z,2013-09-05T11:43:00.000Z,172.80644000000000915,-43.47500999999999749,3.47900000000000009,7.91420000000000012,ML,,GROPE,reviewed,manual,nz1dr,25,18,12,0.06400000000000000,211.00000000000000000,0.26890999999999998,0.21700000000000000
3714297,earthquake,2011-12-24T22:05:42.736Z,2013-09-05T11:53:00.000Z,172.83823000000001002,-43.45472000000000179,3.10700000000000021,5.00000000000000000,ML,operator assigned,GROPE,reviewed,manual,nz1dr,8,5,15,0.14899999999999999,219.00000000000000000,0.24576000000000001,0.30099999999999999
3714282,earthquake,2011-12-24T21:08:18.669Z,2013-09-05T11:53:00.000Z,172.78740999999999417,-43.53687000000000040,3.05600000000000005,11.96170000000000044,ML,,GROPE,reviewed,manual,nz1dr,9,5,12,0.12600000000000000,237.00000000000000000,0.07543000000000000,0.27600000000000002
3632328,earthquake,2011-12-24T20:43:51.727Z,2013-09-05T11:43:00.000Z,172.79508999999998764,-43.52756999999999721,3.20500000000000007,6.21379999999999999,ML,,GROPE,reviewed,manual,nz1dr,17,11,5,0.05000000000000000,164.00000000000000000,0.14910999999999999,0.24700000000000000
3632293,earthquake,2011-12-24T19:01:51.140Z,2013-09-05T11:43:00.000Z,172.78522000000000958,-43.48257999999999868,3.13399999999999990,7.53739999999999988,ML,,GROPE,reviewed,manual,nz1dr,18,12,5,0.05100000000000000,165.00000000000000000,0.20591999999999999,0.20799999999999999
3632291,earthquake,2011-12-24T18:55:38.331Z,2013-09-05T11:43:00.000Z,172.78922000000000025,-43.64229999999999876,3.10899999999999999,6.07369999999999965,ML,,GROPE,reviewed,manual,nz1dr,17,11,5,0.07300000000000000,148.00000000000000000,0.15332000000000001,0.16500000000000001
3632283,earthquake,2011-12-24T18:31:29.893Z,2013-09-05T11:43:00.000Z,172.79735999999999763,-43.44805000000000206,3.23399999999999999,5.00000000000000000,ML,operator assigned,GROPE,reviewed,manual,nz1dr,16,10,7,0.12000000000000000,170.00000000000000000,0.16514000000000001,0.19800000000000001
3632278,earthquake,2011-12-24T18:15:55.671Z,2013-09-05T11:43:00.000Z,172.78885999999999967,-43.46612999999999971,3.03500000000000014,6.78500000000000014,ML,,GROPE,reviewed,manual,nz1dr,17,9,6,0.06000000000000000,189.00000000000000000,0.22317000000000001,0.24199999999999999
3632265,earthquake,2011-12-24T17:41:10.366Z,2013-09-05T11:43:00.000Z,172.75208000000000652,-43.52537999999999840,3.66500000000000004,7.89960000000000040,ML,,GROPE,reviewed,manual,nz1dr,35,26,21,0.02300000000000000,156.00000000000000000,0.29076999999999997,0.21600000000000000
3714199,earthquake,2011-12-24T17:13:43.822Z,2013-09-05T11:53:00.000Z,172.79958999999999492,-43.63880000000000337,3.00000000000000000,5.00000000000000000,ML,operator assigned,GROPE,reviewed,manual,nz1dr,13,9,11,0.12600000000000000,171.00000000000000000,0.23155999999999999,0.30900000000000000
3632238,earthquake,2011-12-24T17:13:06.211Z,2013-09-05T11:42:00.000Z,172.80215000000001169,-43.63638999999999868,3.37000000000000011,6.97499999999999964,ML,,GROPE,reviewed,manual,nz1dr,18,11,6,0.06100000000000000,168.00000000000000000,0.19711999999999999,0.17899999999999999
3632153,earthquake,2011-12-24T16:43:09.059Z,2013-09-05T11:42:00.000Z,172.85785000000001332,-43.46211000000000269,3.02499999999999991,5.00000000000000000,ML,operator assigned,GROPE,reviewed,manual,nz1dr,13,8,5,0.16500000000000001,181.00000000000000000,0.22545000000000001,0.21400000000000000
3632133,earthquake,2011-12-24T16:26:58.883Z,2013-09-05T11:42:00.000Z,172.78325000000000955,-43.51169000000000153,3.52300000000000013,7.22539999999999960,ML,,GROPE,reviewed,manual,nz1dr,39,26,11,0.03800000000000000,130.00000000000000000,0.25907000000000002,0.19100000000000000
3632132,earthquake,2011-12-24T16:22:21.446Z,2013-09-05T11:42:00.000Z,172.74817999999999074,-43.47471000000000174,3.47900000000000009,6.11150000000000038,ML,,GROPE,reviewed,manual,nz1dr,23,15,13,0.03100000000000000,182.00000000000000000,0.26346000000000003,0.23000000000000001
3632131,earthquake,2011-12-24T16:14:50.875Z,2013-09-05T11:42:00.000Z,172.78687999999999647,-43.45826000000000278,3.17399999999999993,6.37309999999999999,ML,,GROPE,reviewed,manual,nz1dr,18,12,6,0.06400000000000000,167.00000000000000000,0.23583999999999999,0.25700000000000001
3632128,earthquake,2011-12-24T15:56:03.059Z,2013-09-05T11:41:00.000Z,172.79349999999999454,-43.48259999999999792,3.37199999999999989,10.77960000000000029,ML,,GROPE,reviewed,manual,nz1dr,20,15,7,0.05700000000000000,189.00000000000000000,0.30426999999999998,0.12400000000000000
3632127,earthquake,2011-12-24T15:44:50.825Z,2013-09-05T11:41:00.000Z,172.77231000000000449,-43.51995000000000147,3.01799999999999979,7.04539999999999988,ML,,GROPE,reviewed,manual,nz1dr,16,12,3,0.04600000000000000,160.00000000000000000,0.32191999999999998,0.18500000000000000
3632103,earthquake,2011-12-24T10:04:47.183Z,2013-09-05T11:41:00.000Z,172.84531000000001200,-43.46844999999999715,3.41400000000000015,8.75590000000000046,ML,,GROPE,reviewed,manual,nz1dr,13,10,10,0.09700000000000000,266.00000000000000000,0.16236000000000000,0.25000000000000000
3632056,earthquake,2011-12-24T07:51:59.442Z,2013-09-05T11:41:00.000Z,172.81207000000000562,-43.64759999999999707,3.47500000000000009,7.03310000000000013,ML,,GROPE,reviewed,manual,nz1dr,33,17,11,0.07400000000000000,170.00000000000000000,0.22761000000000001,0.20499999999999999
3632052,earthquake,2011-12-24T07:39:43.054Z,2013-09-05T11:41:00.000Z,172.74181999999998993,-43.48422000000000054,3.79999999999999982,7.97259999999999991,Mw,,GROPE,reviewed,manual,nz1dr,31,23,0,0.02200000000000000,194.00000000000000000,0.26268000000000002,0.00000000000000000
3632041,earthquake,2011-12-24T07:12:07.093Z,2013-09-05T11:40:00.000Z,172.82146000000000186,-43.48306000000000182,3.47599999999999998,7.53439999999999976,ML,,GROPE,reviewed,manual,nz1dr,19,14,9,0.07099999999999999,256.00000000000000000,0.14771999999999999,0.17499999999999999
3632028,earthquake,2011-12-24T06:35:58.923Z,2013-09-05T11:40:00.000Z,172.77944999999999709,-43.48989999999999867,3.33300000000000018,6.52740000000000009,ML,,GROPE,reviewed,manual,nz1dr,16,12,9,0.04000000000000000,209.00000000000000000,0.24798999999999999,0.19700000000000001
3632019,earthquake,2011-12-24T06:08:33.579Z,2013-09-05T11:40:00.000Z,172.76555999999999358,-43.50233000000000061,3.13399999999999990,9.74489999999999945,ML,,GROPE,reviewed,manual,nz1dr,17,11,6,0.02600000000000000,229.00000000000000000,0.18081000000000000,0.11799999999999999
3632011,earthquake,2011-12-24T05:47:28.326Z,2013-09-05T11:40:00.000Z,172.75407000000001290,-43.48295000000000243,3.54999999999999982,6.13670000000000027,ML,,GROPE,reviewed,manual,nz1dr,25,18,14,0.03000000000000000,200.00000000000000000,0.19825999999999999,0.20899999999999999
3631999,earthquake,2011-12-24T05:10:09.837Z,2013-09-05T11:40:00.000Z,172.82017999999999347,-43.64334999999999809,3.31000000000000005,7.70549999999999979,ML,,GROPE,reviewed,manual,nz1dr,18,10,5,0.07300000000000000,267.00000000000000000,0.06116000000000000,0.22800000000000001
3631993,earthquake,2011-12-24T04:49:47.358Z,2013-09-05T11:40:00.000Z,172.80306999999999107,-43.49244999999999806,3.28799999999999981,11.03190000000000026,ML,,GROPE,reviewed,manual,nz1dr,11,8,8,0.15500000000000000,215.00000000000000000,0.12753000000000000,0.23599999999999999
3631924,earthquake,2011-12-24T01:22:17.203Z,2013-09-05T11:40:00.000Z,172.79675000000000296,-43.52866000000000213,3.58000000000000007,6.15099999999999980,ML,,GROPE,reviewed,manual,nz1dr,19,15,15,0.05300000000000000,208.00000000000000000,0.17307000000000000,0.21600000000000000
3631913,earthquake,2011-12-24T00:51:13.135Z,2013-09-05T11:40:00.000Z,172.80163999999999191,-43.52861000000000047,3.06800000000000006,10.19069999999999965,ML,,GROPE,reviewed,manual,nz1dr,12,8,5,0.13800000000000001,218.00000000000000000,0.18461000000000000,0.30399999999999999
3631908,earthquake,2011-12-24T00:36:04.438Z,2013-09-05T11:40:00.000Z,172.79883000000000948,-43.62897000000000247,3.57500000000000018,7.25110000000000010,ML,,GROPE,reviewed,manual,nz1dr,19,11,14,0.05300000000000000,256.00000000000000000,0.28104000000000001,0.18099999999999999
3631894,earthquake,2011-12-23T23:54:37.138Z,2013-09-05T11:40:00.000Z,172.81890999999998826,-43.52918999999999983,3.47500000000000009,6.92670000000000030,ML,,GROPE,reviewed,manual,nz1dr,23,15,9,0.06200000000000000,222.00000000000000000,0.20906000000000000,0.18700000000000000
3631893,earthquake,2011-12-23T23:49:29.491Z,2013-09-05T11:40:00.000Z,172.76048000000000116,-43.51637000000000199,3.12699999999999978,12.84570000000000078,ML,,GROPE,reviewed,manual,nz1dr,16,11,6,0.05400000000000000,214.00000000000000000,0.21626999999999999,0.26400000000000001
3631892,earthquake,2011-12-23T23:46:00.322Z,2013-09-05T11:40:00.000Z,172.80618000000001189,-43.49164999999999992,3.22199999999999998,6.47470000000000034,ML,,GROPE,reviewed,manual,nz1dr,14,9,8,0.06500000000000000,236.00000000000000000,0.23100999999999999,0.19900000000000001
3631876,earthquake,2011-12-23T22:59:15.460Z,2013-09-05T11:40:00.000Z,172.79910000000000991,-43.48626999999999754,3.04000000000000004,8.85239999999999938,ML,,GROPE,reviewed,manual,nz1dr,13,8,4,0.06000000000000000,213.00000000000000000,0.17771000000000001,0.14299999999999999
3631861,earthquake,2011-12-23T22:15:17.436Z,2013-09-05T11:39:00.000Z,172.86554000000000997,-43.49508000000000152,3.89999999999999991,12.46299999999999919,Mw,,GROPE,reviewed,manual,nz1dr,28,18,0,0.09900000000000000,229.00000000000000000,0.27772999999999998,0.00000000000000000
3631843,earthquake,2011-12-23T21:33:38.983Z,2013-09-05T11:39:00.000Z,172.81650999999999385,-43.55046999999999713,3.16800000000000015,9.58900000000000041,ML,,GROPE,reviewed,manual,nz1dr,13,8,4,0.05200000000000000,250.00000000000000000,0.13688000000000000,0.28599999999999998
3631838,earthquake,2011-12-23T21:18:58.429Z,2013-09-05T11:39:00.000Z,172.81980999999998971,-43.48676999999999992,3.27400000000000002,10.28850000000000087,ML,,GROPE,reviewed,manual,nz1dr,11,6,5,0.16900000000000001,239.00000000000000000,0.21817000000000000,0.26100000000000001
3631835,earthquake,2011-12-23T21:08:29.496Z,2013-09-05T11:39:00.000Z,172.77849000000000501,-43.55434999999999945,3.14500000000000002,10.38109999999999999,ML,,GROPE,reviewed,manual,nz1dr,10,5,4,0.11500000000000000,237.00000000000000000,0.20737000000000000,0.17000000000000001
3631805,earthquake,2011-12-23T19:48:28.123Z,2013-09-26T10:13:00.000Z,172.78215000000000146,-43.50618000000000052,3.71300000000000008,6.69669999999999987,ML,,GROPE,reviewed,manual,nz1dr,27,19,17,0.03700000000000000,193.00000000000000000,0.23030999999999999,0.19200000000000000
3631797,earthquake,2011-12-23T19:27:58.379Z,2013-09-05T11:39:00.000Z,172.83529999999998950,-43.53349999999999653,3.76600000000000001,8.72530000000000072,ML,,GROPE,reviewed,manual,nz1dr,30,22,21,0.06600000000000000,181.00000000000000000,0.13950000000000001,0.19600000000000001
3732665,earthquake,2011-12-23T19:27:47.096Z,2013-09-05T11:56:00.000Z,172.82642000000001303,-43.51997000000000071,3.44200000000000017,10.09079999999999977,ML,,GROPE,reviewed,manual,nz1dr,27,18,3,0.07000000000000001,286.00000000000000000,0.13482000000000000,0.29899999999999999
3631784,earthquake,2011-12-23T18:50:34.110Z,2013-09-05T11:39:00.000Z,172.81952999999998610,-43.49013999999999669,3.13399999999999990,9.87369999999999948,ML,,GROPE,reviewed,manual,nz1dr,12,9,6,0.16700000000000001,218.00000000000000000,0.18420000000000000,0.20999999999999999
3631781,earthquake,2011-12-23T18:42:19.408Z,2013-09-05T11:39:00.000Z,172.81550999999998908,-43.49898000000000309,3.60800000000000010,6.61950000000000038,ML,,GROPE,reviewed,manual,nz1dr,20,17,16,0.06200000000000000,211.00000000000000000,0.22034999999999999,0.19100000000000000
3631773,earthquake,2011-12-23T18:26:51.618Z,2013-09-05T11:39:00.000Z,172.81143000000000143,-43.51075999999999766,3.15399999999999991,11.07799999999999940,ML,,GROPE,reviewed,manual,nz1dr,14,8,5,0.15200000000000000,218.00000000000000000,0.17529000000000000,0.24500000000000000
3631767,earthquake,2011-12-23T18:12:50.117Z,2013-09-05T11:39:00.000Z,172.78884999999999650,-43.49479999999999791,3.62999999999999989,8.44630000000000081,ML,,GROPE,reviewed,manual,nz1dr,24,15,17,0.04400000000000000,217.00000000000000000,0.19655000000000000,0.23799999999999999
3732562,earthquake,2011-12-23T18:10:51.925Z,2013-09-05T11:56:00.000Z,172.82880000000000109,-43.48456000000000188,3.10000000000000009,12.00000000000000000,ML,operator assigned,GROPE,reviewed,manual,nz1dr,11,6,4,0.17599999999999999,220.00000000000000000,0.19819999999999999,0.29399999999999998
3631761,earthquake,2011-12-23T17:57:26.939Z,2013-09-05T11:39:00.000Z,172.80133000000000720,-43.54366000000000270,4.02799999999999958,8.90339999999999954,ML,,GROPE,reviewed,manual,nz1dr,35,28,33,0.04300000000000000,219.00000000000000000,0.28702000000000000,0.25800000000000001
3631760,earthquake,2011-12-23T17:53:13.884Z,2013-09-05T11:38:00.000Z,172.79919000000001006,-43.64692000000000149,3.13300000000000001,7.91159999999999997,ML,,GROPE,reviewed,manual,nz1dr,12,6,5,0.12200000000000000,246.00000000000000000,0.26090999999999998,0.16500000000000001
3732239,earthquake,2011-12-23T17:38:11.033Z,2013-09-05T11:56:00.000Z,172.86043000000000802,-43.64777000000000129,3.93900000000000006,5.00000000000000000,ML,operator assigned,GROPE,reviewed,manual,nz1dr,12,8,2,0.09400000000000000,292.00000000000000000,0.10977000000000001,0.24500000000000000
3631755,earthquake,2011-12-23T17:37:31.051Z,2013-09-05T11:38:00.000Z,172.83997999999999706,-43.66758999999999702,4.90000000000000036,5.00000000000000000,Mw,operator assigned,GROPE,reviewed,manual,nz1dr,55,39,0,0.09900000000000000,261.00000000000000000,0.24732000000000001,0.00000000000000000
3631752,earthquake,2011-12-23T17:31:32.304Z,2013-09-05T11:38:00.000Z,172.79497000000000639,-43.64598999999999762,3.15499999999999980,8.19630000000000081,ML,,GROPE,reviewed,manual,nz1dr,12,6,5,0.12000000000000000,168.00000000000000000,0.11890000000000001,0.25200000000000000
3631740,earthquake,2011-12-23T16:58:49.640Z,2013-10-01T09:01:00.000Z,172.77199999999999136,-43.52790999999999855,3.01500000000000012,5.00000000000000000,ML,operator assigned,GROPE,reviewed,manual,nz1dr,10,6,5,0.05000000000000000,180.00000000000000000,0.28821999999999998,0.18300000000000000
3631738,earthquake,2011-12-23T16:54:27.641Z,2013-09-05T11:38:00.000Z,172.83872999999999820,-43.50807999999999964,3.89999999999999991,11.49179999999999957,Mw,,GROPE,reviewed,manual,nz1dr,33,27,0,0.07800000000000000,224.00000000000000000,0.30759999999999998,0.00000000000000000
3732241,earthquake,2011-12-23T16:53:56.458Z,2013-09-05T11:56:00.000Z,172.77137999999999352,-43.50616000000000128,3.02300000000000013,14.49990000000000023,ML,,GROPE,reviewed,manual,nz1dr,17,11,5,0.12900000000000000,208.00000000000000000,0.15858000000000000,0.16300000000000001
3631733,earthquake,2011-12-23T16:35:09.858Z,2013-09-05T11:38:00.000Z,172.77563000000000670,-43.50462999999999880,3.38200000000000012,6.74920000000000009,ML,,GROPE,reviewed,manual,nz1dr,17,13,8,0.03300000000000000,161.00000000000000000,0.34295999999999999,0.17299999999999999
3631713,earthquake,2011-12-23T15:40:09.173Z,2013-09-05T11:38:00.000Z,172.79931999999999448,-43.47946000000000311,3.40700000000000003,9.08159999999999989,ML,,GROPE,reviewed,manual,nz1dr,16,10,11,0.16100000000000000,168.00000000000000000,0.20246000000000000,0.24900000000000000
3732182,earthquake,2011-12-23T15:36:06.007Z,2013-09-05T11:56:00.000Z,172.78084000000001197,-43.50589000000000084,3.18100000000000005,7.00129999999999963,ML,,GROPE,reviewed,manual,nz1dr,17,10,6,0.03600000000000000,163.00000000000000000,0.21873000000000001,0.20000000000000001
3631710,earthquake,2011-12-23T15:33:49.760Z,2013-09-05T11:38:00.000Z,172.75932000000000244,-43.51921000000000106,3.70000000000000018,8.40499999999999936,ML,,GROPE,reviewed,manual,nz1dr,33,25,16,0.02300000000000000,119.00000000000000000,0.21393999999999999,0.25500000000000000
3631702,earthquake,2011-12-23T15:13:20.519Z,2013-09-05T11:38:00.000Z,172.82610999999999990,-43.48664999999999736,3.24400000000000022,9.74549999999999983,ML,,GROPE,reviewed,manual,nz1dr,23,14,7,0.07199999999999999,173.00000000000000000,0.26332000000000000,0.22300000000000000
3631698,earthquake,2011-12-23T15:06:16.373Z,2013-09-05T11:38:00.000Z,172.83280999999999494,-43.49920999999999793,3.01799999999999979,12.00000000000000000,ML,operator assigned,GROPE,reviewed,manual,nz1dr,17,9,5,0.17100000000000001,173.00000000000000000,0.25506000000000001,0.23699999999999999
3631690,earthquake,2011-12-23T14:40:01.253Z,2013-09-05T11:38:00.000Z,172.84191999999998757,-43.46887000000000256,3.55200000000000005,5.00000000000000000,ML,operator assigned,GROPE,reviewed,manual,nz1dr,16,10,19,0.19200000000000000,177.00000000000000000,0.25409999999999999,0.19200000000000000
3631670,earthquake,2011-12-23T13:49:33.740Z,2013-09-05T11:37:00.000Z,172.82060000000001310,-43.48210000000000264,3.79999999999999982,9.45689999999999920,Mw,,GROPE,reviewed,manual,nz1dr,23,19,0,0.07000000000000001,172.00000000000000000,0.20236000000000001,0.00000000000000000
3730628,earthquake,2011-12-23T13:48:54.073Z,2013-09-05T11:56:00.000Z,172.73849000000001297,-43.55698999999999899,3.07399999999999984,11.14090000000000025,ML,,GROPE,reviewed,manual,nz1dr,14,7,5,0.08599999999999999,150.00000000000000000,0.20621999999999999,0.23200000000000001
3730621,earthquake,2011-12-23T13:44:30.707Z,2013-09-05T11:56:00.000Z,172.81658999999999082,-43.50222999999999729,3.47400000000000020,8.10580000000000034,ML,,GROPE,reviewed,manual,nz1dr,21,13,8,0.06200000000000000,170.00000000000000000,0.26401999999999998,0.26000000000000001
3631658,earthquake,2011-12-23T13:13:56.712Z,2013-09-05T11:37:00.000Z,172.76033000000001039,-43.48022000000000276,3.29099999999999993,6.03019999999999978,ML,,GROPE,reviewed,manual,nz1dr,18,10,7,0.03500000000000000,204.00000000000000000,0.26444000000000001,0.26400000000000001
3730520,earthquake,2011-12-23T13:11:17.629Z,2013-09-05T11:56:00.000Z,172.77429000000000769,-43.49112000000000222,3.51500000000000012,9.41440000000000055,ML,,GROPE,reviewed,manual,nz1dr,36,26,11,0.03600000000000000,163.00000000000000000,0.17358000000000001,0.25800000000000001
3730517,earthquake,2011-12-23T13:10:21.290Z,2013-09-05T11:56:00.000Z,172.78284999999999627,-43.53575000000000017,3.60000000000000009,7.96509999999999962,Mw,,GROPE,reviewed,manual,nz1dr,48,32,0,0.04100000000000000,161.00000000000000000,0.20770000000000000,0.00000000000000000
3631642,earthquake,2011-12-23T12:30:19.201Z,2013-09-05T11:37:00.000Z,172.81447000000000003,-43.53457999999999828,4.09999999999999964,6.25720000000000010,Mw,,GROPE,reviewed,manual,nz1dr,27,23,0,0.05600000000000000,167.00000000000000000,0.26274999999999998,0.00000000000000000
3631639,earthquake,2011-12-23T12:21:32.605Z,2013-09-05T11:37:00.000Z,172.72108000000000061,-43.52176999999999651,3.79999999999999982,6.67199999999999971,Mw,,GROPE,reviewed,manual,nz1dr,48,37,0,0.01500000000000000,119.00000000000000000,0.21786000000000000,0.00000000000000000
3631620,earthquake,2011-12-23T11:29:56.495Z,2013-09-05T11:36:00.000Z,172.78023999999999205,-43.51393000000000200,3.28900000000000015,9.95930000000000071,ML,,GROPE,reviewed,manual,nz1dr,17,11,8,0.13000000000000000,162.00000000000000000,0.18115000000000001,0.23400000000000001
3631614,earthquake,2011-12-23T11:15:44.929Z,2013-09-26T09:42:00.000Z,172.79401999999998907,-43.54753000000000185,3.50800000000000001,8.11679999999999957,ML,,GROPE,reviewed,manual,nz1dr,20,13,11,0.03800000000000000,218.00000000000000000,0.17247000000000001,0.19700000000000001
3631613,earthquake,2011-12-23T11:11:38.311Z,2013-09-05T11:36:00.000Z,172.76221000000001027,-43.51254000000000133,3.23899999999999988,9.41249999999999964,ML,,GROPE,reviewed,manual,nz1dr,25,17,6,0.03600000000000000,192.00000000000000000,0.19492999999999999,0.19700000000000001
3631612,earthquake,2011-12-23T11:07:54.580Z,2013-09-05T11:36:00.000Z,172.71229999999999905,-43.47167999999999921,3.02499999999999991,7.64660000000000029,ML,,GROPE,reviewed,manual,nz1dr,17,11,4,0.02600000000000000,161.00000000000000000,0.27822999999999998,0.15600000000000000
3729382,earthquake,2011-12-23T10:58:27.574Z,2013-09-05T11:56:00.000Z,172.77056999999999221,-43.47093999999999880,3.13700000000000001,7.43499999999999961,ML,,GROPE,reviewed,manual,nz1dr,13,10,5,0.12100000000000000,163.00000000000000000,0.31530000000000002,0.31300000000000000
3728875,earthquake,2011-12-23T10:56:37.321Z,2013-09-05T11:56:00.000Z,172.81834000000000628,-43.53148999999999802,3.04000000000000004,13.27239999999999931,ML,,GROPE,reviewed,manual,nz1dr,10,7,4,0.14899999999999999,222.00000000000000000,0.22497000000000000,0.25200000000000000
3631605,earthquake,2011-12-23T10:51:33.072Z,2013-09-05T11:36:00.000Z,172.79024000000001138,-43.46327000000000140,3.44399999999999995,8.80209999999999937,ML,,GROPE,reviewed,manual,nz1dr,29,22,13,0.06200000000000000,234.00000000000000000,0.16442000000000001,0.17699999999999999
3631600,earthquake,2011-12-23T10:32:30.985Z,2013-09-05T11:36:00.000Z,172.81781000000000859,-43.53526999999999703,3.89999999999999991,5.44810000000000016,Mw,,GROPE,reviewed,manual,nz1dr,44,31,0,0.05600000000000000,167.00000000000000000,0.19647000000000001,0.00000000000000000
3631598,earthquake,2011-12-23T10:26:02.914Z,2013-09-05T11:36:00.000Z,172.80253999999999337,-43.53444999999999965,3.12699999999999978,9.12359999999999971,ML,,GROPE,reviewed,manual,nz1dr,14,7,6,0.13700000000000001,240.00000000000000000,0.19608999999999999,0.19400000000000001
3728275,earthquake,2011-12-23T10:18:36.243Z,2013-09-05T11:56:00.000Z,172.84038000000001034,-43.47825000000000273,3.52000000000000002,6.80649999999999977,ML,,GROPE,reviewed,manual,nz1dr,12,9,7,0.09100000000000000,242.00000000000000000,0.25431999999999999,0.28599999999999998
3631595,earthquake,2011-12-23T10:17:40.281Z,2013-09-05T11:36:00.000Z,172.86349000000001297,-43.46490000000000009,3.80200000000000005,7.76069999999999993,ML,,GROPE,reviewed,manual,nz1dr,37,25,20,0.10600000000000000,269.00000000000000000,0.29207000000000000,0.39400000000000002
3631594,earthquake,2011-12-23T10:15:11.564Z,2013-09-26T08:58:00.000Z,172.82071999999999434,-43.47926999999999964,3.83300000000000018,7.20260000000000034,ML,,GROPE,reviewed,manual,nz1dr,40,29,28,0.07099999999999999,230.00000000000000000,0.21240999999999999,0.25800000000000001
3631586,earthquake,2011-12-23T09:57:12.776Z,2013-09-05T11:36:00.000Z,172.85096999999998957,-43.47708999999999691,3.01600000000000001,18.77919999999999945,ML,,GROPE,reviewed,manual,nz1dr,11,6,5,0.16900000000000001,224.00000000000000000,0.16117000000000001,0.22500000000000001
3631583,earthquake,2011-12-23T09:49:03.700Z,2013-09-26T08:51:00.000Z,172.75887000000000171,-43.54505999999999943,3.17899999999999983,10.90559999999999974,ML,,GROPE,reviewed,manual,nz1dr,24,11,5,0.05800000000000000,209.00000000000000000,0.15584999999999999,0.23100000000000001
3631578,earthquake,2011-12-23T09:37:11.038Z,2013-09-05T11:35:00.000Z,172.76858999999998900,-43.50945999999999714,3.05900000000000016,18.08089999999999975,ML,,GROPE,reviewed,manual,nz1dr,12,7,5,0.12500000000000000,208.00000000000000000,0.21068000000000001,0.26000000000000001
3631570,earthquake,2011-12-23T09:13:48.834Z,2013-09-05T11:35:00.000Z,172.81546000000000163,-43.48004000000000246,3.43000000000000016,6.68900000000000006,ML,,GROPE,reviewed,manual,nz1dr,22,14,11,0.07300000000000000,216.00000000000000000,0.26645000000000002,0.15700000000000000
3631544,earthquake,2011-12-23T08:01:22.499Z,2013-09-26T08:44:00.000Z,172.81567000000001144,-43.50639000000000323,3.97900000000000009,7.14860000000000007,ML,,GROPE,reviewed,manual,nz1dr,27,16,39,0.07199999999999999,213.00000000000000000,0.27856999999999998,0.20599999999999999
3631533,earthquake,2011-12-23T07:35:32.047Z,2013-09-05T11:35:00.000Z,172.82796999999999343,-43.50421000000000049,3.14999999999999991,10.05680000000000085,ML,,GROPE,reviewed,manual,nz1dr,11,7,4,0.16600000000000001,222.00000000000000000,0.15112999999999999,0.19600000000000001
3631525,earthquake,2011-12-23T07:14:52.968Z,2013-09-05T11:35:00.000Z,172.79114000000001283,-43.51406000000000063,3.15799999999999992,13.75839999999999996,ML,,GROPE,reviewed,manual,nz1dr,14,9,5,0.11100000000000000,214.00000000000000000,0.19827000000000000,0.26000000000000001
3631518,earthquake,2011-12-23T06:59:34.815Z,2013-09-05T11:35:00.000Z,172.82120000000000459,-43.49369000000000085,3.16000000000000014,10.22359999999999935,ML,,GROPE,reviewed,manual,nz1dr,11,6,5,0.16600000000000001,219.00000000000000000,0.20666000000000001,0.22000000000000000
3631516,earthquake,2011-12-23T06:53:27.704Z,2013-09-26T08:39:00.000Z,172.82552000000001158,-43.47675000000000267,3.72299999999999986,8.10839999999999961,ML,,GROPE,reviewed,manual,nz1dr,22,17,18,0.09400000000000000,211.00000000000000000,0.22528000000000001,0.20599999999999999
3631512,earthquake,2011-12-23T06:45:31.162Z,2013-09-05T11:35:00.000Z,172.78631999999998925,-43.48028000000000048,3.55699999999999994,8.56910000000000061,ML,,GROPE,reviewed,manual,nz1dr,18,13,15,0.12400000000000000,210.00000000000000000,0.38210000000000000,0.22600000000000001
3631504,earthquake,2011-12-23T06:26:05.898Z,2013-09-05T11:35:00.000Z,172.84340000000000259,-43.50540999999999769,3.55699999999999994,13.75760000000000005,ML,,GROPE,reviewed,manual,nz1dr,27,21,12,0.16500000000000001,170.00000000000000000,0.17943999999999999,0.19600000000000001
3631502,earthquake,2011-12-23T06:18:53.070Z,2013-09-05T11:35:00.000Z,172.78806000000000154,-43.55955999999999761,3.16699999999999982,10.88180000000000014,ML,,GROPE,reviewed,manual,nz1dr,23,13,5,0.02400000000000000,186.00000000000000000,0.18104999999999999,0.20000000000000001
3631493,earthquake,2011-12-23T06:00:05.127Z,2013-09-05T11:34:00.000Z,172.71398999999999546,-43.51749000000000223,3.12800000000000011,13.06670000000000087,ML,,GROPE,reviewed,manual,nz1dr,18,11,5,0.07000000000000001,174.00000000000000000,0.17294999999999999,0.17000000000000001
3725622,earthquake,2011-12-23T05:46:38.136Z,2013-09-05T11:56:00.000Z,172.87400999999999840,-43.48644999999999783,3.80100000000000016,12.53979999999999961,ML,,GROPE,reviewed,manual,nz1dr,22,14,29,0.12000000000000000,229.00000000000000000,0.23610999999999999,0.19900000000000001
3725633,earthquake,2011-12-23T05:45:12.675Z,2013-09-05T11:56:00.000Z,172.83528000000001157,-43.48917000000000144,3.02199999999999980,5.00000000000000000,ML,operator assigned,GROPE,reviewed,manual,nz1dr,15,8,5,0.17699999999999999,221.00000000000000000,0.29949999999999999,0.28499999999999998
3725621,earthquake,2011-12-23T05:44:53.292Z,2013-09-05T11:56:00.000Z,172.79456999999999312,-43.53388999999999953,3.34799999999999986,8.16510000000000069,ML,,GROPE,reviewed,manual,nz1dr,23,15,8,0.04800000000000000,208.00000000000000000,0.16486999999999999,0.21099999999999999
3631488,earthquake,2011-12-23T05:44:32.644Z,2013-09-05T11:34:00.000Z,172.80225999999998976,-43.52570000000000050,3.45900000000000007,8.32499999999999929,ML,,GROPE,reviewed,manual,nz1dr,28,15,9,0.05800000000000000,210.00000000000000000,0.18823999999999999,0.17799999999999999
3631487,earthquake,2011-12-23T05:42:25.790Z,2013-09-05T11:34:00.000Z,172.85489999999998645,-43.49410999999999916,3.44499999999999984,13.70790000000000042,ML,,GROPE,reviewed,manual,nz1dr,16,10,8,0.18099999999999999,226.00000000000000000,0.19434000000000001,0.27400000000000002
3631482,earthquake,2011-12-23T05:32:36.631Z,2013-09-05T11:34:00.000Z,172.78534999999999400,-43.55026000000000153,3.32900000000000018,8.55279999999999951,ML,,GROPE,reviewed,manual,nz1dr,26,14,6,0.03200000000000000,206.00000000000000000,0.18723000000000001,0.27000000000000002
3631476,earthquake,2011-12-23T05:15:15.871Z,2013-09-05T11:34:00.000Z,172.81434999999999036,-43.50851999999999720,3.29599999999999982,10.52459999999999951,ML,,GROPE,reviewed,manual,nz1dr,14,9,8,0.15500000000000000,184.00000000000000000,0.19188000000000000,0.20000000000000001
3631471,earthquake,2011-12-23T05:10:57.275Z,2013-09-05T11:34:00.000Z,172.76935000000000286,-43.52121999999999957,3.16800000000000015,12.63519999999999932,ML,,GROPE,reviewed,manual,nz1dr,13,7,5,0.11500000000000000,230.00000000000000000,0.14094000000000001,0.18099999999999999
3631467,earthquake,2011-12-23T05:01:05.456Z,2013-09-05T11:34:00.000Z,172.84770000000000323,-43.55095000000000027,3.72500000000000009,8.74080000000000013,ML,,GROPE,reviewed,manual,nz1dr,19,13,19,0.06300000000000000,251.00000000000000000,0.25949000000000000,0.20999999999999999
3631464,earthquake,2011-12-23T04:55:29.929Z,2013-09-05T11:34:00.000Z,172.77420000000000755,-43.45976000000000283,3.40899999999999981,5.00000000000000000,ML,operator assigned,GROPE,reviewed,manual,nz1dr,18,12,13,0.11500000000000000,205.00000000000000000,0.32345000000000002,0.17999999999999999
3725434,earthquake,2011-12-23T04:46:04.739Z,2013-09-05T11:56:00.000Z,172.87694999999999368,-43.48581000000000074,4.07800000000000029,5.00000000000000000,ML,operator assigned,GROPE,reviewed,manual,nz1dr,41,26,31,0.12200000000000000,218.00000000000000000,0.28459000000000001,0.24500000000000000
3725096,earthquake,2011-12-23T04:45:07.455Z,2013-09-05T11:56:00.000Z,172.77205000000000723,-43.48850999999999800,3.43999999999999995,9.48140000000000072,ML,,GROPE,reviewed,manual,nz1dr,20,14,10,0.05300000000000000,206.00000000000000000,0.29426000000000002,0.25600000000000001
3631460,earthquake,2011-12-23T04:43:49.630Z,2013-09-05T11:34:00.000Z,172.76030000000000086,-43.51301000000000130,3.31599999999999984,11.01069999999999993,ML,,GROPE,reviewed,manual,nz1dr,14,9,9,0.11799999999999999,206.00000000000000000,0.22445000000000001,0.21800000000000000
3631459,earthquake,2011-12-23T04:41:42.580Z,2013-09-05T11:34:00.000Z,172.78432000000000812,-43.55030000000000001,3.40399999999999991,8.82850000000000001,ML,,GROPE,reviewed,manual,nz1dr,20,13,7,0.03100000000000000,205.00000000000000000,0.19986000000000001,0.29699999999999999
3631457,earthquake,2011-12-23T04:37:59.284Z,2013-09-05T11:34:00.000Z,172.80212000000000216,-43.50021999999999878,3.46399999999999997,10.25179999999999936,ML,,GROPE,reviewed,manual,nz1dr,21,14,10,0.15100000000000000,171.00000000000000000,0.20041999999999999,0.16900000000000001
3631456,earthquake,2011-12-23T04:33:48.939Z,2013-09-05T11:34:00.000Z,172.83806000000001291,-43.50066000000000344,3.93199999999999994,13.39189999999999969,ML,,GROPE,reviewed,manual,nz1dr,23,13,38,0.09400000000000000,223.00000000000000000,0.18043999999999999,0.19800000000000001
3725075,earthquake,2011-12-23T04:31:56.897Z,2013-09-05T11:56:00.000Z,172.82725999999999544,-43.53822000000000259,3.08899999999999997,5.00000000000000000,ML,operator assigned,GROPE,reviewed,manual,nz1dr,13,8,4,0.15300000000000000,192.00000000000000000,0.25618000000000002,0.15300000000000000
3631453,earthquake,2011-12-23T04:28:28.198Z,2013-09-05T11:34:00.000Z,172.78023999999999205,-43.50365000000000038,3.88300000000000001,8.24200000000000088,ML,,GROPE,reviewed,manual,nz1dr,42,23,28,0.05700000000000000,213.00000000000000000,0.25125999999999998,0.22100000000000000
3631450,earthquake,2011-12-23T04:20:09.063Z,2013-09-05T11:34:00.000Z,172.78600000000000136,-43.48445000000000249,3.00199999999999978,9.54199999999999982,ML,,GROPE,reviewed,manual,nz1dr,10,6,4,0.14999999999999999,210.00000000000000000,0.18589000000000000,0.31900000000000001
3631449,earthquake,2011-12-23T04:16:13.945Z,2013-09-05T11:34:00.000Z,172.81043999999999983,-43.50950999999999880,3.18999999999999995,15.03200000000000003,ML,,GROPE,reviewed,manual,nz1dr,8,5,15,0.15200000000000000,218.00000000000000000,0.17557000000000000,0.33000000000000002
3631441,earthquake,2011-12-23T04:08:05.677Z,2013-09-05T11:34:00.000Z,172.80179999999998586,-43.48613000000000284,3.99500000000000011,8.46380000000000088,ML,,GROPE,reviewed,manual,nz1dr,39,24,45,0.07500000000000000,193.00000000000000000,0.21587000000000001,0.19100000000000000
3631436,earthquake,2011-12-23T04:00:39.038Z,2013-09-05T11:34:00.000Z,172.84006999999999721,-43.50175000000000125,4.01299999999999990,14.53589999999999982,ML,,GROPE,reviewed,manual,nz1dr,27,18,42,0.09300000000000000,223.00000000000000000,0.28536000000000000,0.20899999999999999
3724485,earthquake,2011-12-23T03:57:58.275Z,2013-09-05T11:56:00.000Z,172.80580000000000496,-43.55237999999999943,3.48799999999999999,7.71349999999999980,ML,,GROPE,reviewed,manual,nz1dr,22,12,16,0.03800000000000000,222.00000000000000000,0.17452000000000001,0.19300000000000000
3631435,earthquake,2011-12-23T03:57:26.772Z,2013-09-05T11:34:00.000Z,172.79358999999999469,-43.54628999999999905,3.58599999999999985,7.59210000000000029,ML,,GROPE,reviewed,manual,nz1dr,19,11,18,0.03800000000000000,234.00000000000000000,0.20452000000000001,0.20200000000000001
3724454,earthquake,2011-12-23T03:54:22.430Z,2013-09-05T11:56:00.000Z,172.79950999999999794,-43.49170999999999765,3.48700000000000010,14.58919999999999995,ML,,GROPE,reviewed,manual,nz1dr,14,8,20,0.15400000000000000,195.00000000000000000,0.16536000000000001,0.18800000000000000
3724471,earthquake,2011-12-23T03:51:59.348Z,2013-09-05T11:56:00.000Z,172.79872000000000298,-43.51308000000000220,3.54599999999999982,5.00000000000000000,ML,operator assigned,GROPE,reviewed,manual,nz1dr,10,4,5,0.14299999999999999,236.00000000000000000,0.18021000000000001,0.21700000000000000
3631432,earthquake,2011-12-23T03:50:14.223Z,2013-09-05T11:34:00.000Z,172.81983999999999924,-43.47232000000000340,4.70000000000000018,8.73809999999999931,Mw,,GROPE,reviewed,manual,nz1dr,51,36,0,0.09100000000000000,198.00000000000000000,0.28505000000000003,0.00000000000000000
3631428,earthquake,2011-12-23T03:44:03.301Z,2013-09-05T11:34:00.000Z,172.79623000000000843,-43.51404000000000138,3.10599999999999987,14.22139999999999915,ML,,GROPE,reviewed,manual,nz1dr,14,9,6,0.10800000000000000,214.00000000000000000,0.31391999999999998,0.23499999999999999
3724341,earthquake,2011-12-23T03:35:13.923Z,2013-09-05T11:56:00.000Z,172.75655000000000427,-43.56504000000000332,3.10199999999999987,13.06269999999999953,ML,,GROPE,reviewed,manual,nz1dr,9,4,7,0.11899999999999999,233.00000000000000000,0.25813999999999998,0.20999999999999999
3724317,earthquake,2011-12-23T03:33:40.411Z,2013-09-05T11:56:00.000Z,172.77190999999999121,-43.49589999999999890,3.61500000000000021,9.72809999999999953,ML,,GROPE,reviewed,manual,nz1dr,39,23,14,0.05100000000000000,186.00000000000000000,0.17219000000000001,0.22800000000000001
3724313,earthquake,2011-12-23T03:33:22.810Z,2013-09-05T11:56:00.000Z,172.79854000000000269,-43.50081000000000131,3.39100000000000001,10.88349999999999973,ML,,GROPE,reviewed,manual,nz1dr,25,16,4,0.07000000000000001,223.00000000000000000,0.19006000000000001,0.15800000000000000
3722920,earthquake,2011-12-23T03:30:55.259Z,2013-09-05T11:56:00.000Z,172.79173000000000116,-43.54059999999999775,3.62599999999999989,7.57680000000000042,ML,,GROPE,reviewed,manual,nz1dr,26,16,11,0.04200000000000000,208.00000000000000000,0.19913000000000000,0.33700000000000002
3631417,earthquake,2011-12-23T03:29:16.804Z,2013-09-26T08:31:00.000Z,172.79055999999999926,-43.53862000000000165,3.67600000000000016,7.80780000000000030,ML,,GROPE,reviewed,manual,nz1dr,27,16,14,0.04200000000000000,227.00000000000000000,0.18809000000000001,0.28100000000000003
3722915,earthquake,2011-12-23T03:28:32.344Z,2013-09-05T11:56:00.000Z,172.79717999999999734,-43.51379000000000019,3.00099999999999989,14.08000000000000007,ML,,GROPE,reviewed,manual,nz1dr,10,4,4,0.14099999999999999,236.00000000000000000,0.16594000000000000,0.20000000000000001
3631416,earthquake,2011-12-23T03:24:05.336Z,2013-09-05T11:34:00.000Z,172.80072000000001253,-43.46417000000000286,4.29999999999999982,6.70180000000000042,Mw,,GROPE,reviewed,manual,nz1dr,35,27,0,0.11100000000000000,199.00000000000000000,0.22763000000000000,0.00000000000000000
3722421,earthquake,2011-12-23T03:22:47.148Z,2013-09-05T11:56:00.000Z,172.85410999999999149,-43.49070999999999998,3.21200000000000019,10.50300000000000011,ML,,GROPE,reviewed,manual,nz1dr,13,8,5,0.18900000000000000,226.00000000000000000,0.14879000000000001,0.22300000000000000
3722398,earthquake,2011-12-23T03:22:07.177Z,2013-09-05T11:55:00.000Z,172.80928000000000111,-43.50741000000000014,4.14400000000000013,14.65740000000000087,ML,,GROPE,reviewed,manual,nz1dr,41,24,23,0.07500000000000000,238.00000000000000000,0.20030000000000001,0.37000000000000000
3631411,earthquake,2011-12-23T03:21:52.455Z,2013-09-05T11:34:00.000Z,172.79343000000000075,-43.49987000000000137,3.07200000000000006,12.83730000000000082,ML,,GROPE,reviewed,manual,nz1dr,19,11,4,0.11799999999999999,213.00000000000000000,0.14637000000000000,0.23499999999999999
3722346,earthquake,2011-12-23T03:16:50.067Z,2013-09-05T11:55:00.000Z,172.82419999999999050,-43.53795000000000215,3.29400000000000004,8.21380000000000088,ML,,GROPE,reviewed,manual,nz1dr,13,6,9,0.06200000000000000,244.00000000000000000,0.19708000000000001,0.24700000000000000
3631409,earthquake,2011-12-23T03:14:35.659Z,2013-10-01T08:51:00.000Z,172.85445000000001414,-43.47659000000000162,4.20000000000000018,10.34270000000000067,Mw,,GROPE,reviewed,manual,nz1dr,47,28,0,0.12000000000000000,243.00000000000000000,0.20472000000000001,0.00000000000000000
3631408,earthquake,2011-12-23T03:11:19.552Z,2013-09-05T11:33:00.000Z,172.80335999999999785,-43.51192999999999955,3.02400000000000002,5.81580000000000030,ML,,GROPE,reviewed,manual,nz1dr,12,6,9,0.06900000000000001,237.00000000000000000,0.31341999999999998,0.23200000000000001
3631405,earthquake,2011-12-23T03:05:07.376Z,2013-09-05T11:33:00.000Z,172.76278999999999542,-43.48380000000000223,3.70299999999999985,9.32199999999999918,ML,,GROPE,reviewed,manual,nz1dr,36,22,16,0.04800000000000000,204.00000000000000000,0.27976000000000001,0.20000000000000001
3721854,earthquake,2011-12-23T03:02:08.777Z,2013-09-05T11:55:00.000Z,172.70887999999999352,-43.54355999999999938,3.02000000000000002,12.77459999999999951,ML,,GROPE,reviewed,manual,nz1dr,8,4,9,0.07099999999999999,217.00000000000000000,0.19497000000000000,0.31300000000000000
3631404,earthquake,2011-12-23T03:00:58.832Z,2013-09-05T11:33:00.000Z,172.88537999999999784,-43.48787000000000091,3.51200000000000001,10.60149999999999970,ML,,GROPE,reviewed,manual,nz1dr,21,13,15,0.12800000000000000,231.00000000000000000,0.24790999999999999,0.17899999999999999
3721718,earthquake,2011-12-23T02:58:14.177Z,2013-09-05T11:55:00.000Z,172.72745000000000459,-43.53925000000000267,3.01299999999999990,11.28769999999999918,ML,,GROPE,reviewed,manual,nz1dr,10,5,5,0.08500000000000001,222.00000000000000000,0.19672999999999999,0.36299999999999999
3631403,earthquake,2011-12-23T02:56:44.993Z,2013-09-05T11:33:00.000Z,172.76379000000000019,-43.50442999999999927,3.66100000000000003,9.02360000000000007,ML,,GROPE,reviewed,manual,nz1dr,33,21,17,0.04500000000000000,132.00000000000000000,0.17441000000000001,0.18700000000000000
3721310,earthquake,2011-12-23T02:47:58.422Z,2013-09-05T11:55:00.000Z,172.82186999999998989,-43.46477000000000146,4.64900000000000002,8.81119999999999948,ML,,GROPE,reviewed,manual,nz1dr,45,32,86,0.09500000000000000,239.00000000000000000,0.19023000000000001,0.24199999999999999
3631400,earthquake,2011-12-23T02:47:45.707Z,2013-09-05T11:33:00.000Z,172.85594000000000392,-43.52051999999999765,3.15399999999999991,10.61439999999999984,ML,,GROPE,reviewed,manual,nz1dr,26,19,13,0.08599999999999999,229.00000000000000000,0.26334999999999997,0.26600000000000001
3631422,earthquake,2011-12-23T02:43:20.783Z,2013-09-05T11:34:00.000Z,172.88340999999999781,-43.44440000000000168,3.16699999999999982,5.00000000000000000,ML,operator assigned,GROPE,reviewed,manual,nz1dr,9,4,5,0.17299999999999999,280.00000000000000000,0.21704999999999999,0.24399999999999999
3721263,earthquake,2011-12-23T02:41:02.334Z,2013-09-05T11:55:00.000Z,172.78498999999999342,-43.50231000000000137,3.53699999999999992,10.04490000000000016,ML,,GROPE,reviewed,manual,nz1dr,28,17,11,0.06000000000000000,206.00000000000000000,0.18904000000000001,0.14899999999999999
3631395,earthquake,2011-12-23T02:40:00.376Z,2013-09-05T11:33:00.000Z,172.79096999999998729,-43.48850999999999800,4.35599999999999987,7.77479999999999993,ML,,GROPE,reviewed,manual,nz1dr,59,40,67,0.06600000000000000,142.00000000000000000,0.17247999999999999,0.23300000000000001
3720763,earthquake,2011-12-23T02:36:23.420Z,2013-09-05T11:55:00.000Z,172.75445999999999458,-43.52665999999999968,3.38600000000000012,7.15850000000000009,ML,,GROPE,reviewed,manual,nz1dr,24,16,8,0.04300000000000000,194.00000000000000000,0.19620000000000001,0.21299999999999999
3720745,earthquake,2011-12-23T02:34:29.697Z,2013-09-05T11:55:00.000Z,172.84731999999999630,-43.49296999999999969,3.87500000000000000,16.61779999999999902,ML,,GROPE,reviewed,manual,nz1dr,23,15,21,0.10400000000000000,224.00000000000000000,0.18243999999999999,0.29699999999999999
3720734,earthquake,2011-12-23T02:33:35.360Z,2013-09-05T11:55:00.000Z,172.82175000000000864,-43.51299000000000206,3.52999999999999980,16.06769999999999854,ML,,GROPE,reviewed,manual,nz1dr,10,5,8,0.14799999999999999,241.00000000000000000,0.27032000000000000,0.15900000000000000
3720726,earthquake,2011-12-23T02:31:51.963Z,2013-09-05T11:55:00.000Z,172.81231999999999971,-43.48958999999999975,3.83599999999999985,7.32829999999999959,ML,,GROPE,reviewed,manual,nz1dr,22,11,11,0.09200000000000000,217.00000000000000000,0.25674000000000002,0.22900000000000001
3720725,earthquake,2011-12-23T02:31:20.072Z,2013-09-05T11:55:00.000Z,172.79738000000000397,-43.47498999999999825,3.68699999999999983,9.12390000000000079,ML,,GROPE,reviewed,manual,nz1dr,29,16,8,0.10000000000000001,220.00000000000000000,0.22413000000000000,0.23899999999999999
3720703,earthquake,2011-12-23T02:30:48.592Z,2013-09-05T11:55:00.000Z,172.81804999999999950,-43.51702000000000226,3.82100000000000017,5.00000000000000000,ML,operator assigned,GROPE,reviewed,manual,nz1dr,31,16,10,0.07199999999999999,238.00000000000000000,0.24066000000000001,0.26800000000000002
3720697,earthquake,2011-12-23T02:30:11.950Z,2013-09-05T11:55:00.000Z,172.80295000000000982,-43.54312999999999789,3.56400000000000006,8.25740000000000052,ML,,GROPE,reviewed,manual,nz1dr,13,7,5,0.04400000000000000,240.00000000000000000,0.09558999999999999,0.19700000000000001
3720690,earthquake,2011-12-23T02:29:58.698Z,2013-09-05T11:55:00.000Z,172.78150999999999726,-43.50489000000000317,3.53900000000000015,8.32080000000000020,ML,,GROPE,reviewed,manual,nz1dr,25,14,6,0.05800000000000000,214.00000000000000000,0.18165000000000001,0.13100000000000001
3720678,earthquake,2011-12-23T02:29:23.224Z,2013-09-05T11:55:00.000Z,172.82180999999999926,-43.49783999999999651,3.79599999999999982,9.04550000000000054,ML,,GROPE,reviewed,manual,nz1dr,23,12,10,0.08699999999999999,240.00000000000000000,0.22822999999999999,0.25900000000000001
3719163,earthquake,2011-12-23T02:28:59.117Z,2013-09-05T11:55:00.000Z,172.79410999999998921,-43.55120999999999754,3.65300000000000002,10.57549999999999990,ML,,GROPE,reviewed,manual,nz1dr,27,15,9,0.03400000000000000,129.00000000000000000,0.24206000000000000,0.14399999999999999
3719161,earthquake,2011-12-23T02:28:40.974Z,2013-09-05T11:55:00.000Z,172.79137000000000057,-43.56224000000000274,3.29099999999999993,10.86439999999999984,ML,,GROPE,reviewed,manual,nz1dr,20,11,5,0.02300000000000000,220.00000000000000000,0.20699000000000001,0.15800000000000000
3719157,earthquake,2011-12-23T02:28:02.499Z,2013-09-05T11:55:00.000Z,172.73493999999999460,-43.51713999999999771,3.40700000000000003,12.87049999999999983,ML,,GROPE,reviewed,manual,nz1dr,11,6,7,0.10100000000000001,222.00000000000000000,0.17360000000000000,0.32400000000000001
3719144,earthquake,2011-12-23T02:27:10.264Z,2013-09-05T11:55:00.000Z,172.81714999999999804,-43.51780000000000115,3.03799999999999981,5.00000000000000000,ML,operator assigned,GROPE,reviewed,manual,nz1dr,13,5,5,0.14899999999999999,241.00000000000000000,0.03740000000000000,0.08000000000000000
3719138,earthquake,2011-12-23T02:26:46.293Z,2013-09-05T11:55:00.000Z,172.72459000000000628,-43.52703000000000344,3.52599999999999980,13.62589999999999968,ML,,GROPE,reviewed,manual,nz1dr,17,9,8,0.06500000000000000,197.00000000000000000,0.16053000000000001,0.33100000000000002
3719132,earthquake,2011-12-23T02:24:59.490Z,2013-09-05T11:55:00.000Z,172.76875000000001137,-43.49244999999999806,3.93800000000000017,10.44870000000000054,ML,,GROPE,reviewed,manual,nz1dr,33,18,8,0.07800000000000000,184.00000000000000000,0.22975000000000001,0.19700000000000001
3719128,earthquake,2011-12-23T02:24:24.227Z,2013-09-05T11:55:00.000Z,172.82723999999998910,-43.52011999999999858,3.45599999999999996,9.32360000000000078,ML,,GROPE,reviewed,manual,nz1dr,9,4,5,0.12200000000000000,286.00000000000000000,0.16889000000000001,0.20399999999999999
3719117,earthquake,2011-12-23T02:23:44.670Z,2013-09-05T11:55:00.000Z,172.81571999999999889,-43.47357000000000227,3.90899999999999981,10.99579999999999913,ML,,GROPE,reviewed,manual,nz1dr,34,19,4,0.08799999999999999,273.00000000000000000,0.14246000000000000,0.14699999999999999
3719091,earthquake,2011-12-23T02:23:38.631Z,2013-09-05T11:55:00.000Z,172.78046000000000504,-43.53423000000000087,4.15299999999999958,10.90230000000000032,ML,,GROPE,reviewed,manual,nz1dr,43,24,7,0.04100000000000000,162.00000000000000000,0.18922000000000000,0.18200000000000000
3719086,earthquake,2011-12-23T02:22:18.988Z,2013-09-05T11:55:00.000Z,172.81032999999999333,-43.47480000000000189,4.05700000000000038,8.88509999999999955,ML,,GROPE,reviewed,manual,nz1dr,15,9,6,0.13700000000000001,279.00000000000000000,0.21747000000000000,0.23899999999999999
3631381,earthquake,2011-12-23T02:20:03.892Z,2013-09-05T11:33:00.000Z,172.74001000000001227,-43.48698999999999870,4.11200000000000010,10.62379999999999924,ML,,GROPE,reviewed,manual,nz1dr,25,15,3,0.03200000000000000,194.00000000000000000,0.14341999999999999,0.18600000000000000
3719081,earthquake,2011-12-23T02:19:55.517Z,2013-09-05T11:55:00.000Z,172.79786999999998898,-43.48763999999999896,4.11099999999999977,6.50180000000000025,ML,,GROPE,reviewed,manual,nz1dr,20,9,3,0.07099999999999999,295.00000000000000000,0.12592999999999999,0.13900000000000001
3631380,earthquake,2011-12-23T02:18:03.590Z,2013-10-01T08:47:00.000Z,172.74977000000001226,-43.52452000000000254,5.90000000000000036,7.48650000000000038,Mw,,GROPE,reviewed,manual,nz1dr,50,43,0,0.04100000000000000,153.00000000000000000,0.28059000000000001,0.00000000000000000
3631397,earthquake,2011-12-23T02:10:01.434Z,2013-09-25T16:05:00.000Z,172.46444999999999936,-43.63976000000000255,3.26200000000000001,6.26470000000000038,ML,,GROPE,reviewed,manual,nz1dr,20,13,7,0.08799999999999999,135.00000000000000000,0.34638000000000002,0.15400000000000000
3718569,earthquake,2011-12-23T02:06:50.564Z,2013-09-05T11:54:00.000Z,172.73079999999998790,-43.52974999999999994,3.35400000000000009,6.73859999999999992,ML,,GROPE,reviewed,manual,nz1dr,25,17,8,0.03400000000000000,162.00000000000000000,0.25666000000000000,0.25800000000000001
3718545,earthquake,2011-12-23T02:02:23.809Z,2013-09-05T11:54:00.000Z,172.73296999999999457,-43.55579999999999785,3.05600000000000005,13.85340000000000060,ML,,GROPE,reviewed,manual,nz1dr,12,6,4,0.08300000000000000,203.00000000000000000,0.23840000000000000,0.11600000000000001
3631386,earthquake,2011-12-23T01:58:20.873Z,2013-09-05T11:33:00.000Z,172.82642000000001303,-43.52228000000000208,3.12599999999999989,8.87770000000000081,ML,,GROPE,reviewed,manual,nz1dr,10,6,5,0.15700000000000000,223.00000000000000000,0.20510999999999999,0.22700000000000001
3631372,earthquake,2011-12-23T01:50:25.300Z,2013-09-05T11:33:00.000Z,172.83257000000000403,-43.46387000000000000,4.06700000000000017,9.56859999999999999,ML,,GROPE,reviewed,manual,nz1dr,40,25,38,0.10299999999999999,232.00000000000000000,0.23205000000000001,0.24700000000000000
3718113,earthquake,2011-12-23T01:48:18.676Z,2013-09-05T11:54:00.000Z,172.79780999999999835,-43.47276999999999703,3.64999999999999991,5.00000000000000000,ML,operator assigned,GROPE,reviewed,manual,nz1dr,15,9,15,0.12900000000000000,233.00000000000000000,0.33306999999999998,0.20599999999999999
3631376,earthquake,2011-12-23T01:48:04.604Z,2013-09-25T16:02:00.000Z,172.85044999999999504,-43.52076999999999884,3.63200000000000012,18.22599999999999909,ML,,GROPE,reviewed,manual,nz1dr,20,13,18,0.15700000000000000,228.00000000000000000,0.29355999999999999,0.22100000000000000
3718029,earthquake,2011-12-23T01:44:14.110Z,2013-09-05T11:54:00.000Z,172.87739999999999441,-43.49828999999999724,3.68999999999999995,15.13289999999999935,ML,,GROPE,reviewed,manual,nz1dr,12,7,21,0.19000000000000000,231.00000000000000000,0.12213000000000000,0.25800000000000001
3717543,earthquake,2011-12-23T01:41:39.033Z,2013-09-25T15:27:00.000Z,172.83582999999998719,-43.47932999999999737,4.37000000000000011,6.91790000000000038,ML,,GROPE,reviewed,manual,nz1dr,32,23,65,0.10000000000000001,168.00000000000000000,0.23149000000000000,0.18400000000000000
3631371,earthquake,2011-12-23T01:39:58.680Z,2013-09-05T11:33:00.000Z,172.76085000000000491,-43.52396000000000242,3.07200000000000006,14.33939999999999948,ML,,GROPE,reviewed,manual,nz1dr,11,4,5,0.11300000000000000,229.00000000000000000,0.14826000000000000,0.25200000000000000
3717526,earthquake,2011-12-23T01:38:52.124Z,2013-09-05T11:54:00.000Z,172.82381000000000881,-43.49698000000000064,3.07299999999999995,14.21809999999999974,ML,,GROPE,reviewed,manual,nz1dr,8,4,4,0.16600000000000001,240.00000000000000000,0.18343000000000001,0.23300000000000001
3717514,earthquake,2011-12-23T01:38:04.178Z,2013-09-05T11:54:00.000Z,172.79829000000000860,-43.51946000000000225,3.23799999999999999,11.23859999999999992,ML,,GROPE,reviewed,manual,nz1dr,11,7,6,0.13500000000000001,280.00000000000000000,0.08530000000000000,0.14000000000000001
3717509,earthquake,2011-12-23T01:37:07.782Z,2013-09-05T11:54:00.000Z,172.81656000000000972,-43.51534000000000191,3.09699999999999998,11.02270000000000039,ML,,GROPE,reviewed,manual,nz1dr,11,6,6,0.15300000000000000,241.00000000000000000,0.12570000000000001,0.25900000000000001
3631374,earthquake,2011-12-23T01:36:26.980Z,2013-09-05T11:33:00.000Z,172.89241000000001236,-43.50661999999999807,3.32200000000000006,14.95400000000000063,ML,,GROPE,reviewed,manual,nz1dr,14,7,8,0.20799999999999999,186.00000000000000000,0.16460000000000000,0.21199999999999999
3717490,earthquake,2011-12-23T01:31:16.164Z,2013-09-05T11:54:00.000Z,172.76938000000001239,-43.52299000000000007,3.37300000000000022,11.76999999999999957,ML,,GROPE,reviewed,manual,nz1dr,12,6,3,0.11899999999999999,232.00000000000000000,0.18511000000000000,0.19500000000000001
3631369,earthquake,2011-12-23T01:30:27.078Z,2013-09-05T11:33:00.000Z,172.79173000000000116,-43.52962999999999738,4.40000000000000036,9.30219999999999914,Mw,,GROPE,reviewed,manual,nz1dr,56,37,0,0.05000000000000000,203.00000000000000000,0.26741999999999999,0.00000000000000000
3717373,earthquake,2011-12-23T01:26:03.832Z,2013-09-05T11:54:00.000Z,172.82532000000000494,-43.44028000000000134,3.77800000000000002,21.07550000000000168,ML,,GROPE,reviewed,manual,nz1dr,24,10,28,0.11000000000000000,214.00000000000000000,0.21023000000000000,0.20899999999999999
3631368,earthquake,2011-12-23T01:26:01.312Z,2013-09-05T11:33:00.000Z,172.83182999999999652,-43.49909000000000248,3.57799999999999985,7.83220000000000027,ML,,GROPE,reviewed,manual,nz1dr,23,12,4,0.09200000000000000,222.00000000000000000,0.15537000000000001,0.22400000000000000
3715438,earthquake,2011-12-23T01:25:48.024Z,2013-09-05T11:54:00.000Z,172.84959000000000628,-43.49481999999999715,3.37300000000000022,15.07579999999999920,ML,,GROPE,reviewed,manual,nz1dr,22,12,4,0.15900000000000000,225.00000000000000000,0.18826000000000001,0.22100000000000000
3715420,earthquake,2011-12-23T01:22:56.395Z,2013-09-05T11:54:00.000Z,172.82198999999999955,-43.50379000000000218,3.11299999999999999,12.00000000000000000,ML,,GROPE,reviewed,manual,nz1dr,8,4,4,0.16200000000000001,240.00000000000000000,0.16628000000000001,0.14999999999999999
3715407,earthquake,2011-12-23T01:19:41.132Z,2013-09-05T11:54:00.000Z,172.79195000000001414,-43.51859000000000322,3.03100000000000014,14.23109999999999964,ML,,GROPE,reviewed,manual,nz1dr,9,4,6,0.13600000000000001,236.00000000000000000,0.23430999999999999,0.23699999999999999
3715402,earthquake,2011-12-23T01:18:27.991Z,2013-09-05T11:54:00.000Z,172.84200000000001296,-43.47536000000000200,3.54000000000000004,11.97439999999999927,ML,,GROPE,reviewed,manual,nz1dr,14,7,13,0.18900000000000000,174.00000000000000000,0.16925000000000001,0.24900000000000000
3631406,earthquake,2011-12-23T01:18:10.600Z,2013-09-05T11:33:00.000Z,172.85602000000000089,-43.47838000000000136,3.28200000000000003,11.68379999999999974,ML,,GROPE,reviewed,manual,nz1dr,15,9,4,0.19600000000000001,187.00000000000000000,0.20111999999999999,0.32000000000000001
3714872,earthquake,2011-12-23T01:16:06.105Z,2013-09-05T11:54:00.000Z,172.75511000000000195,-43.53016000000000219,3.25000000000000000,8.31209999999999916,ML,,GROPE,reviewed,manual,nz1dr,18,10,4,0.05300000000000000,204.00000000000000000,0.28301999999999999,0.05900000000000000
3714862,earthquake,2011-12-23T01:15:26.429Z,2013-09-05T11:54:00.000Z,172.82875000000001364,-43.50766999999999740,3.80299999999999994,6.49080000000000013,ML,,GROPE,reviewed,manual,nz1dr,32,19,18,0.08400000000000001,220.00000000000000000,0.23202999999999999,0.16200000000000001
3631367,earthquake,2011-12-23T01:14:58.662Z,2013-09-25T15:24:00.000Z,172.83931999999998652,-43.47379999999999711,4.08600000000000030,8.52759999999999962,ML,,GROPE,reviewed,manual,nz1dr,35,24,43,0.10400000000000000,181.00000000000000000,0.18965000000000001,0.25600000000000001
3714307,earthquake,2011-12-23T01:11:23.118Z,2013-09-05T11:53:00.000Z,172.82423000000000002,-43.51894000000000062,4.53500000000000014,8.08179999999999943,ML,,GROPE,reviewed,manual,nz1dr,32,24,71,0.07300000000000000,189.00000000000000000,0.22337000000000001,0.22800000000000001
3714301,earthquake,2011-12-23T01:11:00.367Z,2013-09-05T11:53:00.000Z,172.77937000000000012,-43.52179000000000286,3.63600000000000012,9.05879999999999974,ML,,GROPE,reviewed,manual,nz1dr,12,6,6,0.12200000000000000,233.00000000000000000,0.18515000000000001,0.13100000000000001
3714287,earthquake,2011-12-23T01:10:46.197Z,2013-09-05T11:53:00.000Z,172.79175000000000750,-43.50054999999999694,3.59500000000000020,14.21759999999999913,ML,,GROPE,reviewed,manual,nz1dr,18,10,6,0.12900000000000000,165.00000000000000000,0.23296000000000000,0.26100000000000001
3713826,earthquake,2011-12-23T01:09:57.706Z,2013-09-05T11:53:00.000Z,172.81443999999999050,-43.51698999999999984,3.77800000000000002,16.66240000000000165,ML,,GROPE,reviewed,manual,nz1dr,9,4,8,0.15100000000000000,240.00000000000000000,0.21815000000000001,0.23899999999999999
3713809,earthquake,2011-12-23T01:07:51.689Z,2013-09-05T11:53:00.000Z,172.81737000000001103,-43.47498000000000218,4.70399999999999974,7.47520000000000007,ML,,GROPE,reviewed,manual,nz1dr,43,30,13,0.07099999999999999,228.00000000000000000,0.20018000000000000,0.22000000000000000
3713774,earthquake,2011-12-23T01:07:20.673Z,2013-09-05T11:53:00.000Z,172.91634999999999422,-43.45295999999999736,4.53699999999999992,12.38749999999999929,ML,,GROPE,reviewed,manual,nz1dr,28,17,4,0.14599999999999999,270.00000000000000000,0.22795000000000001,0.24299999999999999
3631363,earthquake,2011-12-23T01:06:26.095Z,2013-09-05T11:33:00.000Z,172.81302999999999770,-43.47494999999999976,5.40000000000000036,7.47850000000000037,Mw,,GROPE,reviewed,manual,nz1dr,68,50,0,0.06800000000000000,169.00000000000000000,0.28522999999999998,0.00000000000000000
3713759,earthquake,2011-12-23T01:06:04.599Z,2013-09-05T11:53:00.000Z,172.84868000000000166,-43.50744999999999862,3.33000000000000007,10.26050000000000040,ML,,GROPE,reviewed,manual,nz1dr,10,4,4,0.17799999999999999,245.00000000000000000,0.16228999999999999,0.15600000000000000
3713747,earthquake,2011-12-23T01:04:49.628Z,2013-09-05T11:53:00.000Z,172.82062999999999420,-43.50836999999999932,3.43800000000000017,11.28989999999999938,ML,,GROPE,reviewed,manual,nz1dr,10,4,4,0.15900000000000000,240.00000000000000000,0.15160999999999999,0.20100000000000001
3713300,earthquake,2011-12-23T01:04:42.954Z,2013-09-05T11:53:00.000Z,172.36526000000000636,-43.56524999999999892,3.24299999999999988,5.00000000000000000,ML,operator assigned,GROPE,reviewed,manual,nz1dr,9,3,3,0.18800000000000000,231.00000000000000000,0.18665000000000001,0.22200000000000000
3713294,earthquake,2011-12-23T01:03:58.463Z,2013-09-05T11:53:00.000Z,172.79901000000000977,-43.46506000000000114,3.80799999999999983,9.00000000000000000,ML,operator assigned,GROPE,reviewed,manual,nz1dr,8,4,7,0.17000000000000001,233.00000000000000000,0.21393999999999999,0.30599999999999999
3713288,earthquake,2011-12-23T01:02:57.633Z,2013-09-05T11:53:00.000Z,172.80582000000001131,-43.50551000000000101,4.28099999999999969,9.28049999999999997,ML,,GROPE,reviewed,manual,nz1dr,23,11,10,0.05400000000000000,238.00000000000000000,0.18969000000000000,0.23599999999999999
3713284,earthquake,2011-12-23T01:02:20.634Z,2013-09-05T11:53:00.000Z,172.88039000000000556,-43.39296999999999827,3.90399999999999991,5.00000000000000000,ML,operator assigned,GROPE,reviewed,manual,nz1dr,7,3,4,0.26200000000000001,244.00000000000000000,0.26308999999999999,0.17599999999999999
3713255,earthquake,2011-12-23T01:00:53.931Z,2013-09-05T11:53:00.000Z,172.82914999999999850,-43.52389999999999759,5.00000000000000000,7.73639999999999972,Mw,,GROPE,reviewed,manual,nz1dr,77,46,0,0.07099999999999999,188.00000000000000000,0.26239000000000001,0.00000000000000000
3713670,earthquake,2011-12-23T01:00:50.092Z,2013-09-05T11:53:00.000Z,172.79069999999998686,-43.52053999999999689,4.05299999999999994,5.00000000000000000,ML,operator assigned,GROPE,reviewed,manual,nz1dr,24,18,4,0.04500000000000000,221.00000000000000000,0.25220999999999999,0.26500000000000001
3713228,earthquake,2011-12-23T01:00:25.550Z,2013-09-05T11:53:00.000Z,172.78338999999999714,-43.53271999999999764,4.29100000000000037,9.12630000000000052,ML,,GROPE,reviewed,manual,nz1dr,43,26,4,0.04400000000000000,161.00000000000000000,0.21826999999999999,0.22900000000000001
3713218,earthquake,2011-12-23T00:59:58.429Z,2013-09-05T11:53:00.000Z,172.84502000000000521,-43.51254000000000133,4.46300000000000008,7.80919999999999970,ML,,GROPE,reviewed,manual,nz1dr,26,15,4,0.08300000000000000,226.00000000000000000,0.17496000000000000,0.31600000000000000
3631359,earthquake,2011-12-23T00:58:38.147Z,2013-09-05T11:33:00.000Z,172.79950999999999794,-43.48138000000000147,5.79999999999999982,10.01469999999999949,Mw,,GROPE,reviewed,manual,nz1dr,64,59,0,0.05700000000000000,96.00000000000000000,0.26801000000000003,0.00000000000000000
3631229,earthquake,2011-12-22T18:38:42.520Z,2013-09-05T11:32:00.000Z,173.26162999999999670,-42.49298000000000286,3.02000000000000002,47.20539999999999736,ML,,GROPE,reviewed,manual,nz1dr,23,17,6,0.22000000000000000,130.00000000000000000,0.31053999999999998,0.16100000000000000
3630675,earthquake,2011-12-21T17:13:59.480Z,2013-09-05T11:30:00.000Z,172.38539000000000101,-43.55722999999999701,3.38799999999999990,8.18779999999999930,ML,,GROPE,reviewed,manual,nz1dr,22,18,13,0.06300000000000000,74.00000000000000000,0.27807999999999999,0.13400000000000001
3630616,earthquake,2011-12-21T14:25:07.354Z,2013-09-25T11:30:00.000Z,172.18961999999999080,-43.35683999999999827,3.10300000000000020,5.00000000000000000,ML,operator assigned,GROPE,reviewed,manual,nz1dr,16,13,7,0.11400000000000000,110.00000000000000000,0.17671000000000001,0.30700000000000000
3628757,earthquake,2011-12-18T02:19:30.721Z,2013-09-05T11:23:00.000Z,172.58082999999999174,-43.59206999999999965,3.43100000000000005,5.00000000000000000,ML,operator assigned,GROPE,reviewed,manual,nz1dr,23,18,7,0.00800000000000000,108.00000000000000000,0.19646000000000000,0.27200000000000002
3628315,earthquake,2011-12-17T06:42:19.740Z,2013-09-05T11:22:00.000Z,172.73837000000000330,-43.60085000000000122,3.30699999999999994,7.92799999999999994,ML,,GROPE,reviewed,manual,nz1dr,28,20,9,0.01700000000000000,94.00000000000000000,0.21429999999999999,0.15500000000000000
3627704,earthquake,2011-12-16T01:49:54.397Z,2013-09-05T11:20:00.000Z,172.88901000000001318,-42.74667000000000172,3.35800000000000010,33.00000000000000000,ML,operator assigned,GROPE,reviewed,manual,nz1dr,23,17,20,0.22600000000000001,134.00000000000000000,0.27134999999999998,0.20000000000000001
3626893,earthquake,2011-12-14T12:35:01.564Z,2013-09-05T11:17:00.000Z,172.31520000000000437,-43.57883999999999958,3.48300000000000010,5.00000000000000000,ML,operator assigned,GROPE,reviewed,manual,nz1dr,20,14,15,0.11700000000000001,105.00000000000000000,0.22314000000000001,0.13100000000000001
3626318,earthquake,2011-12-13T11:02:59.481Z,2013-09-23T14:41:00.000Z,172.95766000000000417,-42.04514999999999958,3.15099999999999980,66.28149999999999409,ML,,GROPE,reviewed,manual,nz1dr,28,21,14,0.28399999999999997,60.00000000000000000,0.27390999999999999,0.26400000000000001
3623096,earthquake,2011-12-07T07:08:29.288Z,2013-09-05T11:07:00.000Z,172.69562999999999420,-43.59431000000000012,3.03399999999999981,7.10879999999999956,ML,,GROPE,reviewed,manual,nz1dr,20,15,12,0.01600000000000000,125.00000000000000000,0.18595999999999999,0.36299999999999999
3621452,earthquake,2011-12-04T07:15:26.615Z,2013-09-24T15:36:00.000Z,172.08501000000001113,-43.24631000000000114,3.44499999999999984,7.26630000000000020,ML,,GROPE,reviewed,manual,nz1dr,27,18,12,0.08799999999999999,65.00000000000000000,0.22358000000000000,0.22700000000000001
3620560,earthquake,2011-12-02T12:04:26.245Z,2013-09-05T10:58:00.000Z,172.58170999999998685,-43.60542000000000229,3.28399999999999981,6.72090000000000032,ML,,GROPE,reviewed,manual,nz1dr,18,12,5,0.01600000000000000,104.00000000000000000,0.21257000000000001,0.12800000000000000
3620118,earthquake,2011-12-01T17:06:28.586Z,2013-09-05T10:57:00.000Z,172.60281000000000518,-43.62190999999999974,3.30399999999999983,12.00000000000000000,ML,operator assigned,GROPE,reviewed,manual,nz1dr,22,17,7,0.02000000000000000,67.00000000000000000,0.12431000000000000,0.20899999999999999
3619367,earthquake,2011-11-30T06:09:18.217Z,2013-09-04T16:24:00.000Z,172.89197999999998956,-43.72657000000000238,3.55900000000000016,12.00000000000000000,ML,operator assigned,GROPE,reviewed,manual,nz1dr,17,12,13,0.10000000000000001,115.00000000000000000,0.19594000000000000,0.22300000000000000
3619036,earthquake,2011-11-29T15:11:51.942Z,2013-09-04T16:23:00.000Z,172.64707999999998833,-43.57198999999999955,3.33899999999999997,4.39290000000000003,ML,,GROPE,reviewed,manual,nz1dr,21,16,10,0.01700000000000000,98.00000000000000000,0.19334000000000001,0.17599999999999999
3618875,earthquake,2011-11-29T08:03:08.913Z,2013-09-04T16:23:00.000Z,172.66642999999999120,-43.58948999999999785,3.20500000000000007,5.99589999999999979,ML,,GROPE,reviewed,manual,nz1dr,20,15,8,0.04100000000000000,73.00000000000000000,0.31949000000000000,0.21900000000000000
3617308,earthquake,2011-11-26T08:36:23.507Z,2013-09-04T16:20:00.000Z,172.67307999999999879,-43.55548000000000286,3.12000000000000011,10.09490000000000087,ML,,GROPE,reviewed,manual,nz1dr,14,11,6,0.03700000000000000,139.00000000000000000,0.32190999999999997,0.28599999999999998
3616633,earthquake,2011-11-25T02:54:20.802Z,2013-09-04T16:19:00.000Z,172.73720000000000141,-43.56387000000000143,3.47199999999999998,10.27749999999999986,ML,,GROPE,reviewed,manual,nz1dr,31,23,11,0.01100000000000000,132.00000000000000000,0.15426999999999999,0.26900000000000002
3616094,earthquake,2011-11-24T04:17:47.144Z,2013-09-04T16:19:00.000Z,172.67625000000001023,-43.47663000000000011,3.24900000000000011,5.00000000000000000,ML,operator assigned,GROPE,reviewed,manual,nz1dr,20,15,8,0.03700000000000000,111.00000000000000000,0.24490000000000001,0.23999999999999999
3615382,earthquake,2011-11-23T00:43:45.270Z,2013-09-04T16:18:00.000Z,172.83683999999999514,-43.59318999999999988,3.02099999999999991,5.00000000000000000,ML,operator assigned,GROPE,reviewed,manual,nz1dr,10,6,8,0.15600000000000000,133.00000000000000000,0.26610000000000000,0.33500000000000002
3615280,earthquake,2011-11-22T21:12:11.062Z,2013-09-04T16:18:00.000Z,172.86295999999998685,-43.55908999999999764,3.23799999999999999,5.00000000000000000,ML,operator assigned,GROPE,reviewed,manual,nz1dr,17,13,5,0.17499999999999999,142.00000000000000000,0.17282000000000000,0.20399999999999999
3614881,earthquake,2011-11-22T03:50:21.489Z,2013-09-04T16:17:00.000Z,172.61169000000001006,-43.57580999999999705,3.34299999999999997,4.47090000000000032,ML,,GROPE,reviewed,manual,nz1dr,26,22,7,0.00800000000000000,54.00000000000000000,0.21546000000000001,0.21800000000000000
3614799,earthquake,2011-11-22T00:39:32.454Z,2013-09-19T10:53:00.000Z,171.85999000000001047,-43.57330000000000325,3.33000000000000007,15.09709999999999930,ML,,GROPE,reviewed,manual,nz1dr,19,14,10,0.26300000000000001,99.00000000000000000,0.23354000000000000,0.16800000000000001
3614525,earthquake,2011-11-21T12:18:39.381Z,2013-09-04T16:17:00.000Z,172.73184000000000538,-43.54287999999999670,3.48700000000000010,5.00000000000000000,ML,operator assigned,GROPE,reviewed,manual,nz1dr,32,28,13,0.03000000000000000,120.00000000000000000,0.23655000000000001,0.14899999999999999
3613224,earthquake,2011-11-19T08:53:34.973Z,2013-09-04T16:14:00.000Z,172.23510999999999171,-43.20691000000000059,3.53799999999999981,14.77229999999999954,ML,,GROPE,reviewed,manual,nz1dr,24,19,16,0.18800000000000000,64.00000000000000000,0.19267000000000001,0.27100000000000002
3613194,earthquake,2011-11-19T07:29:19.276Z,2013-09-04T16:14:00.000Z,172.49464000000000397,-43.60385000000000133,3.25499999999999989,5.00000000000000000,ML,operator assigned,GROPE,reviewed,manual,nz1dr,14,11,5,0.05500000000000000,121.00000000000000000,0.28255000000000002,0.21900000000000000
3613004,earthquake,2011-11-18T23:11:35.289Z,2013-09-04T16:14:00.000Z,172.86808999999999514,-43.65050000000000097,3.66299999999999981,7.18599999999999994,ML,,GROPE,reviewed,manual,nz1dr,36,24,16,0.10000000000000001,128.00000000000000000,0.17949999999999999,0.24500000000000000
3612368,earthquake,2011-11-17T19:58:24.083Z,2013-09-04T16:10:00.000Z,172.82460000000000377,-43.53175000000000239,3.30600000000000005,10.22330000000000005,ML,,GROPE,reviewed,manual,nz1dr,9,5,9,0.15300000000000000,189.00000000000000000,0.21625000000000000,0.19200000000000000
3611857,earthquake,2011-11-17T00:05:16.987Z,2013-09-04T16:09:00.000Z,172.76079999999998904,-43.59741000000000355,3.70000000000000018,7.04199999999999982,Mw,,GROPE,reviewed,manual,nz1dr,46,30,0,0.01900000000000000,124.00000000000000000,0.19309000000000001,0.00000000000000000
3611804,earthquake,2011-11-16T21:40:37.014Z,2013-09-04T16:09:00.000Z,172.29865000000000919,-43.54675999999999902,3.01100000000000012,5.00000000000000000,ML,operator assigned,GROPE,reviewed,manual,nz1dr,11,9,4,0.12600000000000000,89.00000000000000000,0.24454000000000001,0.18300000000000000
3611364,earthquake,2011-11-16T03:35:19.679Z,2013-09-04T16:08:00.000Z,172.63784999999998604,-43.57437999999999789,3.18599999999999994,5.00000000000000000,ML,operator assigned,GROPE,reviewed,manual,nz1dr,20,15,6,0.01100000000000000,92.00000000000000000,0.21121999999999999,0.22400000000000000
3610142,earthquake,2011-11-13T22:25:17.767Z,2013-09-04T16:06:00.000Z,172.64784000000000219,-43.60938999999999766,3.09299999999999997,5.59299999999999997,ML,,GROPE,reviewed,manual,nz1dr,16,9,4,0.00300000000000000,128.00000000000000000,0.12687000000000001,0.18600000000000000
3609903,earthquake,2011-11-13T10:28:33.296Z,2013-09-04T16:05:00.000Z,172.76604000000000383,-43.46748000000000189,3.02800000000000002,8.22380000000000067,ML,,GROPE,reviewed,manual,nz1dr,14,9,7,0.11600000000000001,163.00000000000000000,0.16594999999999999,0.28699999999999998
3609162,earthquake,2011-11-11T20:49:14.170Z,2013-09-04T16:04:00.000Z,172.46886000000000649,-43.64385999999999655,3.60000000000000009,8.93839999999999968,Mw,,GROPE,reviewed,manual,nz1dr,25,20,0,0.08900000000000000,137.00000000000000000,0.24723000000000001,0.00000000000000000
3607906,earthquake,2011-11-09T10:07:05.829Z,2013-09-04T16:02:00.000Z,172.78143000000000029,-43.62664999999999793,3.18599999999999994,5.89660000000000029,ML,,GROPE,reviewed,manual,nz1dr,20,15,5,0.04700000000000000,234.00000000000000000,0.19331000000000001,0.28999999999999998
3607718,earthquake,2011-11-09T01:36:14.777Z,2013-09-04T16:02:00.000Z,172.01416000000000395,-43.26257999999999981,3.43400000000000016,7.19610000000000039,ML,,GROPE,reviewed,manual,nz1dr,25,20,13,0.06700000000000000,69.00000000000000000,0.16708999999999999,0.28599999999999998
3607614,earthquake,2011-11-08T20:22:36.098Z,2013-09-04T16:02:00.000Z,171.99196000000000595,-43.27595000000000169,3.79999999999999982,7.85029999999999983,Mw,,GROPE,reviewed,manual,nz1dr,41,37,0,0.06200000000000000,32.00000000000000000,0.17591999999999999,0.00000000000000000
3607466,earthquake,2011-11-08T13:33:03.615Z,2013-09-04T16:01:00.000Z,172.51723000000001207,-43.60878000000000299,3.12599999999999989,7.73590000000000000,ML,,GROPE,reviewed,manual,nz1dr,21,16,7,0.04100000000000000,109.00000000000000000,0.21326999999999999,0.21700000000000000
3604781,earthquake,2011-11-03T14:07:42.898Z,2013-09-04T15:54:00.000Z,172.53236000000001127,-43.60058999999999685,3.24800000000000022,5.00000000000000000,ML,operator assigned,GROPE,reviewed,manual,nz1dr,21,18,8,0.02800000000000000,103.00000000000000000,0.23497999999999999,0.14699999999999999
3604478,earthquake,2011-11-03T00:17:46.143Z,2013-09-04T15:54:00.000Z,171.93512999999998669,-43.25618999999999659,3.37999999999999989,10.57990000000000030,ML,,GROPE,reviewed,manual,nz1dr,17,15,15,0.08400000000000001,60.00000000000000000,0.22245999999999999,0.16600000000000001
3604370,earthquake,2011-11-02T19:43:21.537Z,2013-09-04T15:54:00.000Z,173.97007999999999583,-42.96988000000000341,3.19600000000000017,12.00000000000000000,ML,operator assigned,GROPE,reviewed,manual,nz1dr,14,10,6,0.63800000000000001,197.00000000000000000,0.18833000000000000,0.06900000000000001
3603348,earthquake,2011-10-31T22:50:11.485Z,2013-09-04T15:09:00.000Z,173.96652000000000271,-43.48313000000000272,3.13200000000000012,12.00000000000000000,ML,operator assigned,GROPE,reviewed,manual,nz1dr,10,7,11,0.97999999999999998,252.00000000000000000,0.32368999999999998,0.41699999999999998
3601854,earthquake,2011-10-28T23:17:35.148Z,2013-09-04T15:06:00.000Z,172.67586000000000013,-43.54809999999999803,3.18100000000000005,11.61739999999999995,ML,,GROPE,reviewed,manual,nz1dr,13,9,5,0.04200000000000000,140.00000000000000000,0.15814000000000000,0.23300000000000001
3601706,earthquake,2011-10-28T15:45:08.904Z,2013-09-04T15:05:00.000Z,172.33727999999999270,-43.16226000000000340,3.02000000000000002,30.03340000000000032,ML,,GROPE,reviewed,manual,nz1dr,11,7,4,0.27400000000000002,139.00000000000000000,0.35676999999999998,0.11600000000000001
3601583,earthquake,2011-10-28T09:50:44.042Z,2013-09-04T15:04:00.000Z,171.74950999999998658,-43.57679999999999865,3.67499999999999982,17.29489999999999839,ML,,GROPE,reviewed,manual,nz1dr,17,14,17,0.06200000000000000,102.00000000000000000,0.38196999999999998,0.19000000000000000
3601477,earthquake,2011-10-28T04:51:30.975Z,2013-09-16T14:30:00.000Z,172.11409000000000447,-43.43486999999999654,3.16500000000000004,5.41880000000000006,ML,,GROPE,reviewed,manual,nz1dr,18,12,7,0.05700000000000000,68.00000000000000000,0.18898000000000001,0.24800000000000000
3601290,earthquake,2011-10-27T19:44:28.745Z,2013-09-04T15:04:00.000Z,172.42130000000000223,-43.56792000000000087,3.02999999999999980,7.61829999999999963,ML,,GROPE,reviewed,manual,nz1dr,18,11,6,0.04000000000000000,85.00000000000000000,0.28394999999999998,0.11799999999999999
3601050,earthquake,2011-10-27T10:46:46.121Z,2013-09-04T15:03:00.000Z,172.71001999999998588,-43.58227999999999724,3.16599999999999993,5.00000000000000000,ML,operator assigned,GROPE,reviewed,manual,nz1dr,22,15,7,0.00100000000000000,63.00000000000000000,0.23221000000000000,0.26200000000000001
3600740,earthquake,2011-10-26T20:36:05.001Z,2013-09-04T15:02:00.000Z,172.51892000000000849,-43.59031999999999840,3.20000000000000018,7.79480000000000040,ML,,GROPE,reviewed,manual,nz1dr,17,11,6,0.05200000000000000,99.00000000000000000,0.27285999999999999,0.23100000000000001
3599726,earthquake,2011-10-24T21:51:02.802Z,2013-09-16T13:46:00.000Z,172.77087000000000216,-43.60732999999999748,3.45299999999999985,7.52890000000000015,ML,,GROPE,reviewed,manual,nz1dr,23,16,9,0.02700000000000000,147.00000000000000000,0.12978000000000001,0.21900000000000000
3598351,earthquake,2011-10-22T04:46:40.952Z,2013-09-04T14:55:00.000Z,172.77422999999998865,-43.54865999999999815,3.04800000000000004,10.98889999999999922,ML,,GROPE,reviewed,manual,nz1dr,24,15,7,0.11100000000000000,126.00000000000000000,0.26522000000000001,0.17000000000000001
3598197,earthquake,2011-10-21T21:12:27.233Z,2013-09-04T14:54:00.000Z,172.37384000000000128,-43.57918999999999699,3.82399999999999984,8.49249999999999972,ML,,GROPE,reviewed,manual,nz1dr,28,23,26,0.10600000000000000,81.00000000000000000,0.21886000000000000,0.20100000000000001
3596943,earthquake,2011-10-19T08:23:31.073Z,2013-09-04T14:51:00.000Z,172.42916999999999916,-43.60918999999999812,3.27099999999999991,11.44330000000000069,ML,,GROPE,reviewed,manual,nz1dr,17,11,10,0.10500000000000000,109.00000000000000000,0.22056999999999999,0.19700000000000001
3596450,earthquake,2011-10-18T08:09:32.989Z,2013-09-04T14:48:00.000Z,172.67898999999999887,-43.62458000000000169,3.06800000000000006,6.72390000000000043,ML,,GROPE,reviewed,manual,nz1dr,16,10,7,0.04100000000000000,151.00000000000000000,0.18295000000000000,0.28100000000000003
3596409,earthquake,2011-10-18T06:20:27.590Z,2013-09-04T14:48:00.000Z,175.18457000000000789,-43.06618000000000279,3.69399999999999995,33.00000000000000000,ML,operator assigned,GROPE,reviewed,manual,nz1dr,26,23,34,1.37400000000000011,214.00000000000000000,0.13269000000000000,0.24900000000000000
3595899,earthquake,2011-10-17T06:02:58.625Z,2013-09-04T14:47:00.000Z,172.84606999999999744,-43.57813999999999766,3.05600000000000005,9.13710000000000022,ML,,GROPE,reviewed,manual,nz1dr,10,6,6,0.16200000000000001,170.00000000000000000,0.13738000000000000,0.15100000000000000
3595777,earthquake,2011-10-16T23:45:03.594Z,2013-09-04T14:47:00.000Z,172.82758000000001175,-43.48187999999999676,3.03799999999999981,12.00000000000000000,ML,operator assigned,GROPE,reviewed,manual,nz1dr,17,12,5,0.15800000000000000,183.00000000000000000,0.16886000000000001,0.29599999999999999
3595537,earthquake,2011-10-16T12:12:01.604Z,2013-09-04T14:45:00.000Z,172.49126999999998588,-43.61560999999999666,3.32699999999999996,7.56899999999999995,ML,,GROPE,reviewed,manual,nz1dr,22,17,5,0.09800000000000000,128.00000000000000000,0.20749999999999999,0.22400000000000000
3595249,earthquake,2011-10-15T22:05:58.938Z,2013-09-04T14:44:00.000Z,172.41509999999999536,-43.55042999999999864,3.29499999999999993,5.00000000000000000,ML,operator assigned,GROPE,reviewed,manual,nz1dr,14,9,8,0.13500000000000001,108.00000000000000000,0.29511999999999999,0.08000000000000000
3594827,earthquake,2011-10-15T01:55:02.668Z,2013-09-04T14:43:00.000Z,172.11899999999999977,-43.47458999999999918,3.47599999999999998,5.63049999999999962,ML,,GROPE,reviewed,manual,nz1dr,17,12,16,0.02100000000000000,52.00000000000000000,0.26991999999999999,0.20499999999999999
3593673,earthquake,2011-10-12T20:14:40.373Z,2013-09-04T14:41:00.000Z,172.48740000000000805,-43.62304999999999922,3.27499999999999991,7.80229999999999979,ML,,GROPE,reviewed,manual,nz1dr,18,15,8,0.10900000000000000,95.00000000000000000,0.21037000000000000,0.23899999999999999
3593174,earthquake,2011-10-11T19:14:28.437Z,2013-09-04T14:40:00.000Z,172.83510000000001128,-43.57741999999999649,3.11799999999999988,14.66189999999999927,ML,,GROPE,reviewed,manual,nz1dr,16,11,5,0.18500000000000000,134.00000000000000000,0.25791999999999998,0.23899999999999999
3592544,earthquake,2011-10-10T10:06:20.311Z,2013-09-04T14:38:00.000Z,171.76386999999999716,-43.63396000000000186,3.24600000000000000,8.22739999999999938,ML,,GROPE,reviewed,manual,nz1dr,16,13,11,0.09900000000000000,115.00000000000000000,0.14973000000000000,0.27200000000000002
3592444,earthquake,2011-10-10T05:13:59.696Z,2013-09-04T14:37:00.000Z,172.57999000000000933,-43.24043999999999954,3.08000000000000007,12.00000000000000000,ML,operator assigned,GROPE,reviewed,manual,nz1dr,14,11,4,0.28999999999999998,113.00000000000000000,0.22117000000000001,0.09500000000000000
3592286,earthquake,2011-10-09T21:51:10.757Z,2013-09-04T14:37:00.000Z,172.79123000000001298,-43.57842999999999734,3.22699999999999987,8.73279999999999923,ML,,GROPE,reviewed,manual,nz1dr,16,10,6,0.01500000000000000,177.00000000000000000,0.13843000000000000,0.21099999999999999
3592167,earthquake,2011-10-09T15:35:16.335Z,2013-09-04T14:36:00.000Z,172.80449999999999022,-43.57585999999999871,3.41199999999999992,8.43810000000000038,ML,,GROPE,reviewed,manual,nz1dr,26,18,9,0.02500000000000000,161.00000000000000000,0.12870999999999999,0.18300000000000000
3592128,earthquake,2011-10-09T13:36:07.381Z,2013-09-04T14:36:00.000Z,172.49806000000000950,-43.60117000000000331,3.19499999999999984,6.11179999999999968,ML,,GROPE,reviewed,manual,nz1dr,14,10,6,0.09400000000000000,120.00000000000000000,0.31502000000000002,0.19700000000000001
3591999,earthquake,2011-10-09T07:34:41.022Z,2013-09-04T14:35:00.000Z,172.83517000000000507,-43.57370000000000232,4.90000000000000036,8.08629999999999960,Mw,,GROPE,reviewed,manual,nz1dr,65,43,0,0.04800000000000000,135.00000000000000000,0.16625999999999999,0.00000000000000000
3591615,earthquake,2011-10-08T11:50:17.675Z,2013-09-04T14:33:00.000Z,172.80153999999998859,-43.65899999999999892,3.45599999999999996,5.00000000000000000,ML,operator assigned,GROPE,reviewed,manual,nz1dr,18,12,13,0.08200000000000000,149.00000000000000000,0.28165000000000001,0.13900000000000001
3591544,earthquake,2011-10-08T08:04:55.692Z,2013-09-04T14:32:00.000Z,172.81664000000000669,-43.66501999999999839,3.60000000000000009,6.69660000000000011,Mw,,GROPE,reviewed,manual,nz1dr,23,18,0,0.09100000000000000,151.00000000000000000,0.28364000000000000,0.00000000000000000
3591534,earthquake,2011-10-08T07:31:51.424Z,2013-09-04T14:32:00.000Z,172.81659999999999400,-43.66785000000000139,3.46300000000000008,6.90190000000000037,ML,,GROPE,reviewed,manual,nz1dr,16,13,12,0.09400000000000000,151.00000000000000000,0.13472000000000001,0.16000000000000000
3591506,earthquake,2011-10-08T06:01:11.607Z,2013-09-17T09:10:00.000Z,172.22527999999999793,-43.34346000000000032,3.01699999999999990,5.00000000000000000,ML,operator assigned,GROPE,reviewed,manual,nz1dr,17,12,7,0.12400000000000000,106.00000000000000000,0.20244999999999999,0.31800000000000000
3591457,earthquake,2011-10-08T03:48:40.434Z,2013-09-04T14:31:00.000Z,172.82982000000001221,-43.67764999999999986,3.79999999999999982,6.17119999999999980,Mw,,GROPE,reviewed,manual,nz1dr,31,24,0,0.10199999999999999,144.00000000000000000,0.20860000000000001,0.00000000000000000
3591454,earthquake,2011-10-08T03:32:17.426Z,2013-09-04T14:31:00.000Z,172.80428000000000566,-43.66013000000000233,3.22500000000000009,5.00000000000000000,ML,operator assigned,GROPE,reviewed,manual,nz1dr,13,7,8,0.11899999999999999,167.00000000000000000,0.21945999999999999,0.30700000000000000
3591450,earthquake,2011-10-08T03:27:18.550Z,2013-09-04T14:31:00.000Z,172.82147000000000503,-43.65120000000000289,3.57500000000000018,7.46180000000000021,ML,,GROPE,reviewed,manual,nz1dr,26,20,18,0.08000000000000000,125.00000000000000000,0.13653999999999999,0.23300000000000001
3591448,earthquake,2011-10-08T03:17:48.164Z,2013-09-11T11:45:00.000Z,172.80558999999999514,-43.68312999999999846,4.59999999999999964,7.18269999999999964,Mw,,GROPE,reviewed,manual,nz1dr,42,37,0,0.09400000000000000,118.00000000000000000,0.22402000000000000,0.00000000000000000
3591092,earthquake,2011-10-07T10:37:34.975Z,2013-09-04T14:30:00.000Z,172.50069999999999482,-43.58917000000000286,3.47000000000000020,5.16560000000000041,ML,,GROPE,reviewed,manual,nz1dr,23,19,10,0.05000000000000000,107.00000000000000000,0.20019000000000001,0.22900000000000001
3590146,earthquake,2011-10-05T14:39:48.987Z,2013-09-04T14:28:00.000Z,172.55477999999999383,-43.61028000000000304,3.02499999999999991,5.00000000000000000,ML,operator assigned,GROPE,reviewed,manual,nz1dr,12,8,8,0.02100000000000000,113.00000000000000000,0.24836000000000000,0.19100000000000000
3590073,earthquake,2011-10-05T11:03:15.333Z,2013-09-04T14:27:00.000Z,172.50137000000000853,-43.59431000000000012,3.50000000000000000,5.00000000000000000,ML,operator assigned,GROPE,reviewed,manual,nz1dr,22,16,14,0.05000000000000000,127.00000000000000000,0.18378000000000000,0.19800000000000001
3589939,earthquake,2011-10-05T04:24:24.300Z,2013-09-04T14:27:00.000Z,172.74715000000000487,-43.58577999999999975,3.12999999999999989,6.66249999999999964,ML,,GROPE,reviewed,manual,nz1dr,20,12,8,0.01600000000000000,136.00000000000000000,0.20873000000000000,0.17299999999999999
3589567,earthquake,2011-10-04T10:50:07.295Z,2013-09-04T14:26:00.000Z,172.65220999999999663,-43.60931000000000068,3.55399999999999983,8.90840000000000032,ML,,GROPE,reviewed,manual,nz1dr,34,28,15,0.00600000000000000,65.00000000000000000,0.16758999999999999,0.22400000000000000
3589341,earthquake,2011-10-04T00:11:33.058Z,2013-09-04T14:26:00.000Z,172.36173999999999751,-43.65747999999999962,3.20400000000000018,9.69100000000000072,ML,,GROPE,reviewed,manual,nz1dr,15,10,10,0.12000000000000000,154.00000000000000000,0.21234000000000000,0.17899999999999999
3589280,earthquake,2011-10-03T21:35:45.549Z,2013-09-04T14:26:00.000Z,172.68731999999999971,-43.57811000000000234,3.50499999999999989,6.93250000000000011,ML,,GROPE,reviewed,manual,nz1dr,28,22,15,0.01600000000000000,77.00000000000000000,0.11805000000000000,0.17899999999999999
3588765,earthquake,2011-10-02T23:04:22.243Z,2013-09-04T14:25:00.000Z,172.19330999999999676,-43.50735000000000241,3.09900000000000020,8.80669999999999931,ML,,GROPE,reviewed,manual,nz1dr,16,11,9,0.06800000000000000,86.00000000000000000,0.24556000000000000,0.20699999999999999
3588711,earthquake,2011-10-02T20:51:44.454Z,2013-09-04T14:25:00.000Z,172.71233000000000857,-43.59197000000000344,3.01500000000000012,6.10719999999999974,ML,,GROPE,reviewed,manual,nz1dr,24,17,5,0.01100000000000000,126.00000000000000000,0.14670000000000000,0.20599999999999999
3588569,earthquake,2011-10-02T14:28:34.048Z,2013-09-04T14:24:00.000Z,171.99129999999999541,-43.27053999999999689,3.26299999999999990,8.30819999999999936,ML,,GROPE,reviewed,manual,nz1dr,27,20,13,0.06600000000000000,60.00000000000000000,0.17366999999999999,0.18200000000000000
3588657,earthquake,2011-10-02T11:27:44.675Z,2013-09-04T14:25:00.000Z,171.14483999999998787,-43.50081999999999738,3.37300000000000022,16.67150000000000176,ML,,GROPE,reviewed,manual,nz1dr,26,19,16,0.22500000000000001,57.00000000000000000,0.20624999999999999,0.15200000000000000
3588096,earthquake,2011-10-01T16:51:12.687Z,2013-09-04T14:23:00.000Z,171.75632999999999129,-43.00554000000000343,3.19399999999999995,5.00000000000000000,ML,operator assigned,GROPE,reviewed,manual,nz1dr,13,10,10,0.36199999999999999,72.00000000000000000,0.18182000000000001,0.16300000000000001
3587166,earthquake,2011-09-29T19:16:03.205Z,2013-09-04T14:11:00.000Z,171.94110000000000582,-43.56016999999999939,3.25800000000000001,5.00000000000000000,ML,operator assigned,GROPE,reviewed,manual,nz1dr,16,12,8,0.20000000000000001,116.00000000000000000,0.19744000000000000,0.12300000000000000
3586969,earthquake,2011-09-29T10:31:02.701Z,2013-09-04T14:10:00.000Z,172.61719999999999686,-43.23308999999999713,3.04300000000000015,30.19460000000000122,ML,,GROPE,reviewed,manual,nz1dr,17,10,4,0.14899999999999999,127.00000000000000000,0.25163999999999997,0.07500000000000000
3586480,earthquake,2011-09-28T12:01:41.883Z,2013-09-04T14:08:00.000Z,172.69124999999999659,-43.59214000000000055,3.01500000000000012,8.14509999999999934,ML,,GROPE,reviewed,manual,nz1dr,16,11,5,0.04900000000000000,83.00000000000000000,0.17645000000000000,0.14199999999999999
3586305,earthquake,2011-09-28T03:48:06.719Z,2013-09-04T14:07:00.000Z,172.49128999999999223,-43.59463999999999828,3.37000000000000011,6.10590000000000011,ML,,GROPE,reviewed,manual,nz1dr,23,14,9,0.05700000000000000,117.00000000000000000,0.22499000000000000,0.16700000000000001
3586067,earthquake,2011-09-27T16:10:43.233Z,2013-09-04T14:06:00.000Z,172.38517999999999120,-43.56732999999999834,3.72699999999999987,8.64029999999999987,ML,,GROPE,reviewed,manual,nz1dr,28,19,18,0.12000000000000000,78.00000000000000000,0.29610999999999998,0.24399999999999999
3586024,earthquake,2011-09-27T14:07:49.411Z,2013-09-04T14:06:00.000Z,172.39124000000001047,-43.55143000000000342,3.36100000000000021,5.00000000000000000,ML,operator assigned,GROPE,reviewed,manual,nz1dr,21,13,13,0.13100000000000001,74.00000000000000000,0.26001000000000002,0.13800000000000001
3585980,earthquake,2011-09-27T11:57:28.060Z,2013-09-04T14:06:00.000Z,172.39484999999999104,-43.55803000000000225,3.79999999999999982,8.36950000000000038,Mw,,GROPE,reviewed,manual,nz1dr,41,27,0,0.12300000000000000,76.00000000000000000,0.19556000000000001,0.00000000000000000
3584457,earthquake,2011-09-24T09:19:13.319Z,2013-09-04T14:02:00.000Z,172.72461999999998739,-43.57437999999999789,3.12599999999999989,6.53899999999999970,ML,,GROPE,reviewed,manual,nz1dr,20,14,6,0.01200000000000000,69.00000000000000000,0.20751000000000000,0.22800000000000001
3584395,earthquake,2011-09-24T06:35:52.718Z,2013-09-04T14:01:00.000Z,172.64196999999998638,-43.56736000000000075,3.38799999999999990,5.12289999999999957,ML,,GROPE,reviewed,manual,nz1dr,24,20,10,0.01300000000000000,83.00000000000000000,0.17185000000000000,0.27900000000000003
3584147,earthquake,2011-09-23T19:01:37.486Z,2013-09-04T14:00:00.000Z,172.63802999999998633,-43.58305000000000007,3.60000000000000009,6.12819999999999965,Mw,,GROPE,reviewed,manual,nz1dr,36,32,0,0.01300000000000000,57.00000000000000000,0.23902999999999999,0.00000000000000000
3584042,earthquake,2011-09-23T13:55:12.625Z,2013-09-04T14:00:00.000Z,172.73094000000000392,-43.58444000000000074,3.30399999999999983,8.35490000000000066,ML,,GROPE,reviewed,manual,nz1dr,29,22,5,0.00400000000000000,63.00000000000000000,0.15951000000000001,0.26100000000000001
3583574,earthquake,2011-09-22T15:31:18.409Z,2013-09-04T13:58:00.000Z,172.48650000000000659,-43.58507999999999782,3.26900000000000013,5.00000000000000000,ML,operator assigned,GROPE,reviewed,manual,nz1dr,20,17,8,0.06100000000000000,108.00000000000000000,0.21987000000000001,0.16200000000000001
3583099,earthquake,2011-09-21T15:40:39.781Z,2013-09-04T13:57:00.000Z,172.50310999999999240,-43.57954000000000150,3.04099999999999993,7.32270000000000021,ML,,GROPE,reviewed,manual,nz1dr,29,22,5,0.03600000000000000,80.00000000000000000,0.21826999999999999,0.18400000000000000
3583094,earthquake,2011-09-21T15:23:17.207Z,2013-09-04T13:57:00.000Z,172.49622999999999706,-43.58400000000000318,3.54599999999999982,7.92469999999999963,ML,,GROPE,reviewed,manual,nz1dr,42,30,16,0.03700000000000000,83.00000000000000000,0.24431000000000000,0.16300000000000001
3583015,earthquake,2011-09-21T11:39:02.449Z,2013-09-04T13:57:00.000Z,172.62341000000000690,-43.58973999999999904,3.05299999999999994,5.00000000000000000,ML,operator assigned,GROPE,reviewed,manual,nz1dr,26,17,7,0.01300000000000000,102.00000000000000000,0.27260000000000001,0.25200000000000000
3582644,earthquake,2011-09-20T18:21:13.306Z,2013-09-04T13:56:00.000Z,172.50326999999998634,-43.58500000000000085,3.24699999999999989,7.76909999999999989,ML,,GROPE,reviewed,manual,nz1dr,25,19,8,0.04000000000000000,98.00000000000000000,0.30221999999999999,0.22800000000000001
3582643,earthquake,2011-09-20T18:17:08.018Z,2013-09-04T13:56:00.000Z,172.50678999999999519,-43.58487999999999829,3.10899999999999999,6.91500000000000004,ML,,GROPE,reviewed,manual,nz1dr,19,12,6,0.04200000000000000,110.00000000000000000,0.25240000000000001,0.25500000000000000
3582641,earthquake,2011-09-20T18:09:16.592Z,2013-09-04T13:56:00.000Z,172.48714000000001079,-43.59441999999999950,3.29899999999999993,5.50399999999999956,ML,,GROPE,reviewed,manual,nz1dr,20,16,8,0.04400000000000000,117.00000000000000000,0.18336000000000000,0.18099999999999999
3582362,earthquake,2011-09-20T05:31:26.514Z,2013-09-04T13:55:00.000Z,172.50129999999998631,-43.57412000000000063,3.70000000000000018,7.64869999999999983,Mw,,GROPE,reviewed,manual,nz1dr,30,26,0,0.03100000000000000,66.00000000000000000,0.21704999999999999,0.00000000000000000
3582341,earthquake,2011-09-20T04:30:16.838Z,2013-09-04T13:55:00.000Z,172.49441999999999098,-43.59375000000000000,3.89999999999999991,6.17520000000000024,Mw,,GROPE,reviewed,manual,nz1dr,38,31,0,0.04500000000000000,102.00000000000000000,0.23763000000000001,0.00000000000000000
3581808,earthquake,2011-09-19T05:41:00.133Z,2013-09-10T11:05:00.000Z,172.52481000000000222,-43.59297999999999718,3.79999999999999982,12.00000000000000000,Mw,operator assigned,GROPE,reviewed,manual,nz1dr,46,36,0,0.03200000000000000,69.00000000000000000,0.24148000000000000,0.00000000000000000
3581725,earthquake,2011-09-19T01:51:33.252Z,2013-09-04T13:54:00.000Z,172.79030000000000200,-43.62033000000000271,3.70000000000000018,10.48910000000000053,Mw,,GROPE,reviewed,manual,nz1dr,55,41,0,0.04300000000000000,105.00000000000000000,0.18193999999999999,0.00000000000000000
3581395,earthquake,2011-09-18T09:35:21.810Z,2013-09-04T13:54:00.000Z,172.81207000000000562,-43.64695999999999998,3.27800000000000002,8.76870000000000083,ML,,GROPE,reviewed,manual,nz1dr,21,17,6,0.13000000000000000,123.00000000000000000,0.16331999999999999,0.15700000000000000
3581272,earthquake,2011-09-18T04:12:44.385Z,2013-09-04T13:53:00.000Z,172.64214000000001192,-43.55443000000000353,3.16699999999999982,5.99990000000000023,ML,,GROPE,reviewed,manual,nz1dr,20,16,4,0.01800000000000000,132.00000000000000000,0.23144999999999999,0.11600000000000001
3580857,earthquake,2011-09-17T07:59:13.711Z,2013-09-04T13:53:00.000Z,172.74915999999998917,-43.56193999999999988,3.27300000000000013,9.57709999999999972,ML,,GROPE,reviewed,manual,nz1dr,32,29,6,0.00800000000000000,115.00000000000000000,0.14779000000000000,0.25700000000000001
3580513,earthquake,2011-09-16T16:18:44.464Z,2013-09-04T13:52:00.000Z,171.88965999999999212,-43.59823000000000093,3.29400000000000004,5.00000000000000000,ML,operator assigned,GROPE,reviewed,manual,nz1dr,18,16,11,0.16600000000000001,105.00000000000000000,0.16996000000000000,0.13900000000000001
3580511,earthquake,2011-09-16T16:12:36.380Z,2013-09-04T13:52:00.000Z,171.89161999999998898,-43.58639999999999759,3.84799999999999986,5.00000000000000000,ML,operator assigned,GROPE,reviewed,manual,nz1dr,22,20,20,0.16500000000000001,90.00000000000000000,0.20505999999999999,0.25300000000000000
3579531,earthquake,2011-09-15T02:33:41.079Z,2013-09-04T13:51:00.000Z,173.98929999999998586,-42.24616000000000327,3.16100000000000003,22.21689999999999898,ML,,GROPE,reviewed,manual,nz1dr,29,22,14,0.37300000000000000,158.00000000000000000,0.19575000000000001,0.19300000000000000
3579141,earthquake,2011-09-14T11:44:38.499Z,2013-09-04T13:49:00.000Z,172.38759999999999195,-43.57175000000000153,3.20699999999999985,6.93539999999999957,ML,,GROPE,reviewed,manual,nz1dr,19,14,9,0.06500000000000000,110.00000000000000000,0.26452999999999999,0.13100000000000001
3578395,earthquake,2011-09-13T05:20:27.572Z,2013-09-04T13:48:00.000Z,172.45525000000000659,-43.64770999999999646,3.19899999999999984,5.00000000000000000,ML,operator assigned,GROPE,reviewed,manual,nz1dr,22,15,9,0.09700000000000000,120.00000000000000000,0.21190999999999999,0.17100000000000001
3578006,earthquake,2011-09-12T13:46:10.078Z,2013-09-04T13:48:00.000Z,172.94208000000000425,-43.62633999999999901,3.14000000000000012,12.00000000000000000,ML,operator assigned,GROPE,reviewed,manual,nz1dr,9,5,7,0.18700000000000000,205.00000000000000000,0.27098000000000000,0.39400000000000002
3577159,earthquake,2011-09-11T04:06:27.594Z,2013-09-04T13:47:00.000Z,172.46025000000000205,-43.61097999999999786,3.16000000000000014,5.00000000000000000,ML,operator assigned,GROPE,reviewed,manual,nz1dr,15,13,10,0.06000000000000000,119.00000000000000000,0.19644000000000000,0.15300000000000000
3577083,earthquake,2011-09-11T01:05:05.850Z,2013-09-04T13:47:00.000Z,172.73797999999999320,-43.59111000000000047,3.32600000000000007,9.06409999999999982,ML,,GROPE,reviewed,manual,nz1dr,27,21,10,0.01000000000000000,117.00000000000000000,0.16156000000000001,0.25200000000000000
3577039,earthquake,2011-09-10T23:19:09.703Z,2013-09-04T13:47:00.000Z,172.75737000000000876,-43.60022000000000020,4.29999999999999982,10.23240000000000016,Mw,,GROPE,reviewed,manual,nz1dr,53,44,0,0.02200000000000000,105.00000000000000000,0.19206999999999999,0.00000000000000000
3576951,earthquake,2011-09-10T19:04:29.917Z,2013-09-04T13:46:00.000Z,172.81373999999999569,-43.65335000000000321,3.60300000000000020,7.76790000000000003,ML,,GROPE,reviewed,manual,nz1dr,16,14,13,0.08000000000000000,136.00000000000000000,0.21167000000000000,0.18900000000000000
3576932,earthquake,2011-09-10T18:13:49.821Z,2013-09-04T13:46:00.000Z,172.12540000000001328,-43.49309000000000225,3.20000000000000018,9.07450000000000045,ML,,GROPE,reviewed,manual,nz1dr,16,13,10,0.01700000000000000,74.00000000000000000,0.23837000000000000,0.33100000000000002
3576319,earthquake,2011-09-09T13:37:02.143Z,2013-09-09T15:45:00.000Z,172.66719000000000506,-43.58411000000000257,3.54599999999999982,5.37209999999999965,ML,,GROPE,reviewed,manual,nz1dr,35,27,10,0.02900000000000000,48.00000000000000000,0.25616000000000000,0.24700000000000000
3575476,earthquake,2011-09-08T01:48:24.203Z,2013-09-04T13:44:00.000Z,172.69891000000001213,-43.59763999999999839,3.02400000000000002,12.00000000000000000,ML,operator assigned,GROPE,reviewed,manual,nz1dr,13,8,6,0.05900000000000000,159.00000000000000000,0.14482999999999999,0.25800000000000001
3575429,earthquake,2011-09-08T00:02:15.057Z,2013-09-04T13:44:00.000Z,172.39050000000000296,-43.58879000000000303,3.21899999999999986,10.66520000000000046,ML,,GROPE,reviewed,manual,nz1dr,21,13,6,0.07000000000000001,118.00000000000000000,0.21010999999999999,0.15800000000000000
3574446,earthquake,2011-09-06T02:47:16.386Z,2013-09-04T13:42:00.000Z,172.75293999999999528,-43.58209999999999695,3.13700000000000001,4.58950000000000014,ML,,GROPE,reviewed,manual,nz1dr,17,10,7,0.01300000000000000,89.00000000000000000,0.20651000000000000,0.24800000000000000
3574424,earthquake,2011-09-06T01:46:21.519Z,2013-09-04T13:42:00.000Z,172.00982999999999379,-43.56052999999999997,3.25199999999999978,13.38109999999999999,ML,,GROPE,reviewed,manual,nz1dr,22,18,7,0.09600000000000000,84.00000000000000000,0.27927000000000002,0.08000000000000000
3574245,earthquake,2011-09-05T18:24:25.442Z,2013-09-04T13:42:00.000Z,172.79213999999998919,-43.60264000000000095,3.04300000000000015,9.26490000000000080,ML,,GROPE,reviewed,manual,nz1dr,22,18,5,0.12600000000000000,124.00000000000000000,0.13408000000000000,0.18500000000000000
3574236,earthquake,2011-09-05T18:04:59.762Z,2013-09-04T13:42:00.000Z,172.77286000000000854,-43.60989000000000004,3.55600000000000005,8.62439999999999962,ML,,GROPE,reviewed,manual,nz1dr,27,23,16,0.03000000000000000,150.00000000000000000,0.23732000000000000,0.18700000000000000
3573779,earthquake,2011-09-04T22:33:00.321Z,2013-09-04T13:41:00.000Z,172.11841999999998620,-43.45452000000000226,3.19399999999999995,5.91910000000000025,ML,,GROPE,reviewed,manual,nz1dr,15,10,7,0.03900000000000000,68.00000000000000000,0.25678000000000001,0.19200000000000000
3573747,earthquake,2011-09-04T21:27:11.993Z,2013-09-04T13:41:00.000Z,172.79642999999998665,-43.57856000000000307,3.06899999999999995,8.56569999999999965,ML,,GROPE,reviewed,manual,nz1dr,20,13,5,0.03500000000000000,142.00000000000000000,0.16058000000000000,0.19200000000000000
3573459,earthquake,2011-09-04T07:41:55.035Z,2013-09-04T13:40:00.000Z,172.38842999999999961,-43.56125999999999721,3.89999999999999991,7.02320000000000011,Mw,,GROPE,reviewed,manual,nz1dr,35,28,0,0.03400000000000000,51.00000000000000000,0.16800999999999999,0.00000000000000000
3573357,earthquake,2011-09-04T02:56:52.234Z,2013-09-04T13:40:00.000Z,172.37627000000000521,-43.57110000000000127,3.52700000000000014,8.23869999999999969,ML,,GROPE,reviewed,manual,nz1dr,23,18,17,0.07199999999999999,78.00000000000000000,0.22162000000000001,0.18400000000000000
3573060,earthquake,2011-09-03T12:42:05.789Z,2013-09-04T13:39:00.000Z,172.41811000000001286,-43.54424999999999812,3.35099999999999998,8.54679999999999929,ML,,GROPE,reviewed,manual,nz1dr,21,18,12,0.04000000000000000,98.00000000000000000,0.21884000000000001,0.16700000000000001
3572701,earthquake,2011-09-02T19:18:55.711Z,2013-09-04T13:38:00.000Z,172.12047999999998638,-43.47910000000000252,3.09399999999999986,9.17399999999999949,ML,,GROPE,reviewed,manual,nz1dr,17,12,8,0.01800000000000000,73.00000000000000000,0.24904000000000001,0.22200000000000000
3572537,earthquake,2011-09-02T11:38:14.257Z,2013-09-04T13:37:00.000Z,172.41173000000000570,-43.59065999999999974,3.22599999999999998,7.36509999999999998,ML,,GROPE,reviewed,manual,nz1dr,17,14,9,0.05900000000000000,94.00000000000000000,0.27005000000000001,0.20899999999999999
3572067,earthquake,2011-09-01T15:29:51.003Z,2013-09-04T13:35:00.000Z,172.84421000000000390,-43.58241999999999905,4.59999999999999964,9.48109999999999964,Mw,,GROPE,reviewed,manual,nz1dr,60,48,0,0.05400000000000000,114.00000000000000000,0.22048000000000001,0.00000000000000000
3572061,earthquake,2011-09-01T15:08:15.809Z,2013-09-04T13:35:00.000Z,172.54562000000001376,-43.59241000000000099,3.01900000000000013,7.50969999999999960,ML,,GROPE,reviewed,manual,nz1dr,29,20,7,0.01700000000000000,77.00000000000000000,0.23146000000000000,0.20799999999999999
3572047,earthquake,2011-09-01T14:18:24.617Z,2013-09-04T13:35:00.000Z,172.83124000000000819,-43.70866000000000184,3.29000000000000004,10.18740000000000023,ML,,GROPE,reviewed,manual,nz1dr,21,17,7,0.12900000000000000,115.00000000000000000,0.24388000000000001,0.16500000000000001
3571245,earthquake,2011-08-31T02:26:10.918Z,2013-09-04T10:18:00.000Z,172.44923000000000002,-43.59897999999999740,3.40200000000000014,10.76440000000000019,ML,,GROPE,reviewed,manual,nz1dr,25,18,11,0.05000000000000000,105.00000000000000000,0.21432000000000001,0.16500000000000001
3571192,earthquake,2011-08-31T01:30:51.759Z,2013-09-04T10:18:00.000Z,172.44498999999999000,-43.59857000000000227,4.29999999999999982,8.74409999999999954,Mw,,GROPE,reviewed,manual,nz1dr,38,34,0,0.03100000000000000,82.00000000000000000,0.22459000000000001,0.00000000000000000
3571187,earthquake,2011-08-31T01:15:18.046Z,2013-09-04T10:18:00.000Z,172.76543000000000916,-43.60855000000000103,3.97400000000000020,7.59299999999999997,ML,,GROPE,reviewed,manual,nz1dr,35,29,26,0.02900000000000000,212.00000000000000000,0.20210000000000000,0.25200000000000000
3571107,earthquake,2011-08-30T22:02:11.590Z,2013-09-04T10:17:00.000Z,172.45429999999998927,-43.64235000000000042,3.08400000000000007,5.00000000000000000,ML,operator assigned,GROPE,reviewed,manual,nz1dr,18,11,6,0.09200000000000000,151.00000000000000000,0.23824000000000001,0.18400000000000000
3570267,earthquake,2011-08-29T08:51:37.651Z,2013-09-04T10:14:00.000Z,172.66958999999999946,-43.58406999999999698,3.02199999999999980,5.00000000000000000,ML,operator assigned,GROPE,reviewed,manual,nz1dr,16,13,5,0.02900000000000000,101.00000000000000000,0.26338000000000000,0.18400000000000000
3569806,earthquake,2011-08-28T12:33:23.325Z,2013-09-04T10:11:00.000Z,172.38657000000000608,-43.56936999999999927,3.41100000000000003,8.23530000000000051,ML,,GROPE,reviewed,manual,nz1dr,29,21,14,0.06500000000000000,79.00000000000000000,0.18740000000000001,0.13000000000000000
3569578,earthquake,2011-08-28T01:38:49.056Z,2013-09-04T10:11:00.000Z,172.01581999999999084,-43.17587999999999937,3.61399999999999988,9.05889999999999951,ML,,GROPE,reviewed,manual,nz1dr,24,18,17,0.15200000000000000,64.00000000000000000,0.26121000000000000,0.21299999999999999
3569523,earthquake,2011-08-27T23:10:20.802Z,2013-09-04T10:11:00.000Z,172.71668999999999983,-43.59564999999999912,3.05500000000000016,8.88739999999999952,ML,,GROPE,reviewed,manual,nz1dr,16,10,5,0.01100000000000000,167.00000000000000000,0.19925000000000001,0.21500000000000000
3569514,earthquake,2011-08-27T22:48:50.614Z,2013-09-04T12:46:00.000Z,172.70395999999999503,-43.58950999999999709,3.13700000000000001,9.72850000000000037,ML,,GROPE,reviewed,manual,nz1dr,26,18,5,0.00900000000000000,138.00000000000000000,0.18304999999999999,0.21700000000000000
3569400,earthquake,2011-08-27T17:52:02.752Z,2013-09-04T10:10:00.000Z,172.76997000000000071,-43.56072999999999951,3.61299999999999999,6.94329999999999981,ML,,GROPE,reviewed,manual,nz1dr,45,34,18,0.01700000000000000,143.00000000000000000,0.13802000000000000,0.21400000000000000
3568896,earthquake,2011-08-26T19:49:27.018Z,2013-09-04T10:09:00.000Z,172.50545999999999935,-43.60172000000000025,3.49100000000000010,5.57160000000000011,ML,,GROPE,reviewed,manual,nz1dr,23,17,9,0.04700000000000000,85.00000000000000000,0.14996000000000001,0.18099999999999999
3568893,earthquake,2011-08-26T19:40:51.127Z,2013-09-04T10:09:00.000Z,172.49974000000000274,-43.59510999999999825,3.11900000000000022,5.00000000000000000,ML,operator assigned,GROPE,reviewed,manual,nz1dr,13,10,7,0.04800000000000000,87.00000000000000000,0.24454000000000001,0.17499999999999999
3568752,earthquake,2011-08-26T13:51:23.224Z,2013-09-04T10:08:00.000Z,173.69792000000001053,-43.31851000000000340,3.31800000000000006,12.00000000000000000,ML,operator assigned,GROPE,reviewed,manual,nz1dr,11,9,10,0.82399999999999995,238.00000000000000000,0.21534000000000000,0.41799999999999998
3568675,earthquake,2011-08-26T11:06:13.639Z,2013-09-04T10:08:00.000Z,172.74558999999999287,-43.57600999999999658,3.82399999999999984,10.21369999999999933,ML,,GROPE,reviewed,manual,nz1dr,39,30,20,0.00700000000000000,101.00000000000000000,0.14218000000000000,0.30199999999999999
3568340,earthquake,2011-08-25T21:05:20.966Z,2013-09-04T10:06:00.000Z,172.50722999999999274,-43.59051000000000187,3.00400000000000000,5.00000000000000000,ML,operator assigned,GROPE,reviewed,manual,nz1dr,10,6,4,0.08500000000000001,125.00000000000000000,0.14813999999999999,0.18900000000000000
3568261,earthquake,2011-08-25T17:31:06.720Z,2013-09-04T10:06:00.000Z,172.84711999999998966,-43.61213000000000051,3.02499999999999991,5.00000000000000000,ML,operator assigned,GROPE,reviewed,manual,nz1dr,12,8,5,0.16300000000000001,213.00000000000000000,0.22400999999999999,0.29899999999999999
3651108,earthquake,2011-08-25T14:44:50.655Z,2013-09-04T10:24:00.000Z,172.91396000000000299,-43.56602000000000174,3.44099999999999984,5.00000000000000000,ML,operator assigned,GROPE,reviewed,manual,nz1dr,19,14,7,0.21199999999999999,201.00000000000000000,0.19247000000000000,0.17699999999999999
3567916,earthquake,2011-08-25T01:29:28.571Z,2013-09-04T10:05:00.000Z,172.02900999999999954,-43.57789999999999964,3.16800000000000015,8.37529999999999930,ML,,GROPE,reviewed,manual,nz1dr,14,9,6,0.15300000000000000,111.00000000000000000,0.18421000000000001,0.21099999999999999
3567813,earthquake,2011-08-24T21:33:28.066Z,2013-09-04T10:05:00.000Z,172.92499000000000819,-43.58626999999999896,3.81199999999999983,9.20519999999999960,ML,,GROPE,reviewed,manual,nz1dr,29,23,21,0.11300000000000000,180.00000000000000000,0.15978999999999999,0.20499999999999999
3567200,earthquake,2011-08-23T16:43:10.319Z,2013-09-04T10:03:00.000Z,172.63754000000000133,-44.12879000000000218,3.00599999999999978,12.00000000000000000,ML,operator assigned,GROPE,reviewed,manual,nz1dr,11,8,6,0.42099999999999999,226.00000000000000000,0.24817000000000000,0.22600000000000001
3566786,earthquake,2011-08-22T22:04:23.287Z,2013-09-04T10:01:00.000Z,172.76030000000000086,-43.60047999999999746,3.27599999999999980,7.33760000000000012,ML,,GROPE,reviewed,manual,nz1dr,18,14,4,0.02200000000000000,196.00000000000000000,0.12988000000000000,0.21199999999999999
3566573,earthquake,2011-08-22T11:09:08.329Z,2013-09-04T09:59:00.000Z,172.07820000000000960,-43.59468999999999994,3.50499999999999989,9.36870000000000047,ML,,GROPE,reviewed,manual,nz1dr,21,16,15,0.11400000000000000,84.00000000000000000,0.22938000000000000,0.20899999999999999
3566526,earthquake,2011-08-22T08:36:34.995Z,2013-09-04T09:59:00.000Z,172.07219000000000619,-43.58091999999999899,4.00000000000000000,9.45950000000000024,Mw,,GROPE,reviewed,manual,nz1dr,35,25,0,0.01400000000000000,70.00000000000000000,0.16064000000000001,0.00000000000000000
3566496,earthquake,2011-08-22T07:07:05.815Z,2013-09-04T09:58:00.000Z,172.95357999999998810,-43.56777000000000299,3.51699999999999990,5.00000000000000000,ML,operator assigned,GROPE,reviewed,manual,nz1dr,21,16,9,0.14799999999999999,191.00000000000000000,0.12015000000000001,0.17399999999999999
3566261,earthquake,2011-08-21T20:38:52.096Z,2013-09-04T09:58:00.000Z,172.77291999999999916,-43.61560000000000059,3.79999999999999982,8.29010000000000069,Mw,,GROPE,reviewed,manual,nz1dr,34,28,0,0.03600000000000000,221.00000000000000000,0.11676000000000000,0.00000000000000000
3565883,earthquake,2011-08-21T02:37:08.431Z,2013-09-04T09:57:00.000Z,172.92993000000001302,-43.57574000000000325,3.20699999999999985,5.00000000000000000,ML,operator assigned,GROPE,reviewed,manual,nz1dr,12,9,10,0.22300000000000000,202.00000000000000000,0.23374000000000000,0.30299999999999999
3565836,earthquake,2011-08-21T00:28:22.883Z,2013-09-04T09:57:00.000Z,172.98411999999999011,-43.58473000000000042,3.09799999999999986,5.00000000000000000,ML,operator assigned,GROPE,reviewed,manual,nz1dr,9,6,5,0.26300000000000001,218.00000000000000000,0.21129999999999999,0.18500000000000000
3565711,earthquake,2011-08-20T18:36:33.573Z,2013-09-04T09:57:00.000Z,172.03201000000001386,-43.23161999999999949,3.22599999999999998,8.64250000000000007,ML,,GROPE,reviewed,manual,nz1dr,14,11,10,0.09600000000000000,67.00000000000000000,0.16647999999999999,0.36499999999999999
3565643,earthquake,2011-08-20T15:13:13.630Z,2013-09-04T09:57:00.000Z,172.81597999999999615,-43.60454000000000008,3.12500000000000000,5.00000000000000000,ML,operator assigned,GROPE,reviewed,manual,nz1dr,12,9,16,0.14299999999999999,205.00000000000000000,0.27855999999999997,0.37400000000000000
3565591,earthquake,2011-08-20T13:11:00.247Z,2013-09-04T09:56:00.000Z,172.71840000000000259,-43.57936999999999728,3.76299999999999990,8.07639999999999958,ML,,GROPE,reviewed,manual,nz1dr,28,25,19,0.00700000000000000,76.00000000000000000,0.16197000000000000,0.25700000000000001
3565465,earthquake,2011-08-20T07:48:55.488Z,2013-09-04T09:56:00.000Z,174.83553000000000566,-42.78318999999999761,3.31899999999999995,33.00000000000000000,ML,operator assigned,GROPE,reviewed,manual,nz1dr,31,27,23,1.02400000000000002,200.00000000000000000,0.20954999999999999,0.23499999999999999
3565458,earthquake,2011-08-20T07:31:12.344Z,2013-09-04T09:56:00.000Z,172.61860999999998967,-43.56201999999999686,3.70000000000000018,9.45850000000000080,Mw,,GROPE,reviewed,manual,nz1dr,43,37,0,0.00700000000000000,44.00000000000000000,0.17645000000000000,0.00000000000000000
3565216,earthquake,2011-08-19T20:04:09.649Z,2013-09-04T09:56:00.000Z,172.48501999999999157,-43.60224999999999795,3.43699999999999983,5.40950000000000042,ML,,GROPE,reviewed,manual,nz1dr,14,10,11,0.10400000000000000,107.00000000000000000,0.24829999999999999,0.15600000000000000
3565155,earthquake,2011-08-19T17:14:17.650Z,2013-09-04T09:56:00.000Z,172.77611999999999171,-43.60293000000000063,3.79999999999999982,7.38879999999999981,Mw,,GROPE,reviewed,manual,nz1dr,25,20,0,0.02300000000000000,230.00000000000000000,0.11927000000000000,0.00000000000000000
3564172,earthquake,2011-08-17T20:26:34.534Z,2013-09-04T09:54:00.000Z,172.57215999999999667,-43.59792000000000201,3.00499999999999989,5.00000000000000000,ML,operator assigned,GROPE,reviewed,manual,nz1dr,10,6,5,0.04300000000000000,153.00000000000000000,0.10223000000000000,0.18300000000000000
3563916,earthquake,2011-08-17T09:45:45.195Z,2013-09-04T09:53:00.000Z,171.73491000000001350,-43.80196000000000112,3.58599999999999985,16.58699999999999974,ML,,GROPE,reviewed,manual,nz1dr,22,16,17,0.10299999999999999,93.00000000000000000,0.26982000000000000,0.19100000000000000
3563875,earthquake,2011-08-17T07:59:54.510Z,2013-09-04T09:53:00.000Z,172.17545000000001210,-43.36637999999999948,3.14500000000000002,5.00000000000000000,ML,operator assigned,GROPE,reviewed,manual,nz1dr,17,14,6,0.10800000000000000,66.00000000000000000,0.24604999999999999,0.25000000000000000
3563673,earthquake,2011-08-16T22:41:56.113Z,2013-09-04T09:52:00.000Z,172.49506999999999834,-43.58590000000000231,3.58400000000000007,10.99729999999999919,ML,,GROPE,reviewed,manual,nz1dr,29,25,19,0.09300000000000000,83.00000000000000000,0.11863000000000000,0.23999999999999999
3563112,earthquake,2011-08-15T20:33:55.073Z,2013-09-04T09:50:00.000Z,172.19510999999999967,-43.55978000000000350,3.15600000000000014,7.16319999999999979,ML,,GROPE,reviewed,manual,nz1dr,15,10,8,0.09600000000000000,80.00000000000000000,0.22603000000000001,0.16900000000000001
3562673,earthquake,2011-08-14T23:04:32.760Z,2013-09-04T09:49:00.000Z,172.18906999999998675,-43.51084000000000174,3.17499999999999982,8.74810000000000088,ML,,GROPE,reviewed,manual,nz1dr,21,14,10,0.06600000000000000,58.00000000000000000,0.21981999999999999,0.21700000000000000
3561447,earthquake,2011-08-12T17:24:51.819Z,2013-09-04T09:46:00.000Z,172.34121999999999275,-43.56269999999999953,3.79400000000000004,12.47359999999999935,ML,,GROPE,reviewed,manual,nz1dr,29,26,23,0.11500000000000000,66.00000000000000000,0.21540999999999999,0.20799999999999999
3561286,earthquake,2011-08-12T10:17:34.211Z,2013-09-04T09:45:00.000Z,172.44246999999998593,-43.63152999999999793,3.80200000000000005,10.60260000000000069,ML,,GROPE,reviewed,manual,nz1dr,31,27,22,0.10100000000000001,93.00000000000000000,0.18371000000000001,0.19600000000000001
3560468,earthquake,2011-08-10T22:46:14.435Z,2013-09-04T09:43:00.000Z,172.41003000000000611,-43.56374000000000279,3.02899999999999991,9.21020000000000039,ML,,GROPE,reviewed,manual,nz1dr,19,15,8,0.13100000000000001,82.00000000000000000,0.25053999999999998,0.27300000000000002
3560216,earthquake,2011-08-10T10:32:58.999Z,2013-09-04T09:42:00.000Z,172.77803000000000111,-42.29381999999999664,3.11500000000000021,17.65559999999999974,ML,,GROPE,reviewed,manual,nz1dr,17,14,13,0.23400000000000001,68.00000000000000000,0.25702999999999998,0.21199999999999999
3559858,earthquake,2011-08-09T18:08:15.164Z,2013-09-04T09:41:00.000Z,172.59311999999999898,-43.59647999999999968,3.15799999999999992,7.01360000000000028,ML,,GROPE,reviewed,manual,nz1dr,20,15,5,0.03700000000000000,70.00000000000000000,0.24309000000000000,0.20599999999999999
3559475,earthquake,2011-08-08T23:50:35.459Z,2013-09-04T09:40:00.000Z,172.87019000000000801,-42.48695000000000022,3.09100000000000019,5.00000000000000000,ML,operator assigned,GROPE,reviewed,manual,nz1dr,11,8,7,0.04800000000000000,105.00000000000000000,0.33024999999999999,0.39600000000000002
3559461,earthquake,2011-08-08T23:15:00.138Z,2013-09-04T09:40:00.000Z,172.78261000000000536,-43.43731999999999971,3.09100000000000019,27.03229999999999933,ML,,GROPE,reviewed,manual,nz1dr,14,11,11,0.18099999999999999,170.00000000000000000,0.19703000000000001,0.44400000000000001
3559453,earthquake,2011-08-08T22:53:21.026Z,2013-09-04T09:40:00.000Z,171.86924999999999386,-43.63519000000000148,3.37900000000000000,5.00000000000000000,ML,operator assigned,GROPE,reviewed,manual,nz1dr,19,16,13,0.24099999999999999,114.00000000000000000,0.20513999999999999,0.17699999999999999
3559378,earthquake,2011-08-08T19:27:27.307Z,2013-09-04T09:40:00.000Z,172.74737999999999261,-43.55389000000000266,3.39699999999999980,11.20010000000000083,ML,,GROPE,reviewed,manual,nz1dr,16,13,7,0.06700000000000000,177.00000000000000000,0.17394000000000001,0.23200000000000001
3559037,earthquake,2011-08-08T03:56:57.048Z,2013-09-04T09:39:00.000Z,172.50078999999999496,-43.58144000000000062,3.32200000000000006,5.00000000000000000,ML,operator assigned,GROPE,reviewed,manual,nz1dr,16,12,8,0.08900000000000000,83.00000000000000000,0.22228000000000001,0.17799999999999999
3558786,earthquake,2011-08-07T16:48:19.784Z,2013-09-04T09:38:00.000Z,172.55609000000001174,-43.63439999999999941,3.26399999999999979,8.95439999999999969,ML,,GROPE,reviewed,manual,nz1dr,18,15,9,0.06900000000000001,98.00000000000000000,0.34201999999999999,0.18800000000000000
3558464,earthquake,2011-08-07T01:46:07.617Z,2013-09-04T09:38:00.000Z,172.11556999999999107,-43.60255000000000081,3.01799999999999979,9.20359999999999978,ML,,GROPE,reviewed,manual,nz1dr,13,9,7,0.08900000000000000,102.00000000000000000,0.21002999999999999,0.18400000000000000
3558195,earthquake,2011-08-06T15:06:50.845Z,2013-09-04T09:37:00.000Z,172.12122999999999706,-43.48622999999999905,3.35499999999999998,8.98320000000000007,ML,,GROPE,reviewed,manual,nz1dr,18,14,13,0.01500000000000000,94.00000000000000000,0.18643000000000001,0.17499999999999999
3557859,earthquake,2011-08-06T01:32:00.375Z,2013-09-04T09:37:00.000Z,172.63496000000000663,-43.58753999999999706,3.15600000000000014,5.00000000000000000,ML,operator assigned,GROPE,reviewed,manual,nz1dr,18,14,5,0.01400000000000000,78.00000000000000000,0.24476999999999999,0.27500000000000002
3557779,earthquake,2011-08-05T21:42:02.836Z,2013-09-04T09:37:00.000Z,172.74578999999999951,-43.49936000000000291,3.08099999999999996,7.46210000000000040,ML,,GROPE,reviewed,manual,nz1dr,19,15,4,0.01400000000000000,169.00000000000000000,0.20213999999999999,0.12400000000000000
3557645,earthquake,2011-08-05T14:40:05.967Z,2013-09-04T09:36:00.000Z,172.56717000000000439,-43.62458000000000169,3.69799999999999995,10.58859999999999957,ML,,GROPE,reviewed,manual,nz1dr,27,25,17,0.04300000000000000,68.00000000000000000,0.14576000000000000,0.20100000000000001
3556574,earthquake,2011-08-03T15:08:36.025Z,2013-09-04T09:33:00.000Z,172.87807000000000812,-43.58603999999999701,4.00000000000000000,8.19040000000000035,Mw,,GROPE,reviewed,manual,nz1dr,41,36,0,0.07900000000000000,119.00000000000000000,0.12823000000000001,0.00000000000000000
3556451,earthquake,2011-08-03T08:56:54.514Z,2013-09-04T09:32:00.000Z,172.40331000000000472,-43.57477999999999696,3.01399999999999979,10.17699999999999960,ML,,GROPE,reviewed,manual,nz1dr,19,15,6,0.15600000000000000,93.00000000000000000,0.23505999999999999,0.19100000000000000
3556311,earthquake,2011-08-03T02:23:50.782Z,2013-09-04T09:32:00.000Z,172.79545999999999140,-43.58764999999999645,3.50899999999999990,6.80980000000000008,ML,,GROPE,reviewed,manual,nz1dr,27,21,14,0.02000000000000000,196.00000000000000000,0.12044000000000001,0.20000000000000001
3556099,earthquake,2011-08-02T16:25:48.089Z,2013-09-04T09:31:00.000Z,172.68611000000001354,-43.56763000000000119,3.03900000000000015,9.01709999999999923,ML,,GROPE,reviewed,manual,nz1dr,15,11,4,0.04500000000000000,161.00000000000000000,0.33672000000000002,0.22700000000000001
3555747,earthquake,2011-08-02T00:34:34.591Z,2013-09-04T09:29:00.000Z,172.08591000000001259,-43.21038000000000068,3.06899999999999995,5.00000000000000000,ML,operator assigned,GROPE,reviewed,manual,nz1dr,17,13,12,0.12200000000000000,71.00000000000000000,0.16173000000000001,0.39700000000000002
