publicid,eventtype,origintime,modificationtime,longitude,latitude,magnitude,depth,magnitudetype,depthtype,evaluationmethod,evaluationstatus,evaluationmode,earthmodel,usedphasecount,usedstationcount,magnitudestationcount,minimumdistance,azimuthalgap,originerror,magnitudeuncertainty
2012p564820,earthquake,2012-07-27T23:36:11.703Z,2014-10-23T22:56:48.329Z,172.75457689999998934,-43.51279332000000011,3.54844289899999987,12.44140625000000000,M,,NonLinLoc,confirmed,manual,nz3drx,59,52,32,0.01810004608000000,109.24939729999999827,0.35839687960000000,0.00000000000000000
2012p529736,earthquake,2012-07-15T00:03:46.676Z,2014-10-06T22:00:36.687Z,171.88898610000001099,-43.59413256999999930,3.47824809899999998,5.05859375000000000,M,,NonLinLoc,confirmed,manual,nz3drx,41,36,24,0.16488697680000000,84.64911985000000527,0.51287878919999996,0.00000000000000000
2012p517515,earthquake,2012-07-10T11:32:16.132Z,2015-01-12T01:50:20.305Z,172.54111119999998891,-43.63818075999999735,4.52537235399999993,9.04296875000000000,M,,NonLinLoc,confirmed,manual,nz3drx,44,39,14,0.05464954135000000,79.58867119999999318,0.34513402009999999,0.00000000000000000
2012p505798,earthquake,2012-07-06T03:29:29.866Z,2014-09-26T01:49:03.064Z,172.33830029999998601,-43.60151356000000078,4.90754242399999985,9.62890625000000000,M,,NonLinLoc,confirmed,manual,nz3drx,40,31,12,0.10857961390000000,96.20626941999999815,0.44405479430000000,0.00000000000000000
2012p502581,earthquake,2012-07-04T22:55:09.011Z,2015-01-11T22:47:46.478Z,172.70172270000000481,-42.20389222000000018,3.55097150000000017,15.89843750000000000,M,,NonLinLoc,confirmed,manual,nz3drx,32,25,12,0.33489348110000000,63.70184691000000043,0.43356162329999998,0.00000000000000000
2012p498549,earthquake,2012-07-03T11:07:01.138Z,2015-01-11T22:32:39.754Z,172.78914100000000076,-43.52421336999999824,3.82771591500000019,10.91796875000000000,M,,NonLinLoc,confirmed,manual,nz3drx,30,26,7,0.04561660412000000,108.96767579999999498,0.28406453199999998,0.00000000000000000
2012p486507,earthquake,2012-06-29T00:10:55.640Z,2014-10-05T20:12:23.823Z,172.69410840000000462,-43.55322162000000219,4.08641264300000007,10.44921875000000000,M,,NonLinLoc,confirmed,manual,nz3drx,28,16,5,0.03739135398000000,122.10575400000000457,0.40687655940000000,0.00000000000000000
2012p483495,earthquake,2012-06-27T21:26:26.704Z,2014-12-18T03:11:07.527Z,172.76632029999998963,-43.48683527000000026,3.74575988899999990,10.56640625000000000,M,,NonLinLoc,confirmed,manual,nz3drx,24,16,38,0.08744202796000000,135.35522480000000201,0.30085497439999997,0.00000000000000000
2012p478432,earthquake,2012-06-26T00:28:53.016Z,2014-10-01T07:36:21.967Z,172.74375919999999951,-43.48812866000000099,3.56221947600000011,5.00000000000000000,M,operator assigned,LOCSAT,confirmed,manual,iasp91,29,15,5,0.12986899909999999,138.91310119999999984,0.70126147179999998,0.00000000000000000
2012p470930,earthquake,2012-06-23T05:51:55.419Z,2016-08-03T04:44:03.534Z,172.12298580000000925,-43.45646286000000202,3.97021664300000010,3.66115951500000003,M,,LOCSAT,confirmed,manual,iasp91,24,16,6,0.14437425139999999,68.21586609000000578,0.52484208409999999,0.00000000000000000
2012p469584,earthquake,2012-06-22T17:54:41.273Z,2014-09-30T03:24:51.577Z,172.78119380000001115,-43.45658474999999754,3.46595553200000017,10.97656250000000000,M,,NonLinLoc,confirmed,manual,nz3drx,23,14,5,0.26713970279999999,140.76265950000001226,0.50852992890000004,0.00000000000000000
2012p468998,earthquake,2012-06-22T12:42:22.661Z,2014-09-30T03:04:06.178Z,172.75148060000000783,-43.49434133999999830,3.91037448900000006,8.57421875000000000,M,,NonLinLoc,confirmed,manual,nz3drx,32,20,10,0.13087823460000000,132.04079260000000318,0.43834898249999998,0.00000000000000000
2012p446853,earthquake,2012-06-14T08:03:23.423Z,2014-09-22T01:19:36.622Z,172.94889670000000592,-42.23363153999999753,3.36890276399999999,10.74218750000000000,M,,NonLinLoc,confirmed,manual,nz3drx,38,24,12,0.30405344120000000,64.17032957000000692,0.39170619779999999,0.00000000000000000
2012p444662,earthquake,2012-06-13T12:35:36.331Z,2014-09-21T22:26:09.890Z,173.99420079999998734,-42.39546045000000163,3.35980338300000003,33.16250000000000142,M,operator assigned,NonLinLoc,confirmed,manual,nz3drx,19,16,6,0.33686064830000001,209.27140249999999355,0.38104009999999999,0.00000000000000000
2012p444661,earthquake,2012-06-13T12:35:31.681Z,2014-09-21T21:59:31.356Z,173.97546330000000125,-42.31441253999999930,3.54080447800000009,25.03906250000000000,M,,NonLinLoc,confirmed,manual,nz3drx,29,23,4,0.33890595340000002,153.29109320000000594,0.30127712660000000,0.00000000000000000
2012p442146,earthquake,2012-06-12T14:15:32.356Z,2014-09-19T01:41:40.222Z,172.63952430000000504,-43.59590682999999700,3.65172158800000002,7.40234375000000000,M,,NonLinLoc,confirmed,manual,nz3drx,22,15,4,0.03077841667000000,107.58252679999999657,0.53312112909999998,0.00000000000000000
2012p439479,earthquake,2012-06-11T14:34:34.659Z,2014-09-11T22:01:12.558Z,172.65420249999999669,-43.53163217000000174,4.07312548400000018,9.98046875000000000,M,,NonLinLoc,confirmed,manual,nz3drx,30,20,7,0.00829379667400000,69.89683809000000281,0.40310159759999997,0.00000000000000000
2012p436269,earthquake,2012-06-10T10:04:22.236Z,2014-09-11T02:54:03.442Z,172.76768960000001130,-43.56909265000000175,3.32538602900000013,9.62890625000000000,M,,NonLinLoc,confirmed,manual,nz3drx,26,14,4,0.04380557237000000,123.69548330000000647,0.47871679340000001,0.00000000000000000
2012p417703,earthquake,2012-06-03T13:12:17.212Z,2014-09-03T02:15:27.091Z,172.73912139999998772,-43.51026545999999939,3.65419869999999980,12.91015625000000000,M,,NonLinLoc,confirmed,manual,nz3drx,22,15,5,0.02022838057000000,128.76584510000000705,0.32277087950000000,0.00000000000000000
2012p416981,earthquake,2012-06-03T06:47:28.330Z,2014-09-03T01:18:05.860Z,172.71996310000000108,-43.53309090999999853,3.95529137099999994,11.97265625000000000,M,,NonLinLoc,confirmed,manual,nz3drx,28,22,9,0.07249638195999999,99.37563138999999524,0.35380807830000000,0.00000000000000000
2012p413162,earthquake,2012-06-01T20:52:49.795Z,2014-09-02T02:54:32.329Z,172.76189310000000887,-43.57936121000000185,4.20461801400000024,15.48828125000000000,M,,NonLinLoc,confirmed,manual,nz3drx,22,13,11,0.09303577037999999,127.71668329999999969,0.42165604270000001,0.00000000000000000
2012p407935,earthquake,2012-05-30T22:27:58.030Z,2014-11-30T00:24:58.403Z,171.36859079999999267,-43.79123864000000310,4.50212490100000018,24.10156250000000000,M,,NonLinLoc,confirmed,manual,nz3drx,30,25,49,0.05152329450000000,70.69886141000000634,0.38660823799999999,0.00000000000000000
2012p402869,earthquake,2012-05-29T01:29:03.216Z,2014-11-28T04:05:35.780Z,170.05665590000000975,-44.53373718000000281,3.61406825999999981,5.00000000000000000,M,operator assigned,LOCSAT,confirmed,manual,iasp91,15,9,22,0.17269900439999999,86.27459335000000351,0.45801328149999998,0.00000000000000000
2012p399377,earthquake,2012-05-27T18:28:12.410Z,2014-11-27T22:44:11.668Z,172.79197919999998589,-43.49007190999999750,3.81381085099999995,12.91015625000000000,M,,NonLinLoc,confirmed,manual,nz3drx,30,25,44,0.04727240815000000,138.67246650000001296,0.30232132969999997,0.00000000000000000
2012p399212,earthquake,2012-05-27T17:00:28.229Z,2014-11-27T22:29:37.079Z,172.78647290000000680,-43.50326985000000235,4.50402258699999969,15.72265625000000000,M,,NonLinLoc,confirmed,manual,nz3drx,26,19,82,0.05005849659000000,136.23681590000001052,0.36404441050000003,0.00000000000000000
2012p395506,earthquake,2012-05-26T08:05:42.979Z,2014-11-27T04:28:55.677Z,172.78078899999999862,-43.50394230999999934,3.52782121599999998,12.32421875000000000,M,,NonLinLoc,confirmed,manual,nz3drx,32,24,48,0.03621757626000000,135.32280620000000226,0.35010294870000003,0.00000000000000000
2012p392201,earthquake,2012-05-25T02:44:49.849Z,2014-11-26T03:53:37.348Z,172.77230860000000234,-43.53395820000000072,5.47545142199999990,14.72656250000000000,M,,NonLinLoc,confirmed,manual,nz3drx,29,20,89,0.05401276747000000,126.72247930000000338,0.50672288570000001,0.00000000000000000
2012p388815,earthquake,2012-05-23T20:40:52.150Z,2014-11-25T04:40:05.036Z,172.75381980000000226,-43.56201954000000143,3.32962473499999989,6.81640625000000000,M,,NonLinLoc,confirmed,manual,nz3drx,29,25,28,0.09579707702000000,101.73656750000000670,0.53007465840000001,0.00000000000000000
2012p379213,earthquake,2012-05-20T07:24:47.477Z,2014-11-19T03:05:29.284Z,172.77541930000001003,-43.56138338000000232,3.30999182799999980,9.27734375000000000,M,,NonLinLoc,confirmed,manual,nz3drx,21,20,22,0.05146271729000000,126.06724789999999814,0.19707143090000001,0.00000000000000000
2012p378954,earthquake,2012-05-20T05:06:56.582Z,2014-11-19T01:50:57.426Z,172.76790990000000647,-43.56784687999999761,4.66973326200000027,10.21484375000000000,M,,NonLinLoc,confirmed,manual,nz3drx,51,40,14,0.04427678980000000,119.21806709999999896,0.39593278570000001,0.00000000000000000
2012p378107,earthquake,2012-05-19T21:35:32.973Z,2014-08-14T02:49:10.127Z,172.40868770000000154,-43.60852871000000164,3.98691448900000012,9.98046875000000000,M,,NonLinLoc,confirmed,manual,nz3drx,39,27,42,0.02454961520000000,98.39432139999999549,0.59736597979999995,0.00000000000000000
2012p365028,earthquake,2012-05-15T01:27:16.314Z,2014-07-02T22:56:10.998Z,172.74998940000000403,-43.48929050999999646,4.51670829800000018,11.03515625000000000,M,,NonLinLoc,confirmed,manual,nz3drx,42,36,74,0.02231897478000000,132.81573090000000548,0.31625376129999999,0.00000000000000000
2012p357089,earthquake,2012-05-12T02:57:31.032Z,2014-06-19T03:10:15.954Z,172.61315379999999209,-43.61195490000000063,3.73116885200000015,6.20117187500000000,M,,NonLinLoc,confirmed,manual,nz3drx,39,34,37,0.03622407864000000,93.46271998999999653,0.30033286970000000,0.00000000000000000
2012p350855,earthquake,2012-05-09T19:36:04.153Z,2014-11-24T04:48:42.699Z,174.03507769999998800,-42.30196457000000265,4.13910549800000016,36.99218750000000000,M,,NonLinLoc,confirmed,manual,nz3drx,63,44,19,0.38483077960000001,152.74119690000000560,0.57469056539999996,0.00000000000000000
2012p329611,earthquake,2012-05-01T22:57:09.254Z,2014-06-10T03:12:22.496Z,171.94026759999999854,-43.21649132999999665,3.55939733999999985,11.97265625000000000,M,,NonLinLoc,confirmed,manual,nz3drx,29,22,23,0.12326309470000001,76.26783982000000606,0.40670043639999998,0.00000000000000000
2012p325730,earthquake,2012-04-30T12:29:06.536Z,2014-06-25T02:30:34.737Z,171.93957520000000727,-43.22903441999999785,3.56103883699999990,5.73568487200000021,M,,LOCSAT,confirmed,manual,iasp91,30,18,26,0.10794217139999999,109.28506280000000572,0.57773565540000005,0.00000000000000000
2012p309560,earthquake,2012-04-24T12:53:35.221Z,2014-06-15T23:56:31.459Z,172.72081629999999564,-42.49743534000000267,4.13982763000000009,9.57031250000000000,M,,NonLinLoc,confirmed,manual,nz3drx,46,39,14,0.08509346185000000,59.68203098000000040,0.52679060170000003,0.00000000000000000
2012p307011,earthquake,2012-04-23T14:15:41.151Z,2014-06-25T22:37:48.576Z,172.79426000000000840,-43.50870892999999739,3.33660276900000019,13.08593750000000000,M,,NonLinLoc,confirmed,manual,nz3drx,29,21,30,0.14116008310000000,111.48317729999999415,0.39295554170000002,0.00000000000000000
2012p303845,earthquake,2012-04-22T10:08:53.015Z,2014-08-14T02:58:44.581Z,172.78356500000001006,-43.52426295000000067,4.16190717100000018,13.08593750000000000,M,,NonLinLoc,confirmed,manual,nz3drx,30,18,79,0.09356730465000000,132.99144140000001357,0.44201354819999999,0.00000000000000000
2012p294880,earthquake,2012-04-19T02:32:25.438Z,2014-06-05T20:36:11.035Z,172.07593879999998876,-43.48089560999999748,3.50112592699999992,6.81640625000000000,M,,NonLinLoc,confirmed,manual,nz3drx,25,19,34,0.15652305699999999,79.33671316000000218,0.57936754779999999,0.00000000000000000
2012p290659,earthquake,2012-04-17T13:03:18.341Z,2014-08-12T05:11:31.133Z,171.98849590000000376,-43.28384061999999943,3.36345093600000000,8.33984375000000000,M,,NonLinLoc,confirmed,manual,nz3drx,20,16,7,0.05569206151000000,80.56217494999999928,0.46719159750000000,0.00000000000000000
2012p275677,earthquake,2012-04-12T00:00:50.752Z,2014-08-01T05:00:36.687Z,172.75695039999999381,-43.51286104999999793,4.52878196099999997,10.80078125000000000,M,,NonLinLoc,confirmed,manual,nz3drx,35,27,9,0.03238744716000000,106.13129709999999761,0.49884868360000001,0.00000000000000000
2012p274781,earthquake,2012-04-11T16:03:26.129Z,2014-08-01T04:12:30.254Z,172.31586740000000191,-43.62383344999999935,3.37320457800000018,10.80078125000000000,M,,NonLinLoc,confirmed,manual,nz3drx,26,16,11,0.09622787357000000,121.88739569999999901,0.79653636380000004,0.00000000000000000
2012p269493,earthquake,2012-04-09T17:06:20.234Z,2014-04-21T21:34:37.518Z,172.76732989999999290,-43.51712210000000169,3.47578733500000014,12.61718750000000000,M,,NonLinLoc,confirmed,manual,nz3drx,29,19,7,0.12002703540000000,106.94589499999999305,0.50947605460000001,0.00000000000000000
2012p260761,earthquake,2012-04-06T11:33:36.270Z,2014-04-15T02:01:56.672Z,172.37047789999999736,-43.58239400000000074,4.00929846599999973,9.16015625000000000,M,,NonLinLoc,confirmed,manual,nz3drx,29,21,7,0.07949390333000000,108.49218659999999659,0.42637764610000001,0.00000000000000000
2012p259215,earthquake,2012-04-05T21:49:50.825Z,2014-04-29T04:55:19.301Z,172.40543239999999514,-43.58714735000000218,3.59981170399999995,8.10546875000000000,M,,NonLinLoc,confirmed,manual,nz3drx,30,25,12,0.05965156538000000,92.28822719999999435,0.35272586900000003,0.00000000000000000
2012p253276,earthquake,2012-04-03T17:05:48.722Z,2014-04-29T02:40:40.950Z,172.66796400000001199,-43.61946410000000185,3.59732780700000010,15.66406250000000000,M,,NonLinLoc,confirmed,manual,nz3drx,27,22,7,0.05408979924000000,82.14206217999999637,0.28953320929999998,0.00000000000000000
2012p250796,earthquake,2012-04-02T19:04:13.565Z,2014-05-06T23:20:41.377Z,172.75724769999999353,-43.56962965000000310,3.49959475999999992,12.44140625000000000,M,,NonLinLoc,confirmed,manual,nz3drx,18,14,21,0.03636534748000000,128.79218240000000151,0.31647225849999999,0.00000000000000000
2012p242669,earthquake,2012-03-30T18:54:02.629Z,2014-06-29T20:22:48.223Z,172.82847290000000839,-43.50405124000000257,3.52278935399999993,12.91015625000000000,MLv,,NonLinLoc,confirmed,manual,nz3drx,42,34,21,0.16534007300000000,99.42468735999999296,0.48050898359999999,0.27396549700000000
2012p237575,earthquake,2012-03-28T21:40:14.225Z,2014-06-25T22:09:32.148Z,172.82855430000000752,-43.48548195000000050,3.44218395499999996,10.03906250000000000,M,,NonLinLoc,confirmed,manual,nz3drx,52,46,37,0.17428163229999999,99.04560789999999315,0.65249125959999998,0.00000000000000000
2012p224792,earthquake,2012-03-24T04:09:38.473Z,2014-06-19T22:08:14.526Z,172.78338189999999486,-43.50276427000000012,3.74612114700000021,11.38671875000000000,M,,NonLinLoc,confirmed,manual,nz3drx,52,43,31,0.04777095464000000,91.77125320999999758,0.51125706969999996,0.00000000000000000
2012p220814,earthquake,2012-03-22T16:49:44.206Z,2014-06-19T19:30:37.223Z,172.80858839999999077,-43.67125587000000309,3.47754057899999980,8.80859375000000000,M,,NonLinLoc,confirmed,manual,nz3drx,48,38,25,0.11743758550000000,67.11738239999999678,0.58566868530000005,0.00000000000000000
2012p207581,earthquake,2012-03-17T19:19:08.966Z,2014-06-16T21:44:21.651Z,172.78316219999999248,-43.50401004999999799,3.49018297900000007,10.33203125000000000,M,,NonLinLoc,confirmed,manual,nz3drx,50,40,23,0.13657336910000001,91.60226110000000688,0.53828271689999996,0.00000000000000000
2012p206748,earthquake,2012-03-17T11:55:24.206Z,2014-06-16T20:33:31.476Z,172.70994020000000546,-43.60292197999999786,4.12504684499999996,11.50390625000000000,M,,NonLinLoc,confirmed,manual,nz3drx,39,31,12,0.06841253202000000,84.32726434999999299,0.45336531540000002,0.00000000000000000
2012p172139,earthquake,2012-03-04T16:35:39.119Z,2014-04-18T18:28:15.149Z,172.81612000000001217,-43.42962045000000160,3.52275689199999986,12.18249999999999922,M,operator assigned,NonLinLoc,confirmed,manual,nz3drx,36,28,14,0.20251282070000001,117.17138730000000635,0.56972297370000002,0.00000000000000000
2012p167881,earthquake,2012-03-03T02:47:29.987Z,2014-04-11T00:31:23.499Z,172.75892939999999953,-43.49267589000000100,3.80087923100000014,12.85156250000000000,MLv,,NonLinLoc,confirmed,manual,nz3drx,32,28,14,0.12904553650000000,108.55291769999999474,0.35874037840000000,0.22137734470000001
2012p161604,earthquake,2012-02-29T19:02:36.557Z,2014-05-21T05:51:15.138Z,172.37256489999998621,-43.57535719999999912,3.89892576100000010,10.44921875000000000,M,,NonLinLoc,confirmed,manual,nz3drx,23,18,6,0.07566509516000000,110.30947890000000200,0.40561002099999999,0.00000000000000000
2012p160539,earthquake,2012-02-29T09:35:22.155Z,2014-05-21T04:52:29.370Z,172.78001960000000281,-43.50830252000000087,3.36452001899999997,10.03906250000000000,M,,NonLinLoc,confirmed,manual,nz3drx,34,30,16,0.13239850440000001,115.28650279999999384,0.39527938089999998,0.00000000000000000
2012p149826,earthquake,2012-02-25T10:27:19.570Z,2014-06-04T03:35:22.769Z,172.83259960000000888,-43.46243513000000291,4.29511339799999980,15.37109375000000000,M,,NonLinLoc,confirmed,manual,nz3drx,31,29,90,0.08597193637000000,165.01173000000000002,0.21488863650000001,0.00000000000000000
2012p148238,earthquake,2012-02-24T20:21:27.132Z,2014-06-04T02:57:37.278Z,172.74347739999998907,-43.48117483000000050,3.31032388800000010,10.09765625000000000,M,,NonLinLoc,confirmed,manual,nz3drx,30,22,25,0.02435436242000000,150.55405289999998786,0.26733476280000001,0.00000000000000000
2012p142382,earthquake,2012-02-22T16:21:26.305Z,2014-05-29T03:33:19.559Z,172.77018019999999865,-43.48298064000000096,3.84974221899999991,16.13281250000000000,M,,NonLinLoc,confirmed,manual,nz3drx,35,23,40,0.03708605735000000,154.39481810000000905,0.37891764160000002,0.00000000000000000
2012p133435,earthquake,2012-02-19T08:54:26.347Z,2014-05-27T01:50:16.317Z,172.77075160000001119,-43.51575900999999647,3.38694361499999985,8.92578125000000000,M,,NonLinLoc,confirmed,manual,nz3drx,22,16,5,0.04261110168000000,152.32733229999999480,0.34628630900000001,0.00000000000000000
2012p123336,earthquake,2012-02-15T15:13:53.957Z,2014-05-02T04:19:17.179Z,172.78202820000001338,-43.51964188000000178,3.87944706100000003,9.45452690099999948,M,,LOCSAT,confirmed,manual,iasp91,35,27,11,0.05184216797000000,128.73632240000000593,0.59017683229999995,0.00000000000000000
2012p109191,earthquake,2012-02-10T09:36:52.015Z,2014-04-24T03:09:06.327Z,172.76636750000000120,-43.57656728999999984,3.88694719700000002,10.80078125000000000,M,,NonLinLoc,confirmed,manual,nz3drx,28,22,55,0.04166620410000000,153.04341719999999327,0.31111065700000001,0.00000000000000000
2012p104038,earthquake,2012-02-08T11:51:35.336Z,2014-04-23T03:30:43.911Z,172.76617509999999811,-43.63165227999999729,4.13043092000000023,6.81640625000000000,M,,NonLinLoc,confirmed,manual,nz3drx,29,23,70,0.03822617461000000,139.23361299999999119,0.38292303270000000,0.00000000000000000
2012p103840,earthquake,2012-02-08T10:06:27.757Z,2014-04-23T03:17:44.716Z,172.75444820000001300,-43.62589266999999893,4.08190621600000014,7.16796875000000000,M,,NonLinLoc,confirmed,manual,nz3drx,35,24,80,0.02799970848000000,138.04303699999999822,0.29948154469999999,0.00000000000000000
2012p103394,earthquake,2012-02-08T06:08:44.255Z,2014-04-23T01:11:25.643Z,172.69944970000000239,-43.58133741999999700,3.99077977100000014,10.33203125000000000,M,,NonLinLoc,confirmed,manual,nz3drx,21,17,49,0.05561091136000000,131.36230979999999136,0.25437463119999998,0.00000000000000000
2012p094092,earthquake,2012-02-04T19:32:19.183Z,2014-04-17T02:28:44.255Z,172.81714289999999323,-42.12128427999999758,3.45046919500000016,53.63281250000000000,M,,NonLinLoc,confirmed,manual,nz3drx,21,15,54,0.36283976179999999,59.61752789999999891,0.35325821950000003,0.00000000000000000
2012p084524,earthquake,2012-02-01T06:34:25.340Z,2014-04-09T03:43:33.469Z,172.71976580000000467,-43.43563146000000330,3.54210040699999995,12.38281250000000000,M,,NonLinLoc,confirmed,manual,nz3drx,21,13,43,0.06146585653000000,149.86669639999999504,0.33600463850000001,0.00000000000000000
2012p080273,earthquake,2012-01-30T16:49:30.098Z,2014-04-08T23:31:46.490Z,172.78286850000000641,-43.55074471999999730,3.85516395500000009,8.45703125000000000,M,,NonLinLoc,confirmed,manual,nz3drx,27,19,47,0.05783524881000000,151.53959050000000275,0.27643198260000001,0.00000000000000000
2012p073274,earthquake,2012-01-28T02:40:32.929Z,2014-04-03T01:19:11.901Z,172.82773320000001149,-43.45394935000000203,4.09067815299999982,15.72265625000000000,M,,NonLinLoc,confirmed,manual,nz3drx,37,25,57,0.08779392861000000,164.60960069999998723,0.28678234540000003,0.00000000000000000
2012p071137,earthquake,2012-01-27T07:42:00.242Z,2014-04-01T02:23:04.479Z,172.25527280000000019,-43.55969775999999882,4.53425316199999973,7.10937500000000000,M,,NonLinLoc,confirmed,manual,nz3drx,19,18,10,0.11671015870000000,84.18124005999999326,0.31175476959999998,0.00000000000000000
2012p058954,earthquake,2012-01-22T19:31:07.909Z,2014-03-26T01:35:45.479Z,172.44060260000000540,-43.56018304999999913,3.59958958800000017,8.45703125000000000,M,,NonLinLoc,confirmed,manual,nz3drx,16,11,4,0.13321244550000000,104.50585999999999842,0.42301370420000001,0.00000000000000000
2012p058758,earthquake,2012-01-22T17:46:17.689Z,2014-03-26T01:26:55.633Z,172.78091269999998758,-43.52126582999999727,4.46589553899999991,14.14062500000000000,M,,NonLinLoc,confirmed,manual,nz3drx,29,23,10,0.09542129132000000,131.22720150000000672,0.34696279289999998,0.00000000000000000
2012p058331,earthquake,2012-01-22T13:59:03.952Z,2014-03-26T01:05:43.313Z,172.65900080000000116,-43.53594280000000083,3.47759941599999989,13.61328125000000000,M,,NonLinLoc,confirmed,manual,nz3drx,21,15,12,0.02137253354000000,134.39593640000001074,0.29803182150000002,0.00000000000000000
2012p058088,earthquake,2012-01-22T11:49:44.337Z,2014-03-26T00:51:38.603Z,172.80209819999998899,-43.50934997000000237,3.36807729800000022,12.16499999999999915,M,operator assigned,NonLinLoc,confirmed,manual,nz3drx,14,10,3,0.22512875420000000,157.76033219999999346,0.39401134910000002,0.00000000000000000
2012p054643,earthquake,2012-01-21T05:13:52.694Z,2014-03-25T00:57:20.953Z,172.42330340000000888,-43.59391810000000334,3.39425461200000012,9.62890625000000000,M,,NonLinLoc,confirmed,manual,nz3drx,14,10,16,0.14557888010000000,120.95664349999999843,0.27594004249999998,0.00000000000000000
2012p053801,earthquake,2012-01-20T21:45:21.215Z,2014-03-24T23:05:15.808Z,172.41239859999998885,-43.59694664999999958,3.72403310500000018,11.62109375000000000,M,,NonLinLoc,confirmed,manual,nz3drx,24,13,15,0.15377454630000001,122.68155790000000138,0.43498866230000000,0.00000000000000000
2012p052910,earthquake,2012-01-20T13:50:55.661Z,2014-03-24T21:54:32.787Z,172.37764359999999897,-43.60409588000000269,3.61067421600000005,5.19500000000000028,M,operator assigned,NonLinLoc,confirmed,manual,nz3drx,17,11,19,0.14487558000000000,125.98064279999999826,0.77300256700000003,0.00000000000000000
2012p052719,earthquake,2012-01-20T12:08:53.529Z,2014-03-24T19:57:15.840Z,172.41506499999999846,-43.57364703999999733,3.78668214800000014,6.34765625000000000,M,,NonLinLoc,confirmed,manual,nz3drx,16,12,21,0.15065466340000000,110.90218969999999388,0.34131510710000001,0.00000000000000000
2012p043955,earthquake,2012-01-17T06:19:44.226Z,2014-03-19T03:28:05.026Z,172.79361410000001342,-43.63869396999999850,3.87086724800000015,9.98046875000000000,M,,NonLinLoc,confirmed,manual,nz3drx,32,30,13,0.08509276942000001,102.92942800000000148,0.21190743760000000,0.00000000000000000
2012p038685,earthquake,2012-01-15T07:31:51.702Z,2014-03-13T02:58:26.594Z,172.75298300000000040,-43.53528498000000013,3.38591086500000005,10.33203125000000000,M,,NonLinLoc,confirmed,manual,nz3drx,17,13,14,0.04590233908000000,154.75445519999999533,0.36058180600000000,0.00000000000000000
2012p038252,earthquake,2012-01-15T03:40:50.001Z,2014-03-13T02:06:46.398Z,172.75281899999998814,-43.54070590999999979,3.39529991599999992,9.98046875000000000,M,,NonLinLoc,confirmed,manual,nz3drx,18,14,14,0.05044804872000000,154.20862729999998919,0.38935368840000001,0.00000000000000000
2012p037553,earthquake,2012-01-14T21:28:14.083Z,2014-03-13T21:35:50.106Z,172.52605470000000309,-43.59371627000000160,3.54691042299999992,10.03906250000000000,M,,NonLinLoc,confirmed,manual,nz3drx,16,11,28,0.07222574307000000,111.57714359999999942,0.29826943719999999,0.00000000000000000
2012p037252,earthquake,2012-01-14T18:48:09.294Z,2014-03-12T22:24:27.156Z,172.73928929999999582,-43.54073733999999973,3.39395510700000003,9.98046875000000000,M,,NonLinLoc,confirmed,manual,nz3drx,25,18,6,0.03437927221000000,151.67996289999999249,0.42132278750000002,0.00000000000000000
2012p037172,earthquake,2012-01-14T18:05:31.247Z,2014-03-12T22:15:37.868Z,172.75464539999998692,-43.55286128000000190,3.36562699700000012,8.92578125000000000,M,,NonLinLoc,confirmed,manual,nz3drx,24,21,7,0.04909458257000000,122.78590379999999982,0.24388917390000001,0.00000000000000000
2012p036957,earthquake,2012-01-14T16:10:49.361Z,2014-03-12T04:14:55.140Z,172.69600330000000099,-43.43975215999999762,3.36091254500000014,7.05078125000000000,M,,NonLinLoc,confirmed,manual,nz3drx,19,14,11,0.05957112040000000,158.30130700000000843,0.25037299210000002,0.00000000000000000
2012p036688,earthquake,2012-01-14T13:47:51.718Z,2014-03-12T04:01:16.241Z,172.76558239999999955,-43.55400790000000200,4.73025039799999991,10.09765625000000000,M,,NonLinLoc,confirmed,manual,nz3drx,52,47,15,0.04835769835000000,107.74724039999999547,0.27784289559999997,0.00000000000000000
2012p030624,earthquake,2012-01-12T07:56:56.508Z,2014-03-03T22:40:01.575Z,172.79324360000001093,-43.42875804999999900,4.76756693499999962,13.02734375000000000,ML,,NonLinLoc,confirmed,manual,nz3drx,34,27,6,0.08734057387999999,184.75444479999998748,0.21676462360000001,0.25198809719999998
2012p029171,earthquake,2012-01-11T19:02:25.613Z,2016-07-25T02:17:40.509Z,172.84870910000000777,-43.49820709000000107,3.34642655900000019,6.82302236600000001,M,,LOCSAT,confirmed,manual,iasp91,36,30,16,0.18174627420000000,132.96124270000001388,0.39697867879999998,0.00000000000000000
2012p028532,earthquake,2012-01-11T13:22:16.584Z,2014-03-04T04:38:10.841Z,172.75977950000000760,-43.54633005000000168,3.31239356999999979,9.86328125000000000,M,,NonLinLoc,confirmed,manual,nz3drx,32,27,12,0.04465888362000000,124.03063600000000122,0.30947508759999998,0.00000000000000000
2012p026403,earthquake,2012-01-10T18:27:52.422Z,2014-03-03T04:23:20.405Z,172.85783490000000029,-43.53159861999999691,3.36965854799999986,15.13671875000000000,M,,NonLinLoc,confirmed,manual,nz3drx,21,16,11,0.09527225777999999,194.70375980000000027,0.17211159060000000,0.00000000000000000
2012p026139,earthquake,2012-01-10T16:07:21.510Z,2014-03-03T03:49:05.304Z,172.80220790000001330,-43.50872709000000071,3.55489541400000020,13.37890625000000000,M,,NonLinLoc,confirmed,manual,nz3drx,25,20,12,0.05167298769000000,157.81688230000000317,0.19810778200000001,0.00000000000000000
2012p026105,earthquake,2012-01-10T15:49:14.507Z,2014-03-03T03:35:47.757Z,172.75657300000000305,-43.53747416000000214,3.40424354200000012,10.68359375000000000,M,,NonLinLoc,confirmed,manual,nz3drx,15,11,4,0.10417733600000000,148.39533700000001204,0.37515717339999999,0.00000000000000000
2012p026104,earthquake,2012-01-10T15:48:34.964Z,2014-03-03T03:18:27.402Z,172.78049340000001166,-43.55067697999999865,3.63628278199999988,10.91796875000000000,M,,NonLinLoc,confirmed,manual,nz3drx,25,20,8,0.05667517933000000,151.14748380000000338,0.28001505719999997,0.00000000000000000
2012p023269,earthquake,2012-01-09T14:38:14.447Z,2014-03-04T22:37:35.024Z,172.80881830000001287,-43.49827348000000171,3.85209211799999984,11.91406250000000000,M,,NonLinLoc,confirmed,manual,nz3drx,21,14,19,0.12847127980000000,159.50417999999999097,0.36091038360000000,0.00000000000000000
2012p021996,earthquake,2012-01-09T03:19:53.752Z,2014-02-27T02:22:28.815Z,172.75619850000001065,-43.57106046999999904,3.53084145899999990,14.49218750000000000,M,,NonLinLoc,confirmed,manual,nz3drx,17,12,15,0.09660942554000000,145.17772420000000011,0.44737332769999999,0.00000000000000000
2012p016332,earthquake,2012-01-07T01:01:59.479Z,2014-02-25T22:19:14.677Z,172.77142269999998803,-43.52996808999999701,4.50217161499999996,10.91796875000000000,M,,NonLinLoc,confirmed,manual,nz3drx,83,80,43,0.03734792769000000,109.05149210000000437,0.37050383799999997,0.00000000000000000
2012p015958,earthquake,2012-01-06T21:42:54.704Z,2014-02-26T01:13:05.971Z,172.80209819999998899,-43.50934997000000237,3.30558655299999993,12.00500000000000078,M,operator assigned,NonLinLoc,confirmed,manual,nz3drx,19,13,15,0.14587910200000001,157.76033219999999346,0.41209066560000002,0.00000000000000000
2012p014913,earthquake,2012-01-06T12:25:56.654Z,2014-02-25T23:41:47.133Z,172.79405810000000088,-43.52790111000000195,3.70744793800000005,13.32031250000000000,M,,NonLinLoc,confirmed,manual,nz3drx,18,14,14,0.11539973830000000,155.20187709999999015,0.45760521599999998,0.00000000000000000
2012p014905,earthquake,2012-01-06T12:21:36.097Z,2014-02-25T22:54:58.005Z,172.77269659999998908,-43.53626469999999671,5.22110909800000034,11.97265625000000000,M,,NonLinLoc,confirmed,manual,nz3drx,25,22,106,0.05581618905000000,150.27383090000000720,0.32290065959999997,0.00000000000000000
2012p014309,earthquake,2012-01-06T07:04:15.734Z,2014-02-25T22:20:08.741Z,172.74415170000000330,-43.55819632000000041,4.45953263400000033,18.24218750000000000,M,,NonLinLoc,confirmed,manual,nz3drx,22,16,15,0.07328310575999999,144.53992890000000671,0.32921720010000000,0.00000000000000000
2012p013665,earthquake,2012-01-06T01:20:56.273Z,2014-02-25T21:37:17.230Z,172.90800350000000662,-43.48566350000000114,4.96405001399999968,5.00250000000000039,M,operator assigned,NonLinLoc,confirmed,manual,nz3drx,27,24,77,0.18007607630000000,196.07061659999999392,0.60343788659999997,0.00000000000000000
2012p013662,earthquake,2012-01-06T01:19:10.305Z,2014-01-28T01:56:18.369Z,172.82561400000000162,-43.51127309999999682,3.47034687799999997,10.03906250000000000,M,,NonLinLoc,confirmed,manual,nz3drx,27,21,41,0.16042798170000000,118.51849380000000167,0.48431959489999998,0.00000000000000000
2012p012304,earthquake,2012-01-05T13:15:51.345Z,2013-12-11T22:21:43.942Z,172.82173159999999257,-43.45420073999999744,3.58347387500000014,5.00000000000000000,ML,operator assigned,LOCSAT,confirmed,manual,iasp91,21,12,34,0.18922586740000000,163.55510530000000813,0.25117356930000001,0.38626371739999998
2012p010301,earthquake,2012-01-04T19:28:54.430Z,2014-08-01T02:46:41.109Z,172.84255980000000363,-43.49620055999999835,4.63992379300000035,5.00000000000000000,M,operator assigned,LOCSAT,confirmed,manual,iasp91,20,12,4,0.08161859958999999,175.20935059999999339,0.17707719210000000,0.00000000000000000
2012p009405,earthquake,2012-01-04T11:31:15.349Z,2013-12-05T04:13:49.158Z,172.83575440000001322,-43.43601989999999802,4.08056561500000026,5.00000000000000000,ML,operator assigned,LOCSAT,confirmed,manual,iasp91,23,14,68,0.13814200460000001,139.03441430000000878,0.41037569130000001,0.36698825650000000
2012p008674,earthquake,2012-01-04T05:01:59.786Z,2013-12-04T02:40:36.530Z,172.83129880000001322,-43.42570495999999736,3.39965913499999983,5.00000000000000000,ML,operator assigned,LOCSAT,confirmed,manual,iasp91,18,10,25,0.21365419029999999,177.41616819999998711,0.30744131130000002,0.30506429460000001
2012p008608,earthquake,2012-01-04T04:26:28.412Z,2013-12-04T01:44:26.167Z,172.76843260000001123,-43.49537658999999934,3.42809840299999991,5.00000000000000000,ML,operator assigned,LOCSAT,confirmed,manual,iasp91,16,10,20,0.13316711780000001,160.90328980000001025,0.30689559010000000,0.38142273789999998
2012p007760,earthquake,2012-01-03T20:54:50.649Z,2013-11-17T22:48:06.437Z,172.84950259999999389,-43.43035506999999740,3.46709421600000001,5.00000000000000000,ML,operator assigned,LOCSAT,confirmed,manual,iasp91,17,14,32,0.22012797000000001,140.98553089999998633,0.34930940469999999,0.29255401900000000
2012p007406,earthquake,2012-01-03T17:46:17.428Z,2013-11-15T04:36:48.253Z,172.83834840000000099,-43.49251174999999847,4.01313273800000037,8.42732810999999948,ML,,LOCSAT,confirmed,manual,iasp91,21,17,24,0.08779999614000000,138.32682230000000345,0.34318057920000000,0.33215019600000001
2012p007258,earthquake,2012-01-03T16:27:05.377Z,2013-11-15T04:05:41.392Z,172.80650330000000281,-43.43466948999999744,4.00089262699999981,5.00000000000000000,ML,operator assigned,LOCSAT,confirmed,manual,iasp91,23,16,57,0.11847082530000000,135.08990479999999934,0.50937016250000000,0.34800795080000002
2012p004448,earthquake,2012-01-02T15:30:11.217Z,2013-10-24T21:39:23.800Z,172.78398129999999355,-43.52289581000000140,3.86537759500000000,5.00000000000000000,MLv,operator assigned,LOCSAT,confirmed,manual,tab,17,12,52,0.12863023579999999,153.74989769999999112,0.38108129169999999,0.46072706040000000
2012p003781,earthquake,2012-01-02T09:35:02.100Z,2013-10-24T01:11:57.106Z,172.84303280000000314,-43.44067383000000149,3.77827600999999991,5.00000000000000000,MLv,operator assigned,LOCSAT,confirmed,manual,iasp91,22,15,4,0.10716668520000000,199.46473689999999124,0.24589122960000001,0.43871002560000000
2012p003376,earthquake,2012-01-02T05:59:15.371Z,2013-10-21T23:09:19.122Z,172.82008360000000380,-43.44728469999999731,4.88629921700000036,5.00000000000000000,MLv,operator assigned,LOCSAT,confirmed,manual,iasp91,18,12,24,0.19287459550000000,163.59245839999999816,0.27711745690000000,0.36420289420000002
2012p002915,earthquake,2012-01-02T01:53:12.155Z,2013-10-21T02:03:02.791Z,172.82907099999999900,-43.43862534000000153,3.63427330599999987,5.00000000000000000,MLv,operator assigned,LOCSAT,confirmed,manual,iasp91,15,10,52,0.20354425910000001,176.22631839999999670,0.19340536929999999,0.43283291909999999
2012p002903,earthquake,2012-01-02T01:47:06.597Z,2013-10-20T22:41:03.502Z,172.82373050000001058,-43.43544388000000112,3.62760864500000002,5.00000000000000000,MLv,operator assigned,LOCSAT,confirmed,manual,iasp91,13,10,42,0.20289883019999999,175.40449520000001371,0.24883638010000000,0.52644666699999998
2012p002643,earthquake,2012-01-01T23:28:23.477Z,2013-10-18T03:08:23.479Z,172.83222960000000512,-43.45083237000000054,3.77301015099999981,5.00000000000000000,MLv,operator assigned,LOCSAT,confirmed,manual,iasp91,19,10,39,0.19724944229999999,176.08882140000000049,0.25100657659999998,0.45312287690000003
2012p002399,earthquake,2012-01-01T21:18:26.838Z,2013-10-17T04:40:47.656Z,172.79101560000000859,-43.53750228999999905,3.68994815000000020,5.00000000000000000,MLv,operator assigned,LOCSAT,confirmed,manual,iasp91,15,10,48,0.06681190431000000,161.74420169999999075,0.24127650610000001,0.46132358039999999
2012p002372,earthquake,2012-01-01T21:04:00.414Z,2013-10-17T04:32:52.997Z,172.82377619999999752,-43.43861388999999917,3.47260775900000018,5.00000000000000000,MLv,operator assigned,LOCSAT,confirmed,manual,iasp91,14,10,4,0.20073254409999999,175.22207639999999174,0.31019627970000002,0.34994989189999998
2012p002254,earthquake,2012-01-01T20:01:12.290Z,2013-10-17T01:54:54.568Z,172.79347229999999058,-43.44071960000000132,4.10201984600000014,5.00000000000000000,MLv,operator assigned,LOCSAT,confirmed,manual,iasp91,18,13,73,0.11343330140000001,169.37362669999998843,0.41597826020000001,0.43282049659999999
2012p002089,earthquake,2012-01-01T18:33:35.670Z,2014-01-27T00:51:40.958Z,172.79008479999998826,-43.45469666000000331,3.34671631699999983,5.00000000000000000,M,operator assigned,LOCSAT,confirmed,manual,iasp91,22,18,7,0.11978112909999999,132.42007830000000013,0.40286033809999999,0.00000000000000000
2012p002064,earthquake,2012-01-01T18:19:56.119Z,2013-10-16T02:29:28.970Z,172.81590270000000942,-43.44123076999999711,3.57407120799999989,5.00000000000000000,ML,operator assigned,LOCSAT,confirmed,manual,iasp91,11,11,29,0.12763939799999999,163.21023650000000771,0.29864825820000002,0.31184323260000002
2012p002007,earthquake,2012-01-01T17:49:46.798Z,2013-10-15T04:49:25.048Z,172.79333500000001322,-43.46442032000000211,3.80754140099999994,5.00000000000000000,MLv,operator assigned,LOCSAT,confirmed,manual,iasp91,15,10,4,0.14278329910000001,189.93864439999998694,0.36682459519999999,0.59101207919999998
2012p001927,earthquake,2012-01-01T17:06:45.604Z,2013-10-14T01:34:13.270Z,172.84321589999998992,-43.44796752999999967,4.07891974300000015,5.00000000000000000,MLv,operator assigned,LOCSAT,confirmed,manual,iasp91,17,11,64,0.20526027680000000,167.09803769999999190,0.22270941459999999,0.41323699739999997
2012p001904,earthquake,2012-01-01T16:54:43.751Z,2013-10-13T21:51:44.305Z,172.81623840000000314,-43.43920134999999760,3.79027855799999980,5.00000000000000000,MLv,operator assigned,LOCSAT,confirmed,manual,iasp91,16,10,28,0.19636799399999999,173.75836179999998876,0.27623950170000000,0.35626432299999999
2012p001902,earthquake,2012-01-01T16:53:38.056Z,2013-10-10T04:04:59.416Z,172.79791259999998942,-43.45574950999999686,3.46148828199999992,5.00000000000000000,MLv,operator assigned,LOCSAT,confirmed,manual,iasp91,21,12,13,0.17527771000000000,159.87365879999998697,0.33768635540000003,0.39610595139999999
2012p001898,earthquake,2012-01-01T16:51:29.191Z,2013-10-10T22:36:47.914Z,172.80796810000001074,-43.44513321000000161,3.36923990500000015,6.67287826499999959,MLv,,LOCSAT,confirmed,manual,iasp91,18,10,3,0.18791547419999999,171.82826230000000578,0.47362446770000000,0.59009334869999996
2012p001896,earthquake,2012-01-01T16:50:17.269Z,2013-10-11T02:54:38.319Z,172.80554200000000264,-43.44802855999999736,4.27405421499999960,4.70508861500000020,MLv,,LOCSAT,confirmed,manual,iasp91,19,12,40,0.14609846470000001,171.18830869999999322,0.25187410859999998,0.41844106549999999
2012p001892,earthquake,2012-01-01T16:48:11.160Z,2013-10-07T04:18:53.549Z,172.72700499999999124,-43.37711334000000107,4.17441109900000029,7.21749114999999986,MLv,,LOCSAT,confirmed,manual,iasp91,13,9,3,0.21309699120000000,184.01812509999999179,0.46449575469999999,0.53027603050000005
2012p001889,earthquake,2012-01-01T16:46:36.647Z,2013-10-07T23:54:09.012Z,172.80599979999999505,-43.46262360000000058,4.19505962399999976,5.77719545400000012,MLv,,LOCSAT,confirmed,manual,iasp91,20,12,4,0.07282071561000000,160.77298250000001190,0.65785823020000000,0.65323100509999998
2012p001887,earthquake,2012-01-01T16:45:17.101Z,2013-10-07T04:00:52.388Z,172.80851749999999356,-43.46715546000000074,5.45854975099999962,11.87032986000000001,MLv,,LOCSAT,confirmed,manual,iasp91,19,12,25,0.07245284319000000,160.94247020000000248,0.42369655060000000,0.36478492820000002
2012p001886,earthquake,2012-01-01T16:45:05.113Z,2014-12-04T02:29:24.032Z,172.81060790000000793,-43.45058440999999760,5.31490144600000036,9.76599407199999980,M,,LOCSAT,confirmed,manual,iasp91,38,23,10,0.08197247236999999,134.62083630000000767,0.35937086680000002,0.00000000000000000
2012p001809,earthquake,2012-01-01T16:03:52.033Z,2013-09-30T05:02:20.507Z,172.81927490000001058,-43.44015884000000227,3.51469965300000009,5.00000000000000000,M,operator assigned,LOCSAT,confirmed,manual,iasp91,24,17,7,0.19729234279999999,136.71529580000000692,0.49199450550000001,0.00000000000000000
2012p001410,earthquake,2012-01-01T12:31:27.106Z,2013-09-24T02:30:36.127Z,172.82347110000000612,-43.44514846999999946,4.37641047400000005,5.00000000000000000,MLv,operator assigned,LOCSAT,confirmed,manual,iasp91,16,12,56,0.19613683220000000,164.19170650000000933,0.30423332339999998,0.36366818919999999
2012p001403,earthquake,2012-01-01T12:27:57.130Z,2013-09-23T22:36:52.871Z,172.83250430000001074,-43.46253966999999818,5.08947453299999975,9.00511646300000024,MLv,,LOCSAT,confirmed,manual,iasp91,24,19,96,0.08592516184000000,164.86868290000001025,0.39184284899999999,0.37796693370000001
2012p001024,earthquake,2012-01-01T09:05:48.463Z,2016-03-03T22:34:45.186Z,172.76574709999999868,-43.53440856999999653,3.73735419100000010,4.68149757399999977,M,,LOCSAT,confirmed,manual,iasp91,22,18,4,0.05103997886000000,157.10481260000000248,0.38627029169999999,0.00000000000000000
3635480,earthquake,2011-12-31T09:31:15.610Z,2013-09-05T11:52:00.000Z,172.81154000000000792,-43.53242000000000189,3.35300000000000020,9.08380000000000010,ML,,GROPE,reviewed,manual,nz1dr,24,19,12,0.05600000000000000,186.00000000000000000,0.14288000000000001,0.22600000000000001
3635309,earthquake,2011-12-31T00:44:47.585Z,2013-09-05T11:52:00.000Z,172.76920000000001210,-43.51597999999999900,4.50000000000000000,9.29149999999999920,Mw,,GROPE,reviewed,manual,nz1dr,63,56,0,0.02900000000000000,135.00000000000000000,0.25934000000000001,0.00000000000000000
3635247,earthquake,2011-12-30T22:01:09.663Z,2013-09-05T11:51:00.000Z,172.84083999999998582,-43.66026999999999703,3.34299999999999997,5.80280000000000040,ML,,GROPE,reviewed,manual,nz1dr,14,8,11,0.09500000000000000,277.00000000000000000,0.16506000000000001,0.13400000000000001
3634993,earthquake,2011-12-30T08:39:23.260Z,2013-09-30T14:05:00.000Z,172.71728999999999132,-43.49101999999999890,3.62199999999999989,8.74879999999999924,ML,,GROPE,reviewed,manual,nz1dr,24,19,20,0.00600000000000000,151.00000000000000000,0.25402000000000002,0.20499999999999999
3634955,earthquake,2011-12-30T07:13:56.237Z,2013-09-05T11:51:00.000Z,172.74733000000000516,-43.48156000000000176,3.35199999999999987,9.23489999999999966,ML,,GROPE,reviewed,manual,nz1dr,22,14,12,0.02700000000000000,200.00000000000000000,0.29953000000000002,0.18200000000000000
3634707,earthquake,2011-12-29T19:04:01.156Z,2013-09-05T11:50:00.000Z,172.81524999999999181,-43.49155999999999977,3.39999999999999991,14.35689999999999955,ML,,GROPE,reviewed,manual,nz1dr,19,16,11,0.16300000000000001,172.00000000000000000,0.13669999999999999,0.20899999999999999
3634645,earthquake,2011-12-29T15:45:17.303Z,2013-09-30T12:46:00.000Z,172.85355000000001269,-43.41147999999999740,4.09999999999999964,8.71599999999999930,Mw,,GROPE,reviewed,manual,nz1dr,35,31,0,0.13100000000000001,124.00000000000000000,0.25968000000000002,0.00000000000000000
3634529,earthquake,2011-12-29T09:48:51.690Z,2013-09-05T11:50:00.000Z,172.78548000000000684,-43.53309000000000140,4.00000000000000000,11.54739999999999966,Mw,,GROPE,reviewed,manual,nz1dr,54,50,0,0.04400000000000000,159.00000000000000000,0.22764999999999999,0.00000000000000000
3634467,earthquake,2011-12-29T06:41:03.170Z,2013-09-05T11:50:00.000Z,172.82472000000001344,-43.49036999999999864,3.32399999999999984,10.21390000000000065,ML,,GROPE,reviewed,manual,nz1dr,21,20,8,0.07099999999999999,184.00000000000000000,0.13916000000000001,0.35299999999999998
3634436,earthquake,2011-12-29T05:20:47.860Z,2013-09-05T11:50:00.000Z,172.80335999999999785,-43.50130000000000052,3.57200000000000006,9.23019999999999996,ML,,GROPE,reviewed,manual,nz1dr,38,32,17,0.05300000000000000,116.00000000000000000,0.19575999999999999,0.19500000000000001
3633672,earthquake,2011-12-27T16:32:19.861Z,2013-09-30T10:09:00.000Z,172.72290000000000987,-43.48951999999999884,3.91299999999999981,7.96600000000000019,ML,,GROPE,reviewed,manual,nz1dr,32,24,26,0.00800000000000000,153.00000000000000000,0.29304999999999998,0.32900000000000001
3633593,earthquake,2011-12-27T12:25:06.853Z,2013-09-26T13:52:00.000Z,172.77788000000001034,-43.48152999999999935,3.62500000000000000,6.69850000000000012,ML,,GROPE,reviewed,manual,nz1dr,28,20,23,0.04400000000000000,189.00000000000000000,0.28754999999999997,0.21600000000000000
3633528,earthquake,2011-12-27T09:07:26.327Z,2013-09-05T11:48:00.000Z,172.67743999999999005,-43.59161000000000286,3.33400000000000007,7.19620000000000015,ML,,GROPE,reviewed,manual,nz1dr,32,21,7,0.02500000000000000,107.00000000000000000,0.23236000000000001,0.22000000000000000
3633402,earthquake,2011-12-27T02:33:43.705Z,2013-09-26T13:35:00.000Z,172.78077999999999292,-43.51431999999999789,3.89999999999999991,6.16809999999999992,Mw,,GROPE,reviewed,manual,nz1dr,36,27,0,0.03700000000000000,214.00000000000000000,0.28199999999999997,0.00000000000000000
3633168,earthquake,2011-12-26T15:07:46.168Z,2013-09-05T11:47:00.000Z,172.81181000000000836,-43.48734000000000322,3.34500000000000020,15.82479999999999976,ML,,GROPE,reviewed,manual,nz1dr,14,12,5,0.16400000000000001,134.00000000000000000,0.23033999999999999,0.21700000000000000
3633068,earthquake,2011-12-26T10:13:17.935Z,2013-09-05T11:46:00.000Z,172.81790000000000873,-43.48861000000000132,3.45299999999999985,10.01060000000000016,ML,,GROPE,reviewed,manual,nz1dr,14,9,10,0.16700000000000001,218.00000000000000000,0.16027000000000000,0.20499999999999999
3632935,earthquake,2011-12-26T03:33:08.566Z,2013-09-05T11:46:00.000Z,172.80271999999999366,-43.51274000000000086,3.33700000000000019,7.23500000000000032,ML,,GROPE,reviewed,manual,nz1dr,16,10,5,0.06400000000000000,216.00000000000000000,0.21196999999999999,0.23699999999999999
3717450,earthquake,2011-12-26T01:13:10.809Z,2013-09-05T11:54:00.000Z,172.80941999999998870,-43.49622000000000099,3.61900000000000022,7.88309999999999977,ML,,GROPE,reviewed,manual,nz1dr,22,17,16,0.05800000000000000,172.00000000000000000,0.20075999999999999,0.21900000000000000
3632878,earthquake,2011-12-26T00:36:46.919Z,2013-09-05T11:46:00.000Z,172.78137000000000967,-43.52953000000000117,3.69799999999999995,10.40820000000000078,ML,,GROPE,reviewed,manual,nz1dr,40,34,19,0.04200000000000000,118.00000000000000000,0.20322999999999999,0.25500000000000000
3632828,earthquake,2011-12-25T22:04:18.030Z,2013-09-05T11:45:00.000Z,172.76445000000001073,-43.47834000000000287,3.58800000000000008,7.74289999999999967,ML,,GROPE,reviewed,manual,nz1dr,27,19,18,0.03900000000000000,204.00000000000000000,0.21601000000000001,0.20799999999999999
3632733,earthquake,2011-12-25T17:02:24.773Z,2013-09-05T11:45:00.000Z,172.86598000000000752,-43.47124000000000166,3.32100000000000017,5.00000000000000000,ML,operator assigned,GROPE,reviewed,manual,nz1dr,18,11,8,0.17399999999999999,181.00000000000000000,0.22644000000000000,0.11600000000000001
3632676,earthquake,2011-12-25T14:29:05.366Z,2013-09-05T11:45:00.000Z,172.82317000000000462,-43.46781000000000006,3.89999999999999991,10.05189999999999984,Mw,,GROPE,reviewed,manual,nz1dr,26,19,0,0.07800000000000000,216.00000000000000000,0.20422000000000001,0.00000000000000000
3632660,earthquake,2011-12-25T13:40:29.303Z,2013-09-26T12:59:00.000Z,172.79261999999999944,-43.46936000000000178,3.70000000000000018,8.30259999999999998,Mw,,GROPE,reviewed,manual,nz1dr,24,17,0,0.06000000000000000,64.00000000000000000,0.26111000000000001,0.00000000000000000
3632636,earthquake,2011-12-25T12:26:12.303Z,2013-09-05T11:45:00.000Z,172.78982999999999493,-43.49098000000000042,3.71799999999999997,9.11919999999999931,ML,,GROPE,reviewed,manual,nz1dr,24,18,22,0.04600000000000000,166.00000000000000000,0.25330000000000003,0.20200000000000001
3632621,earthquake,2011-12-25T11:35:02.122Z,2013-09-05T11:45:00.000Z,172.76714000000001192,-43.50695000000000334,3.86399999999999988,7.45329999999999959,ML,,GROPE,reviewed,manual,nz1dr,42,31,30,0.02600000000000000,160.00000000000000000,0.26112999999999997,0.25900000000000001
3632620,earthquake,2011-12-25T11:32:18.090Z,2013-09-26T12:51:00.000Z,172.76861999999999853,-43.53209999999999980,3.50000000000000000,6.23360000000000003,Mw,,GROPE,reviewed,manual,nz1dr,39,30,0,0.03600000000000000,179.00000000000000000,0.26904000000000000,0.00000000000000000
3632545,earthquake,2011-12-25T07:49:56.474Z,2013-09-05T11:44:00.000Z,172.76990000000000691,-43.53208999999999662,3.41199999999999992,6.70830000000000037,ML,,GROPE,reviewed,manual,nz1dr,22,14,11,0.03700000000000000,185.00000000000000000,0.22821000000000000,0.23000000000000001
3632541,earthquake,2011-12-25T07:36:30.508Z,2013-09-05T11:44:00.000Z,172.77720999999999663,-43.47532000000000352,3.42200000000000015,6.22639999999999993,ML,,GROPE,reviewed,manual,nz1dr,16,11,10,0.04800000000000000,207.00000000000000000,0.27866999999999997,0.17999999999999999
3632506,earthquake,2011-12-25T05:49:02.021Z,2013-09-05T11:44:00.000Z,172.76747000000000298,-43.47478000000000264,3.42799999999999994,7.10540000000000038,ML,,GROPE,reviewed,manual,nz1dr,25,18,12,0.04300000000000000,192.00000000000000000,0.23576000000000000,0.15300000000000000
3632472,earthquake,2011-12-25T04:00:35.435Z,2013-09-26T12:39:00.000Z,172.78522000000000958,-43.50484000000000151,3.79999999999999982,6.25440000000000040,Mw,,GROPE,reviewed,manual,nz1dr,30,21,0,0.03900000000000000,185.00000000000000000,0.22141000000000000,0.00000000000000000
3632416,earthquake,2011-12-25T01:11:23.751Z,2013-09-05T11:44:00.000Z,172.81763000000000829,-43.51892999999999745,3.41900000000000004,5.00000000000000000,ML,operator assigned,GROPE,reviewed,manual,nz1dr,18,12,10,0.06400000000000000,220.00000000000000000,0.24412000000000000,0.16200000000000001
3714331,earthquake,2011-12-24T23:53:45.846Z,2013-09-05T11:53:00.000Z,172.81453999999999382,-43.48344000000000165,3.47699999999999987,8.21080000000000076,ML,,GROPE,reviewed,manual,nz1dr,17,12,13,0.07199999999999999,216.00000000000000000,0.24951999999999999,0.17699999999999999
3632389,earthquake,2011-12-24T23:47:51.422Z,2013-09-05T11:43:00.000Z,172.80644000000000915,-43.47500999999999749,3.47900000000000009,7.91420000000000012,ML,,GROPE,reviewed,manual,nz1dr,25,18,12,0.06400000000000000,211.00000000000000000,0.26890999999999998,0.21700000000000000
3632265,earthquake,2011-12-24T17:41:10.366Z,2013-09-05T11:43:00.000Z,172.75208000000000652,-43.52537999999999840,3.66500000000000004,7.89960000000000040,ML,,GROPE,reviewed,manual,nz1dr,35,26,21,0.02300000000000000,156.00000000000000000,0.29076999999999997,0.21600000000000000
3632238,earthquake,2011-12-24T17:13:06.211Z,2013-09-05T11:42:00.000Z,172.80215000000001169,-43.63638999999999868,3.37000000000000011,6.97499999999999964,ML,,GROPE,reviewed,manual,nz1dr,18,11,6,0.06100000000000000,168.00000000000000000,0.19711999999999999,0.17899999999999999
3632133,earthquake,2011-12-24T16:26:58.883Z,2013-09-05T11:42:00.000Z,172.78325000000000955,-43.51169000000000153,3.52300000000000013,7.22539999999999960,ML,,GROPE,reviewed,manual,nz1dr,39,26,11,0.03800000000000000,130.00000000000000000,0.25907000000000002,0.19100000000000000
3632132,earthquake,2011-12-24T16:22:21.446Z,2013-09-05T11:42:00.000Z,172.74817999999999074,-43.47471000000000174,3.47900000000000009,6.11150000000000038,ML,,GROPE,reviewed,manual,nz1dr,23,15,13,0.03100000000000000,182.00000000000000000,0.26346000000000003,0.23000000000000001
3632128,earthquake,2011-12-24T15:56:03.059Z,2013-09-05T11:41:00.000Z,172.79349999999999454,-43.48259999999999792,3.37199999999999989,10.77960000000000029,ML,,GROPE,reviewed,manual,nz1dr,20,15,7,0.05700000000000000,189.00000000000000000,0.30426999999999998,0.12400000000000000
3632103,earthquake,2011-12-24T10:04:47.183Z,2013-09-05T11:41:00.000Z,172.84531000000001200,-43.46844999999999715,3.41400000000000015,8.75590000000000046,ML,,GROPE,reviewed,manual,nz1dr,13,10,10,0.09700000000000000,266.00000000000000000,0.16236000000000000,0.25000000000000000
3632056,earthquake,2011-12-24T07:51:59.442Z,2013-09-05T11:41:00.000Z,172.81207000000000562,-43.64759999999999707,3.47500000000000009,7.03310000000000013,ML,,GROPE,reviewed,manual,nz1dr,33,17,11,0.07400000000000000,170.00000000000000000,0.22761000000000001,0.20499999999999999
3632052,earthquake,2011-12-24T07:39:43.054Z,2013-09-05T11:41:00.000Z,172.74181999999998993,-43.48422000000000054,3.79999999999999982,7.97259999999999991,Mw,,GROPE,reviewed,manual,nz1dr,31,23,0,0.02200000000000000,194.00000000000000000,0.26268000000000002,0.00000000000000000
3632041,earthquake,2011-12-24T07:12:07.093Z,2013-09-05T11:40:00.000Z,172.82146000000000186,-43.48306000000000182,3.47599999999999998,7.53439999999999976,ML,,GROPE,reviewed,manual,nz1dr,19,14,9,0.07099999999999999,256.00000000000000000,0.14771999999999999,0.17499999999999999
3632028,earthquake,2011-12-24T06:35:58.923Z,2013-09-05T11:40:00.000Z,172.77944999999999709,-43.48989999999999867,3.33300000000000018,6.52740000000000009,ML,,GROPE,reviewed,manual,nz1dr,16,12,9,0.04000000000000000,209.00000000000000000,0.24798999999999999,0.19700000000000001
3632011,earthquake,2011-12-24T05:47:28.326Z,2013-09-05T11:40:00.000Z,172.75407000000001290,-43.48295000000000243,3.54999999999999982,6.13670000000000027,ML,,GROPE,reviewed,manual,nz1dr,25,18,14,0.03000000000000000,200.00000000000000000,0.19825999999999999,0.20899999999999999
3631999,earthquake,2011-12-24T05:10:09.837Z,2013-09-05T11:40:00.000Z,172.82017999999999347,-43.64334999999999809,3.31000000000000005,7.70549999999999979,ML,,GROPE,reviewed,manual,nz1dr,18,10,5,0.07300000000000000,267.00000000000000000,0.06116000000000000,0.22800000000000001
3631924,earthquake,2011-12-24T01:22:17.203Z,2013-09-05T11:40:00.000Z,172.79675000000000296,-43.52866000000000213,3.58000000000000007,6.15099999999999980,ML,,GROPE,reviewed,manual,nz1dr,19,15,15,0.05300000000000000,208.00000000000000000,0.17307000000000000,0.21600000000000000
3631908,earthquake,2011-12-24T00:36:04.438Z,2013-09-05T11:40:00.000Z,172.79883000000000948,-43.62897000000000247,3.57500000000000018,7.25110000000000010,ML,,GROPE,reviewed,manual,nz1dr,19,11,14,0.05300000000000000,256.00000000000000000,0.28104000000000001,0.18099999999999999
3631894,earthquake,2011-12-23T23:54:37.138Z,2013-09-05T11:40:00.000Z,172.81890999999998826,-43.52918999999999983,3.47500000000000009,6.92670000000000030,ML,,GROPE,reviewed,manual,nz1dr,23,15,9,0.06200000000000000,222.00000000000000000,0.20906000000000000,0.18700000000000000
3631861,earthquake,2011-12-23T22:15:17.436Z,2013-09-05T11:39:00.000Z,172.86554000000000997,-43.49508000000000152,3.89999999999999991,12.46299999999999919,Mw,,GROPE,reviewed,manual,nz1dr,28,18,0,0.09900000000000000,229.00000000000000000,0.27772999999999998,0.00000000000000000
3631805,earthquake,2011-12-23T19:48:28.123Z,2013-09-26T10:13:00.000Z,172.78215000000000146,-43.50618000000000052,3.71300000000000008,6.69669999999999987,ML,,GROPE,reviewed,manual,nz1dr,27,19,17,0.03700000000000000,193.00000000000000000,0.23030999999999999,0.19200000000000000
3631797,earthquake,2011-12-23T19:27:58.379Z,2013-09-05T11:39:00.000Z,172.83529999999998950,-43.53349999999999653,3.76600000000000001,8.72530000000000072,ML,,GROPE,reviewed,manual,nz1dr,30,22,21,0.06600000000000000,181.00000000000000000,0.13950000000000001,0.19600000000000001
3732665,earthquake,2011-12-23T19:27:47.096Z,2013-09-05T11:56:00.000Z,172.82642000000001303,-43.51997000000000071,3.44200000000000017,10.09079999999999977,ML,,GROPE,reviewed,manual,nz1dr,27,18,3,0.07000000000000001,286.00000000000000000,0.13482000000000000,0.29899999999999999
3631781,earthquake,2011-12-23T18:42:19.408Z,2013-09-05T11:39:00.000Z,172.81550999999998908,-43.49898000000000309,3.60800000000000010,6.61950000000000038,ML,,GROPE,reviewed,manual,nz1dr,20,17,16,0.06200000000000000,211.00000000000000000,0.22034999999999999,0.19100000000000000
3631767,earthquake,2011-12-23T18:12:50.117Z,2013-09-05T11:39:00.000Z,172.78884999999999650,-43.49479999999999791,3.62999999999999989,8.44630000000000081,ML,,GROPE,reviewed,manual,nz1dr,24,15,17,0.04400000000000000,217.00000000000000000,0.19655000000000000,0.23799999999999999
3631761,earthquake,2011-12-23T17:57:26.939Z,2013-09-05T11:39:00.000Z,172.80133000000000720,-43.54366000000000270,4.02799999999999958,8.90339999999999954,ML,,GROPE,reviewed,manual,nz1dr,35,28,33,0.04300000000000000,219.00000000000000000,0.28702000000000000,0.25800000000000001
3732239,earthquake,2011-12-23T17:38:11.033Z,2013-09-05T11:56:00.000Z,172.86043000000000802,-43.64777000000000129,3.93900000000000006,5.00000000000000000,ML,operator assigned,GROPE,reviewed,manual,nz1dr,12,8,2,0.09400000000000000,292.00000000000000000,0.10977000000000001,0.24500000000000000
3631755,earthquake,2011-12-23T17:37:31.051Z,2013-09-05T11:38:00.000Z,172.83997999999999706,-43.66758999999999702,4.90000000000000036,5.00000000000000000,Mw,operator assigned,GROPE,reviewed,manual,nz1dr,55,39,0,0.09900000000000000,261.00000000000000000,0.24732000000000001,0.00000000000000000
3631738,earthquake,2011-12-23T16:54:27.641Z,2013-09-05T11:38:00.000Z,172.83872999999999820,-43.50807999999999964,3.89999999999999991,11.49179999999999957,Mw,,GROPE,reviewed,manual,nz1dr,33,27,0,0.07800000000000000,224.00000000000000000,0.30759999999999998,0.00000000000000000
3631733,earthquake,2011-12-23T16:35:09.858Z,2013-09-05T11:38:00.000Z,172.77563000000000670,-43.50462999999999880,3.38200000000000012,6.74920000000000009,ML,,GROPE,reviewed,manual,nz1dr,17,13,8,0.03300000000000000,161.00000000000000000,0.34295999999999999,0.17299999999999999
3631713,earthquake,2011-12-23T15:40:09.173Z,2013-09-05T11:38:00.000Z,172.79931999999999448,-43.47946000000000311,3.40700000000000003,9.08159999999999989,ML,,GROPE,reviewed,manual,nz1dr,16,10,11,0.16100000000000000,168.00000000000000000,0.20246000000000000,0.24900000000000000
3631710,earthquake,2011-12-23T15:33:49.760Z,2013-09-05T11:38:00.000Z,172.75932000000000244,-43.51921000000000106,3.70000000000000018,8.40499999999999936,ML,,GROPE,reviewed,manual,nz1dr,33,25,16,0.02300000000000000,119.00000000000000000,0.21393999999999999,0.25500000000000000
3631690,earthquake,2011-12-23T14:40:01.253Z,2013-09-05T11:38:00.000Z,172.84191999999998757,-43.46887000000000256,3.55200000000000005,5.00000000000000000,ML,operator assigned,GROPE,reviewed,manual,nz1dr,16,10,19,0.19200000000000000,177.00000000000000000,0.25409999999999999,0.19200000000000000
3631670,earthquake,2011-12-23T13:49:33.740Z,2013-09-05T11:37:00.000Z,172.82060000000001310,-43.48210000000000264,3.79999999999999982,9.45689999999999920,Mw,,GROPE,reviewed,manual,nz1dr,23,19,0,0.07000000000000001,172.00000000000000000,0.20236000000000001,0.00000000000000000
3730621,earthquake,2011-12-23T13:44:30.707Z,2013-09-05T11:56:00.000Z,172.81658999999999082,-43.50222999999999729,3.47400000000000020,8.10580000000000034,ML,,GROPE,reviewed,manual,nz1dr,21,13,8,0.06200000000000000,170.00000000000000000,0.26401999999999998,0.26000000000000001
3730520,earthquake,2011-12-23T13:11:17.629Z,2013-09-05T11:56:00.000Z,172.77429000000000769,-43.49112000000000222,3.51500000000000012,9.41440000000000055,ML,,GROPE,reviewed,manual,nz1dr,36,26,11,0.03600000000000000,163.00000000000000000,0.17358000000000001,0.25800000000000001
3730517,earthquake,2011-12-23T13:10:21.290Z,2013-09-05T11:56:00.000Z,172.78284999999999627,-43.53575000000000017,3.60000000000000009,7.96509999999999962,Mw,,GROPE,reviewed,manual,nz1dr,48,32,0,0.04100000000000000,161.00000000000000000,0.20770000000000000,0.00000000000000000
3631642,earthquake,2011-12-23T12:30:19.201Z,2013-09-05T11:37:00.000Z,172.81447000000000003,-43.53457999999999828,4.09999999999999964,6.25720000000000010,Mw,,GROPE,reviewed,manual,nz1dr,27,23,0,0.05600000000000000,167.00000000000000000,0.26274999999999998,0.00000000000000000
3631639,earthquake,2011-12-23T12:21:32.605Z,2013-09-05T11:37:00.000Z,172.72108000000000061,-43.52176999999999651,3.79999999999999982,6.67199999999999971,Mw,,GROPE,reviewed,manual,nz1dr,48,37,0,0.01500000000000000,119.00000000000000000,0.21786000000000000,0.00000000000000000
3631614,earthquake,2011-12-23T11:15:44.929Z,2013-09-26T09:42:00.000Z,172.79401999999998907,-43.54753000000000185,3.50800000000000001,8.11679999999999957,ML,,GROPE,reviewed,manual,nz1dr,20,13,11,0.03800000000000000,218.00000000000000000,0.17247000000000001,0.19700000000000001
3631605,earthquake,2011-12-23T10:51:33.072Z,2013-09-05T11:36:00.000Z,172.79024000000001138,-43.46327000000000140,3.44399999999999995,8.80209999999999937,ML,,GROPE,reviewed,manual,nz1dr,29,22,13,0.06200000000000000,234.00000000000000000,0.16442000000000001,0.17699999999999999
3631600,earthquake,2011-12-23T10:32:30.985Z,2013-09-05T11:36:00.000Z,172.81781000000000859,-43.53526999999999703,3.89999999999999991,5.44810000000000016,Mw,,GROPE,reviewed,manual,nz1dr,44,31,0,0.05600000000000000,167.00000000000000000,0.19647000000000001,0.00000000000000000
3728275,earthquake,2011-12-23T10:18:36.243Z,2013-09-05T11:56:00.000Z,172.84038000000001034,-43.47825000000000273,3.52000000000000002,6.80649999999999977,ML,,GROPE,reviewed,manual,nz1dr,12,9,7,0.09100000000000000,242.00000000000000000,0.25431999999999999,0.28599999999999998
3631595,earthquake,2011-12-23T10:17:40.281Z,2013-09-05T11:36:00.000Z,172.86349000000001297,-43.46490000000000009,3.80200000000000005,7.76069999999999993,ML,,GROPE,reviewed,manual,nz1dr,37,25,20,0.10600000000000000,269.00000000000000000,0.29207000000000000,0.39400000000000002
3631594,earthquake,2011-12-23T10:15:11.564Z,2013-09-26T08:58:00.000Z,172.82071999999999434,-43.47926999999999964,3.83300000000000018,7.20260000000000034,ML,,GROPE,reviewed,manual,nz1dr,40,29,28,0.07099999999999999,230.00000000000000000,0.21240999999999999,0.25800000000000001
3631570,earthquake,2011-12-23T09:13:48.834Z,2013-09-05T11:35:00.000Z,172.81546000000000163,-43.48004000000000246,3.43000000000000016,6.68900000000000006,ML,,GROPE,reviewed,manual,nz1dr,22,14,11,0.07300000000000000,216.00000000000000000,0.26645000000000002,0.15700000000000000
3631544,earthquake,2011-12-23T08:01:22.499Z,2013-09-26T08:44:00.000Z,172.81567000000001144,-43.50639000000000323,3.97900000000000009,7.14860000000000007,ML,,GROPE,reviewed,manual,nz1dr,27,16,39,0.07199999999999999,213.00000000000000000,0.27856999999999998,0.20599999999999999
3631516,earthquake,2011-12-23T06:53:27.704Z,2013-09-26T08:39:00.000Z,172.82552000000001158,-43.47675000000000267,3.72299999999999986,8.10839999999999961,ML,,GROPE,reviewed,manual,nz1dr,22,17,18,0.09400000000000000,211.00000000000000000,0.22528000000000001,0.20599999999999999
3631512,earthquake,2011-12-23T06:45:31.162Z,2013-09-05T11:35:00.000Z,172.78631999999998925,-43.48028000000000048,3.55699999999999994,8.56910000000000061,ML,,GROPE,reviewed,manual,nz1dr,18,13,15,0.12400000000000000,210.00000000000000000,0.38210000000000000,0.22600000000000001
3631504,earthquake,2011-12-23T06:26:05.898Z,2013-09-05T11:35:00.000Z,172.84340000000000259,-43.50540999999999769,3.55699999999999994,13.75760000000000005,ML,,GROPE,reviewed,manual,nz1dr,27,21,12,0.16500000000000001,170.00000000000000000,0.17943999999999999,0.19600000000000001
3725622,earthquake,2011-12-23T05:46:38.136Z,2013-09-05T11:56:00.000Z,172.87400999999999840,-43.48644999999999783,3.80100000000000016,12.53979999999999961,ML,,GROPE,reviewed,manual,nz1dr,22,14,29,0.12000000000000000,229.00000000000000000,0.23610999999999999,0.19900000000000001
3725621,earthquake,2011-12-23T05:44:53.292Z,2013-09-05T11:56:00.000Z,172.79456999999999312,-43.53388999999999953,3.34799999999999986,8.16510000000000069,ML,,GROPE,reviewed,manual,nz1dr,23,15,8,0.04800000000000000,208.00000000000000000,0.16486999999999999,0.21099999999999999
3631488,earthquake,2011-12-23T05:44:32.644Z,2013-09-05T11:34:00.000Z,172.80225999999998976,-43.52570000000000050,3.45900000000000007,8.32499999999999929,ML,,GROPE,reviewed,manual,nz1dr,28,15,9,0.05800000000000000,210.00000000000000000,0.18823999999999999,0.17799999999999999
3631487,earthquake,2011-12-23T05:42:25.790Z,2013-09-05T11:34:00.000Z,172.85489999999998645,-43.49410999999999916,3.44499999999999984,13.70790000000000042,ML,,GROPE,reviewed,manual,nz1dr,16,10,8,0.18099999999999999,226.00000000000000000,0.19434000000000001,0.27400000000000002
3631482,earthquake,2011-12-23T05:32:36.631Z,2013-09-05T11:34:00.000Z,172.78534999999999400,-43.55026000000000153,3.32900000000000018,8.55279999999999951,ML,,GROPE,reviewed,manual,nz1dr,26,14,6,0.03200000000000000,206.00000000000000000,0.18723000000000001,0.27000000000000002
3631467,earthquake,2011-12-23T05:01:05.456Z,2013-09-05T11:34:00.000Z,172.84770000000000323,-43.55095000000000027,3.72500000000000009,8.74080000000000013,ML,,GROPE,reviewed,manual,nz1dr,19,13,19,0.06300000000000000,251.00000000000000000,0.25949000000000000,0.20999999999999999
3631464,earthquake,2011-12-23T04:55:29.929Z,2013-09-05T11:34:00.000Z,172.77420000000000755,-43.45976000000000283,3.40899999999999981,5.00000000000000000,ML,operator assigned,GROPE,reviewed,manual,nz1dr,18,12,13,0.11500000000000000,205.00000000000000000,0.32345000000000002,0.17999999999999999
3725434,earthquake,2011-12-23T04:46:04.739Z,2013-09-05T11:56:00.000Z,172.87694999999999368,-43.48581000000000074,4.07800000000000029,5.00000000000000000,ML,operator assigned,GROPE,reviewed,manual,nz1dr,41,26,31,0.12200000000000000,218.00000000000000000,0.28459000000000001,0.24500000000000000
3725096,earthquake,2011-12-23T04:45:07.455Z,2013-09-05T11:56:00.000Z,172.77205000000000723,-43.48850999999999800,3.43999999999999995,9.48140000000000072,ML,,GROPE,reviewed,manual,nz1dr,20,14,10,0.05300000000000000,206.00000000000000000,0.29426000000000002,0.25600000000000001
3631460,earthquake,2011-12-23T04:43:49.630Z,2013-09-05T11:34:00.000Z,172.76030000000000086,-43.51301000000000130,3.31599999999999984,11.01069999999999993,ML,,GROPE,reviewed,manual,nz1dr,14,9,9,0.11799999999999999,206.00000000000000000,0.22445000000000001,0.21800000000000000
3631459,earthquake,2011-12-23T04:41:42.580Z,2013-09-05T11:34:00.000Z,172.78432000000000812,-43.55030000000000001,3.40399999999999991,8.82850000000000001,ML,,GROPE,reviewed,manual,nz1dr,20,13,7,0.03100000000000000,205.00000000000000000,0.19986000000000001,0.29699999999999999
3631457,earthquake,2011-12-23T04:37:59.284Z,2013-09-05T11:34:00.000Z,172.80212000000000216,-43.50021999999999878,3.46399999999999997,10.25179999999999936,ML,,GROPE,reviewed,manual,nz1dr,21,14,10,0.15100000000000000,171.00000000000000000,0.20041999999999999,0.16900000000000001
3631456,earthquake,2011-12-23T04:33:48.939Z,2013-09-05T11:34:00.000Z,172.83806000000001291,-43.50066000000000344,3.93199999999999994,13.39189999999999969,ML,,GROPE,reviewed,manual,nz1dr,23,13,38,0.09400000000000000,223.00000000000000000,0.18043999999999999,0.19800000000000001
3631453,earthquake,2011-12-23T04:28:28.198Z,2013-09-05T11:34:00.000Z,172.78023999999999205,-43.50365000000000038,3.88300000000000001,8.24200000000000088,ML,,GROPE,reviewed,manual,nz1dr,42,23,28,0.05700000000000000,213.00000000000000000,0.25125999999999998,0.22100000000000000
3631441,earthquake,2011-12-23T04:08:05.677Z,2013-09-05T11:34:00.000Z,172.80179999999998586,-43.48613000000000284,3.99500000000000011,8.46380000000000088,ML,,GROPE,reviewed,manual,nz1dr,39,24,45,0.07500000000000000,193.00000000000000000,0.21587000000000001,0.19100000000000000
3631436,earthquake,2011-12-23T04:00:39.038Z,2013-09-05T11:34:00.000Z,172.84006999999999721,-43.50175000000000125,4.01299999999999990,14.53589999999999982,ML,,GROPE,reviewed,manual,nz1dr,27,18,42,0.09300000000000000,223.00000000000000000,0.28536000000000000,0.20899999999999999
3724485,earthquake,2011-12-23T03:57:58.275Z,2013-09-05T11:56:00.000Z,172.80580000000000496,-43.55237999999999943,3.48799999999999999,7.71349999999999980,ML,,GROPE,reviewed,manual,nz1dr,22,12,16,0.03800000000000000,222.00000000000000000,0.17452000000000001,0.19300000000000000
3631435,earthquake,2011-12-23T03:57:26.772Z,2013-09-05T11:34:00.000Z,172.79358999999999469,-43.54628999999999905,3.58599999999999985,7.59210000000000029,ML,,GROPE,reviewed,manual,nz1dr,19,11,18,0.03800000000000000,234.00000000000000000,0.20452000000000001,0.20200000000000001
3724454,earthquake,2011-12-23T03:54:22.430Z,2013-09-05T11:56:00.000Z,172.79950999999999794,-43.49170999999999765,3.48700000000000010,14.58919999999999995,ML,,GROPE,reviewed,manual,nz1dr,14,8,20,0.15400000000000000,195.00000000000000000,0.16536000000000001,0.18800000000000000
3724471,earthquake,2011-12-23T03:51:59.348Z,2013-09-05T11:56:00.000Z,172.79872000000000298,-43.51308000000000220,3.54599999999999982,5.00000000000000000,ML,operator assigned,GROPE,reviewed,manual,nz1dr,10,4,5,0.14299999999999999,236.00000000000000000,0.18021000000000001,0.21700000000000000
3631432,earthquake,2011-12-23T03:50:14.223Z,2013-09-05T11:34:00.000Z,172.81983999999999924,-43.47232000000000340,4.70000000000000018,8.73809999999999931,Mw,,GROPE,reviewed,manual,nz1dr,51,36,0,0.09100000000000000,198.00000000000000000,0.28505000000000003,0.00000000000000000
3724317,earthquake,2011-12-23T03:33:40.411Z,2013-09-05T11:56:00.000Z,172.77190999999999121,-43.49589999999999890,3.61500000000000021,9.72809999999999953,ML,,GROPE,reviewed,manual,nz1dr,39,23,14,0.05100000000000000,186.00000000000000000,0.17219000000000001,0.22800000000000001
3724313,earthquake,2011-12-23T03:33:22.810Z,2013-09-05T11:56:00.000Z,172.79854000000000269,-43.50081000000000131,3.39100000000000001,10.88349999999999973,ML,,GROPE,reviewed,manual,nz1dr,25,16,4,0.07000000000000001,223.00000000000000000,0.19006000000000001,0.15800000000000000
3722920,earthquake,2011-12-23T03:30:55.259Z,2013-09-05T11:56:00.000Z,172.79173000000000116,-43.54059999999999775,3.62599999999999989,7.57680000000000042,ML,,GROPE,reviewed,manual,nz1dr,26,16,11,0.04200000000000000,208.00000000000000000,0.19913000000000000,0.33700000000000002
3631417,earthquake,2011-12-23T03:29:16.804Z,2013-09-26T08:31:00.000Z,172.79055999999999926,-43.53862000000000165,3.67600000000000016,7.80780000000000030,ML,,GROPE,reviewed,manual,nz1dr,27,16,14,0.04200000000000000,227.00000000000000000,0.18809000000000001,0.28100000000000003
3631416,earthquake,2011-12-23T03:24:05.336Z,2013-09-05T11:34:00.000Z,172.80072000000001253,-43.46417000000000286,4.29999999999999982,6.70180000000000042,Mw,,GROPE,reviewed,manual,nz1dr,35,27,0,0.11100000000000000,199.00000000000000000,0.22763000000000000,0.00000000000000000
3722398,earthquake,2011-12-23T03:22:07.177Z,2013-09-05T11:55:00.000Z,172.80928000000000111,-43.50741000000000014,4.14400000000000013,14.65740000000000087,ML,,GROPE,reviewed,manual,nz1dr,41,24,23,0.07500000000000000,238.00000000000000000,0.20030000000000001,0.37000000000000000
3631409,earthquake,2011-12-23T03:14:35.659Z,2013-10-01T08:51:00.000Z,172.85445000000001414,-43.47659000000000162,4.20000000000000018,10.34270000000000067,Mw,,GROPE,reviewed,manual,nz1dr,47,28,0,0.12000000000000000,243.00000000000000000,0.20472000000000001,0.00000000000000000
3631405,earthquake,2011-12-23T03:05:07.376Z,2013-09-05T11:33:00.000Z,172.76278999999999542,-43.48380000000000223,3.70299999999999985,9.32199999999999918,ML,,GROPE,reviewed,manual,nz1dr,36,22,16,0.04800000000000000,204.00000000000000000,0.27976000000000001,0.20000000000000001
3631404,earthquake,2011-12-23T03:00:58.832Z,2013-09-05T11:33:00.000Z,172.88537999999999784,-43.48787000000000091,3.51200000000000001,10.60149999999999970,ML,,GROPE,reviewed,manual,nz1dr,21,13,15,0.12800000000000000,231.00000000000000000,0.24790999999999999,0.17899999999999999
3631403,earthquake,2011-12-23T02:56:44.993Z,2013-09-05T11:33:00.000Z,172.76379000000000019,-43.50442999999999927,3.66100000000000003,9.02360000000000007,ML,,GROPE,reviewed,manual,nz1dr,33,21,17,0.04500000000000000,132.00000000000000000,0.17441000000000001,0.18700000000000000
3721310,earthquake,2011-12-23T02:47:58.422Z,2013-09-05T11:55:00.000Z,172.82186999999998989,-43.46477000000000146,4.64900000000000002,8.81119999999999948,ML,,GROPE,reviewed,manual,nz1dr,45,32,86,0.09500000000000000,239.00000000000000000,0.19023000000000001,0.24199999999999999
3721263,earthquake,2011-12-23T02:41:02.334Z,2013-09-05T11:55:00.000Z,172.78498999999999342,-43.50231000000000137,3.53699999999999992,10.04490000000000016,ML,,GROPE,reviewed,manual,nz1dr,28,17,11,0.06000000000000000,206.00000000000000000,0.18904000000000001,0.14899999999999999
3631395,earthquake,2011-12-23T02:40:00.376Z,2013-09-05T11:33:00.000Z,172.79096999999998729,-43.48850999999999800,4.35599999999999987,7.77479999999999993,ML,,GROPE,reviewed,manual,nz1dr,59,40,67,0.06600000000000000,142.00000000000000000,0.17247999999999999,0.23300000000000001
3720763,earthquake,2011-12-23T02:36:23.420Z,2013-09-05T11:55:00.000Z,172.75445999999999458,-43.52665999999999968,3.38600000000000012,7.15850000000000009,ML,,GROPE,reviewed,manual,nz1dr,24,16,8,0.04300000000000000,194.00000000000000000,0.19620000000000001,0.21299999999999999
3720745,earthquake,2011-12-23T02:34:29.697Z,2013-09-05T11:55:00.000Z,172.84731999999999630,-43.49296999999999969,3.87500000000000000,16.61779999999999902,ML,,GROPE,reviewed,manual,nz1dr,23,15,21,0.10400000000000000,224.00000000000000000,0.18243999999999999,0.29699999999999999
3720734,earthquake,2011-12-23T02:33:35.360Z,2013-09-05T11:55:00.000Z,172.82175000000000864,-43.51299000000000206,3.52999999999999980,16.06769999999999854,ML,,GROPE,reviewed,manual,nz1dr,10,5,8,0.14799999999999999,241.00000000000000000,0.27032000000000000,0.15900000000000000
3720726,earthquake,2011-12-23T02:31:51.963Z,2013-09-05T11:55:00.000Z,172.81231999999999971,-43.48958999999999975,3.83599999999999985,7.32829999999999959,ML,,GROPE,reviewed,manual,nz1dr,22,11,11,0.09200000000000000,217.00000000000000000,0.25674000000000002,0.22900000000000001
3720725,earthquake,2011-12-23T02:31:20.072Z,2013-09-05T11:55:00.000Z,172.79738000000000397,-43.47498999999999825,3.68699999999999983,9.12390000000000079,ML,,GROPE,reviewed,manual,nz1dr,29,16,8,0.10000000000000001,220.00000000000000000,0.22413000000000000,0.23899999999999999
3720703,earthquake,2011-12-23T02:30:48.592Z,2013-09-05T11:55:00.000Z,172.81804999999999950,-43.51702000000000226,3.82100000000000017,5.00000000000000000,ML,operator assigned,GROPE,reviewed,manual,nz1dr,31,16,10,0.07199999999999999,238.00000000000000000,0.24066000000000001,0.26800000000000002
3720697,earthquake,2011-12-23T02:30:11.950Z,2013-09-05T11:55:00.000Z,172.80295000000000982,-43.54312999999999789,3.56400000000000006,8.25740000000000052,ML,,GROPE,reviewed,manual,nz1dr,13,7,5,0.04400000000000000,240.00000000000000000,0.09558999999999999,0.19700000000000001
3720690,earthquake,2011-12-23T02:29:58.698Z,2013-09-05T11:55:00.000Z,172.78150999999999726,-43.50489000000000317,3.53900000000000015,8.32080000000000020,ML,,GROPE,reviewed,manual,nz1dr,25,14,6,0.05800000000000000,214.00000000000000000,0.18165000000000001,0.13100000000000001
3720678,earthquake,2011-12-23T02:29:23.224Z,2013-09-05T11:55:00.000Z,172.82180999999999926,-43.49783999999999651,3.79599999999999982,9.04550000000000054,ML,,GROPE,reviewed,manual,nz1dr,23,12,10,0.08699999999999999,240.00000000000000000,0.22822999999999999,0.25900000000000001
3719163,earthquake,2011-12-23T02:28:59.117Z,2013-09-05T11:55:00.000Z,172.79410999999998921,-43.55120999999999754,3.65300000000000002,10.57549999999999990,ML,,GROPE,reviewed,manual,nz1dr,27,15,9,0.03400000000000000,129.00000000000000000,0.24206000000000000,0.14399999999999999
3719157,earthquake,2011-12-23T02:28:02.499Z,2013-09-05T11:55:00.000Z,172.73493999999999460,-43.51713999999999771,3.40700000000000003,12.87049999999999983,ML,,GROPE,reviewed,manual,nz1dr,11,6,7,0.10100000000000001,222.00000000000000000,0.17360000000000000,0.32400000000000001
3719138,earthquake,2011-12-23T02:26:46.293Z,2013-09-05T11:55:00.000Z,172.72459000000000628,-43.52703000000000344,3.52599999999999980,13.62589999999999968,ML,,GROPE,reviewed,manual,nz1dr,17,9,8,0.06500000000000000,197.00000000000000000,0.16053000000000001,0.33100000000000002
3719132,earthquake,2011-12-23T02:24:59.490Z,2013-09-05T11:55:00.000Z,172.76875000000001137,-43.49244999999999806,3.93800000000000017,10.44870000000000054,ML,,GROPE,reviewed,manual,nz1dr,33,18,8,0.07800000000000000,184.00000000000000000,0.22975000000000001,0.19700000000000001
3719128,earthquake,2011-12-23T02:24:24.227Z,2013-09-05T11:55:00.000Z,172.82723999999998910,-43.52011999999999858,3.45599999999999996,9.32360000000000078,ML,,GROPE,reviewed,manual,nz1dr,9,4,5,0.12200000000000000,286.00000000000000000,0.16889000000000001,0.20399999999999999
3719117,earthquake,2011-12-23T02:23:44.670Z,2013-09-05T11:55:00.000Z,172.81571999999999889,-43.47357000000000227,3.90899999999999981,10.99579999999999913,ML,,GROPE,reviewed,manual,nz1dr,34,19,4,0.08799999999999999,273.00000000000000000,0.14246000000000000,0.14699999999999999
3719091,earthquake,2011-12-23T02:23:38.631Z,2013-09-05T11:55:00.000Z,172.78046000000000504,-43.53423000000000087,4.15299999999999958,10.90230000000000032,ML,,GROPE,reviewed,manual,nz1dr,43,24,7,0.04100000000000000,162.00000000000000000,0.18922000000000000,0.18200000000000000
3719086,earthquake,2011-12-23T02:22:18.988Z,2013-09-05T11:55:00.000Z,172.81032999999999333,-43.47480000000000189,4.05700000000000038,8.88509999999999955,ML,,GROPE,reviewed,manual,nz1dr,15,9,6,0.13700000000000001,279.00000000000000000,0.21747000000000000,0.23899999999999999
3631381,earthquake,2011-12-23T02:20:03.892Z,2013-09-05T11:33:00.000Z,172.74001000000001227,-43.48698999999999870,4.11200000000000010,10.62379999999999924,ML,,GROPE,reviewed,manual,nz1dr,25,15,3,0.03200000000000000,194.00000000000000000,0.14341999999999999,0.18600000000000000
3719081,earthquake,2011-12-23T02:19:55.517Z,2013-09-05T11:55:00.000Z,172.79786999999998898,-43.48763999999999896,4.11099999999999977,6.50180000000000025,ML,,GROPE,reviewed,manual,nz1dr,20,9,3,0.07099999999999999,295.00000000000000000,0.12592999999999999,0.13900000000000001
3631380,earthquake,2011-12-23T02:18:03.590Z,2013-10-01T08:47:00.000Z,172.74977000000001226,-43.52452000000000254,5.90000000000000036,7.48650000000000038,Mw,,GROPE,reviewed,manual,nz1dr,50,43,0,0.04100000000000000,153.00000000000000000,0.28059000000000001,0.00000000000000000
3718569,earthquake,2011-12-23T02:06:50.564Z,2013-09-05T11:54:00.000Z,172.73079999999998790,-43.52974999999999994,3.35400000000000009,6.73859999999999992,ML,,GROPE,reviewed,manual,nz1dr,25,17,8,0.03400000000000000,162.00000000000000000,0.25666000000000000,0.25800000000000001
3631372,earthquake,2011-12-23T01:50:25.300Z,2013-09-05T11:33:00.000Z,172.83257000000000403,-43.46387000000000000,4.06700000000000017,9.56859999999999999,ML,,GROPE,reviewed,manual,nz1dr,40,25,38,0.10299999999999999,232.00000000000000000,0.23205000000000001,0.24700000000000000
3718113,earthquake,2011-12-23T01:48:18.676Z,2013-09-05T11:54:00.000Z,172.79780999999999835,-43.47276999999999703,3.64999999999999991,5.00000000000000000,ML,operator assigned,GROPE,reviewed,manual,nz1dr,15,9,15,0.12900000000000000,233.00000000000000000,0.33306999999999998,0.20599999999999999
3631376,earthquake,2011-12-23T01:48:04.604Z,2013-09-25T16:02:00.000Z,172.85044999999999504,-43.52076999999999884,3.63200000000000012,18.22599999999999909,ML,,GROPE,reviewed,manual,nz1dr,20,13,18,0.15700000000000000,228.00000000000000000,0.29355999999999999,0.22100000000000000
3718029,earthquake,2011-12-23T01:44:14.110Z,2013-09-05T11:54:00.000Z,172.87739999999999441,-43.49828999999999724,3.68999999999999995,15.13289999999999935,ML,,GROPE,reviewed,manual,nz1dr,12,7,21,0.19000000000000000,231.00000000000000000,0.12213000000000000,0.25800000000000001
3717543,earthquake,2011-12-23T01:41:39.033Z,2013-09-25T15:27:00.000Z,172.83582999999998719,-43.47932999999999737,4.37000000000000011,6.91790000000000038,ML,,GROPE,reviewed,manual,nz1dr,32,23,65,0.10000000000000001,168.00000000000000000,0.23149000000000000,0.18400000000000000
3631374,earthquake,2011-12-23T01:36:26.980Z,2013-09-05T11:33:00.000Z,172.89241000000001236,-43.50661999999999807,3.32200000000000006,14.95400000000000063,ML,,GROPE,reviewed,manual,nz1dr,14,7,8,0.20799999999999999,186.00000000000000000,0.16460000000000000,0.21199999999999999
3717490,earthquake,2011-12-23T01:31:16.164Z,2013-09-05T11:54:00.000Z,172.76938000000001239,-43.52299000000000007,3.37300000000000022,11.76999999999999957,ML,,GROPE,reviewed,manual,nz1dr,12,6,3,0.11899999999999999,232.00000000000000000,0.18511000000000000,0.19500000000000001
3631369,earthquake,2011-12-23T01:30:27.078Z,2013-09-05T11:33:00.000Z,172.79173000000000116,-43.52962999999999738,4.40000000000000036,9.30219999999999914,Mw,,GROPE,reviewed,manual,nz1dr,56,37,0,0.05000000000000000,203.00000000000000000,0.26741999999999999,0.00000000000000000
3717373,earthquake,2011-12-23T01:26:03.832Z,2013-09-05T11:54:00.000Z,172.82532000000000494,-43.44028000000000134,3.77800000000000002,21.07550000000000168,ML,,GROPE,reviewed,manual,nz1dr,24,10,28,0.11000000000000000,214.00000000000000000,0.21023000000000000,0.20899999999999999
3631368,earthquake,2011-12-23T01:26:01.312Z,2013-09-05T11:33:00.000Z,172.83182999999999652,-43.49909000000000248,3.57799999999999985,7.83220000000000027,ML,,GROPE,reviewed,manual,nz1dr,23,12,4,0.09200000000000000,222.00000000000000000,0.15537000000000001,0.22400000000000000
3715438,earthquake,2011-12-23T01:25:48.024Z,2013-09-05T11:54:00.000Z,172.84959000000000628,-43.49481999999999715,3.37300000000000022,15.07579999999999920,ML,,GROPE,reviewed,manual,nz1dr,22,12,4,0.15900000000000000,225.00000000000000000,0.18826000000000001,0.22100000000000000
3715402,earthquake,2011-12-23T01:18:27.991Z,2013-09-05T11:54:00.000Z,172.84200000000001296,-43.47536000000000200,3.54000000000000004,11.97439999999999927,ML,,GROPE,reviewed,manual,nz1dr,14,7,13,0.18900000000000000,174.00000000000000000,0.16925000000000001,0.24900000000000000
3714862,earthquake,2011-12-23T01:15:26.429Z,2013-09-05T11:54:00.000Z,172.82875000000001364,-43.50766999999999740,3.80299999999999994,6.49080000000000013,ML,,GROPE,reviewed,manual,nz1dr,32,19,18,0.08400000000000001,220.00000000000000000,0.23202999999999999,0.16200000000000001
3631367,earthquake,2011-12-23T01:14:58.662Z,2013-09-25T15:24:00.000Z,172.83931999999998652,-43.47379999999999711,4.08600000000000030,8.52759999999999962,ML,,GROPE,reviewed,manual,nz1dr,35,24,43,0.10400000000000000,181.00000000000000000,0.18965000000000001,0.25600000000000001
3714307,earthquake,2011-12-23T01:11:23.118Z,2013-09-05T11:53:00.000Z,172.82423000000000002,-43.51894000000000062,4.53500000000000014,8.08179999999999943,ML,,GROPE,reviewed,manual,nz1dr,32,24,71,0.07300000000000000,189.00000000000000000,0.22337000000000001,0.22800000000000001
3714301,earthquake,2011-12-23T01:11:00.367Z,2013-09-05T11:53:00.000Z,172.77937000000000012,-43.52179000000000286,3.63600000000000012,9.05879999999999974,ML,,GROPE,reviewed,manual,nz1dr,12,6,6,0.12200000000000000,233.00000000000000000,0.18515000000000001,0.13100000000000001
3714287,earthquake,2011-12-23T01:10:46.197Z,2013-09-05T11:53:00.000Z,172.79175000000000750,-43.50054999999999694,3.59500000000000020,14.21759999999999913,ML,,GROPE,reviewed,manual,nz1dr,18,10,6,0.12900000000000000,165.00000000000000000,0.23296000000000000,0.26100000000000001
3713826,earthquake,2011-12-23T01:09:57.706Z,2013-09-05T11:53:00.000Z,172.81443999999999050,-43.51698999999999984,3.77800000000000002,16.66240000000000165,ML,,GROPE,reviewed,manual,nz1dr,9,4,8,0.15100000000000000,240.00000000000000000,0.21815000000000001,0.23899999999999999
3713809,earthquake,2011-12-23T01:07:51.689Z,2013-09-05T11:53:00.000Z,172.81737000000001103,-43.47498000000000218,4.70399999999999974,7.47520000000000007,ML,,GROPE,reviewed,manual,nz1dr,43,30,13,0.07099999999999999,228.00000000000000000,0.20018000000000000,0.22000000000000000
3713774,earthquake,2011-12-23T01:07:20.673Z,2013-09-05T11:53:00.000Z,172.91634999999999422,-43.45295999999999736,4.53699999999999992,12.38749999999999929,ML,,GROPE,reviewed,manual,nz1dr,28,17,4,0.14599999999999999,270.00000000000000000,0.22795000000000001,0.24299999999999999
3631363,earthquake,2011-12-23T01:06:26.095Z,2013-09-05T11:33:00.000Z,172.81302999999999770,-43.47494999999999976,5.40000000000000036,7.47850000000000037,Mw,,GROPE,reviewed,manual,nz1dr,68,50,0,0.06800000000000000,169.00000000000000000,0.28522999999999998,0.00000000000000000
3713759,earthquake,2011-12-23T01:06:04.599Z,2013-09-05T11:53:00.000Z,172.84868000000000166,-43.50744999999999862,3.33000000000000007,10.26050000000000040,ML,,GROPE,reviewed,manual,nz1dr,10,4,4,0.17799999999999999,245.00000000000000000,0.16228999999999999,0.15600000000000000
3713747,earthquake,2011-12-23T01:04:49.628Z,2013-09-05T11:53:00.000Z,172.82062999999999420,-43.50836999999999932,3.43800000000000017,11.28989999999999938,ML,,GROPE,reviewed,manual,nz1dr,10,4,4,0.15900000000000000,240.00000000000000000,0.15160999999999999,0.20100000000000001
3713294,earthquake,2011-12-23T01:03:58.463Z,2013-09-05T11:53:00.000Z,172.79901000000000977,-43.46506000000000114,3.80799999999999983,9.00000000000000000,ML,operator assigned,GROPE,reviewed,manual,nz1dr,8,4,7,0.17000000000000001,233.00000000000000000,0.21393999999999999,0.30599999999999999
3713288,earthquake,2011-12-23T01:02:57.633Z,2013-09-05T11:53:00.000Z,172.80582000000001131,-43.50551000000000101,4.28099999999999969,9.28049999999999997,ML,,GROPE,reviewed,manual,nz1dr,23,11,10,0.05400000000000000,238.00000000000000000,0.18969000000000000,0.23599999999999999
3713284,earthquake,2011-12-23T01:02:20.634Z,2013-09-05T11:53:00.000Z,172.88039000000000556,-43.39296999999999827,3.90399999999999991,5.00000000000000000,ML,operator assigned,GROPE,reviewed,manual,nz1dr,7,3,4,0.26200000000000001,244.00000000000000000,0.26308999999999999,0.17599999999999999
3713255,earthquake,2011-12-23T01:00:53.931Z,2013-09-05T11:53:00.000Z,172.82914999999999850,-43.52389999999999759,5.00000000000000000,7.73639999999999972,Mw,,GROPE,reviewed,manual,nz1dr,77,46,0,0.07099999999999999,188.00000000000000000,0.26239000000000001,0.00000000000000000
3713670,earthquake,2011-12-23T01:00:50.092Z,2013-09-05T11:53:00.000Z,172.79069999999998686,-43.52053999999999689,4.05299999999999994,5.00000000000000000,ML,operator assigned,GROPE,reviewed,manual,nz1dr,24,18,4,0.04500000000000000,221.00000000000000000,0.25220999999999999,0.26500000000000001
3713228,earthquake,2011-12-23T01:00:25.550Z,2013-09-05T11:53:00.000Z,172.78338999999999714,-43.53271999999999764,4.29100000000000037,9.12630000000000052,ML,,GROPE,reviewed,manual,nz1dr,43,26,4,0.04400000000000000,161.00000000000000000,0.21826999999999999,0.22900000000000001
3713218,earthquake,2011-12-23T00:59:58.429Z,2013-09-05T11:53:00.000Z,172.84502000000000521,-43.51254000000000133,4.46300000000000008,7.80919999999999970,ML,,GROPE,reviewed,manual,nz1dr,26,15,4,0.08300000000000000,226.00000000000000000,0.17496000000000000,0.31600000000000000
3631359,earthquake,2011-12-23T00:58:38.147Z,2013-09-05T11:33:00.000Z,172.79950999999999794,-43.48138000000000147,5.79999999999999982,10.01469999999999949,Mw,,GROPE,reviewed,manual,nz1dr,64,59,0,0.05700000000000000,96.00000000000000000,0.26801000000000003,0.00000000000000000
3630675,earthquake,2011-12-21T17:13:59.480Z,2013-09-05T11:30:00.000Z,172.38539000000000101,-43.55722999999999701,3.38799999999999990,8.18779999999999930,ML,,GROPE,reviewed,manual,nz1dr,22,18,13,0.06300000000000000,74.00000000000000000,0.27807999999999999,0.13400000000000001
3628757,earthquake,2011-12-18T02:19:30.721Z,2013-09-05T11:23:00.000Z,172.58082999999999174,-43.59206999999999965,3.43100000000000005,5.00000000000000000,ML,operator assigned,GROPE,reviewed,manual,nz1dr,23,18,7,0.00800000000000000,108.00000000000000000,0.19646000000000000,0.27200000000000002
3628315,earthquake,2011-12-17T06:42:19.740Z,2013-09-05T11:22:00.000Z,172.73837000000000330,-43.60085000000000122,3.30699999999999994,7.92799999999999994,ML,,GROPE,reviewed,manual,nz1dr,28,20,9,0.01700000000000000,94.00000000000000000,0.21429999999999999,0.15500000000000000
3627704,earthquake,2011-12-16T01:49:54.397Z,2013-09-05T11:20:00.000Z,172.88901000000001318,-42.74667000000000172,3.35800000000000010,33.00000000000000000,ML,operator assigned,GROPE,reviewed,manual,nz1dr,23,17,20,0.22600000000000001,134.00000000000000000,0.27134999999999998,0.20000000000000001
3626893,earthquake,2011-12-14T12:35:01.564Z,2013-09-05T11:17:00.000Z,172.31520000000000437,-43.57883999999999958,3.48300000000000010,5.00000000000000000,ML,operator assigned,GROPE,reviewed,manual,nz1dr,20,14,15,0.11700000000000001,105.00000000000000000,0.22314000000000001,0.13100000000000001
3621452,earthquake,2011-12-04T07:15:26.615Z,2013-09-24T15:36:00.000Z,172.08501000000001113,-43.24631000000000114,3.44499999999999984,7.26630000000000020,ML,,GROPE,reviewed,manual,nz1dr,27,18,12,0.08799999999999999,65.00000000000000000,0.22358000000000000,0.22700000000000001
3620118,earthquake,2011-12-01T17:06:28.586Z,2013-09-05T10:57:00.000Z,172.60281000000000518,-43.62190999999999974,3.30399999999999983,12.00000000000000000,ML,operator assigned,GROPE,reviewed,manual,nz1dr,22,17,7,0.02000000000000000,67.00000000000000000,0.12431000000000000,0.20899999999999999
3619367,earthquake,2011-11-30T06:09:18.217Z,2013-09-04T16:24:00.000Z,172.89197999999998956,-43.72657000000000238,3.55900000000000016,12.00000000000000000,ML,operator assigned,GROPE,reviewed,manual,nz1dr,17,12,13,0.10000000000000001,115.00000000000000000,0.19594000000000000,0.22300000000000000
3619036,earthquake,2011-11-29T15:11:51.942Z,2013-09-04T16:23:00.000Z,172.64707999999998833,-43.57198999999999955,3.33899999999999997,4.39290000000000003,ML,,GROPE,reviewed,manual,nz1dr,21,16,10,0.01700000000000000,98.00000000000000000,0.19334000000000001,0.17599999999999999
3616633,earthquake,2011-11-25T02:54:20.802Z,2013-09-04T16:19:00.000Z,172.73720000000000141,-43.56387000000000143,3.47199999999999998,10.27749999999999986,ML,,GROPE,reviewed,manual,nz1dr,31,23,11,0.01100000000000000,132.00000000000000000,0.15426999999999999,0.26900000000000002
3614881,earthquake,2011-11-22T03:50:21.489Z,2013-09-04T16:17:00.000Z,172.61169000000001006,-43.57580999999999705,3.34299999999999997,4.47090000000000032,ML,,GROPE,reviewed,manual,nz1dr,26,22,7,0.00800000000000000,54.00000000000000000,0.21546000000000001,0.21800000000000000
3614799,earthquake,2011-11-22T00:39:32.454Z,2013-09-19T10:53:00.000Z,171.85999000000001047,-43.57330000000000325,3.33000000000000007,15.09709999999999930,ML,,GROPE,reviewed,manual,nz1dr,19,14,10,0.26300000000000001,99.00000000000000000,0.23354000000000000,0.16800000000000001
3614525,earthquake,2011-11-21T12:18:39.381Z,2013-09-04T16:17:00.000Z,172.73184000000000538,-43.54287999999999670,3.48700000000000010,5.00000000000000000,ML,operator assigned,GROPE,reviewed,manual,nz1dr,32,28,13,0.03000000000000000,120.00000000000000000,0.23655000000000001,0.14899999999999999
3613224,earthquake,2011-11-19T08:53:34.973Z,2013-09-04T16:14:00.000Z,172.23510999999999171,-43.20691000000000059,3.53799999999999981,14.77229999999999954,ML,,GROPE,reviewed,manual,nz1dr,24,19,16,0.18800000000000000,64.00000000000000000,0.19267000000000001,0.27100000000000002
3613004,earthquake,2011-11-18T23:11:35.289Z,2013-09-04T16:14:00.000Z,172.86808999999999514,-43.65050000000000097,3.66299999999999981,7.18599999999999994,ML,,GROPE,reviewed,manual,nz1dr,36,24,16,0.10000000000000001,128.00000000000000000,0.17949999999999999,0.24500000000000000
3612368,earthquake,2011-11-17T19:58:24.083Z,2013-09-04T16:10:00.000Z,172.82460000000000377,-43.53175000000000239,3.30600000000000005,10.22330000000000005,ML,,GROPE,reviewed,manual,nz1dr,9,5,9,0.15300000000000000,189.00000000000000000,0.21625000000000000,0.19200000000000000
3611857,earthquake,2011-11-17T00:05:16.987Z,2013-09-04T16:09:00.000Z,172.76079999999998904,-43.59741000000000355,3.70000000000000018,7.04199999999999982,Mw,,GROPE,reviewed,manual,nz1dr,46,30,0,0.01900000000000000,124.00000000000000000,0.19309000000000001,0.00000000000000000
3609162,earthquake,2011-11-11T20:49:14.170Z,2013-09-04T16:04:00.000Z,172.46886000000000649,-43.64385999999999655,3.60000000000000009,8.93839999999999968,Mw,,GROPE,reviewed,manual,nz1dr,25,20,0,0.08900000000000000,137.00000000000000000,0.24723000000000001,0.00000000000000000
3607718,earthquake,2011-11-09T01:36:14.777Z,2013-09-04T16:02:00.000Z,172.01416000000000395,-43.26257999999999981,3.43400000000000016,7.19610000000000039,ML,,GROPE,reviewed,manual,nz1dr,25,20,13,0.06700000000000000,69.00000000000000000,0.16708999999999999,0.28599999999999998
3607614,earthquake,2011-11-08T20:22:36.098Z,2013-09-04T16:02:00.000Z,171.99196000000000595,-43.27595000000000169,3.79999999999999982,7.85029999999999983,Mw,,GROPE,reviewed,manual,nz1dr,41,37,0,0.06200000000000000,32.00000000000000000,0.17591999999999999,0.00000000000000000
3604478,earthquake,2011-11-03T00:17:46.143Z,2013-09-04T15:54:00.000Z,171.93512999999998669,-43.25618999999999659,3.37999999999999989,10.57990000000000030,ML,,GROPE,reviewed,manual,nz1dr,17,15,15,0.08400000000000001,60.00000000000000000,0.22245999999999999,0.16600000000000001
3601583,earthquake,2011-10-28T09:50:44.042Z,2013-09-04T15:04:00.000Z,171.74950999999998658,-43.57679999999999865,3.67499999999999982,17.29489999999999839,ML,,GROPE,reviewed,manual,nz1dr,17,14,17,0.06200000000000000,102.00000000000000000,0.38196999999999998,0.19000000000000000
3599726,earthquake,2011-10-24T21:51:02.802Z,2013-09-16T13:46:00.000Z,172.77087000000000216,-43.60732999999999748,3.45299999999999985,7.52890000000000015,ML,,GROPE,reviewed,manual,nz1dr,23,16,9,0.02700000000000000,147.00000000000000000,0.12978000000000001,0.21900000000000000
3598197,earthquake,2011-10-21T21:12:27.233Z,2013-09-04T14:54:00.000Z,172.37384000000000128,-43.57918999999999699,3.82399999999999984,8.49249999999999972,ML,,GROPE,reviewed,manual,nz1dr,28,23,26,0.10600000000000000,81.00000000000000000,0.21886000000000000,0.20100000000000001
3596409,earthquake,2011-10-18T06:20:27.590Z,2013-09-04T14:48:00.000Z,175.18457000000000789,-43.06618000000000279,3.69399999999999995,33.00000000000000000,ML,operator assigned,GROPE,reviewed,manual,nz1dr,26,23,34,1.37400000000000011,214.00000000000000000,0.13269000000000000,0.24900000000000000
3595537,earthquake,2011-10-16T12:12:01.604Z,2013-09-04T14:45:00.000Z,172.49126999999998588,-43.61560999999999666,3.32699999999999996,7.56899999999999995,ML,,GROPE,reviewed,manual,nz1dr,22,17,5,0.09800000000000000,128.00000000000000000,0.20749999999999999,0.22400000000000000
3594827,earthquake,2011-10-15T01:55:02.668Z,2013-09-04T14:43:00.000Z,172.11899999999999977,-43.47458999999999918,3.47599999999999998,5.63049999999999962,ML,,GROPE,reviewed,manual,nz1dr,17,12,16,0.02100000000000000,52.00000000000000000,0.26991999999999999,0.20499999999999999
3592167,earthquake,2011-10-09T15:35:16.335Z,2013-09-04T14:36:00.000Z,172.80449999999999022,-43.57585999999999871,3.41199999999999992,8.43810000000000038,ML,,GROPE,reviewed,manual,nz1dr,26,18,9,0.02500000000000000,161.00000000000000000,0.12870999999999999,0.18300000000000000
3591999,earthquake,2011-10-09T07:34:41.022Z,2013-09-04T14:35:00.000Z,172.83517000000000507,-43.57370000000000232,4.90000000000000036,8.08629999999999960,Mw,,GROPE,reviewed,manual,nz1dr,65,43,0,0.04800000000000000,135.00000000000000000,0.16625999999999999,0.00000000000000000
3591615,earthquake,2011-10-08T11:50:17.675Z,2013-09-04T14:33:00.000Z,172.80153999999998859,-43.65899999999999892,3.45599999999999996,5.00000000000000000,ML,operator assigned,GROPE,reviewed,manual,nz1dr,18,12,13,0.08200000000000000,149.00000000000000000,0.28165000000000001,0.13900000000000001
3591544,earthquake,2011-10-08T08:04:55.692Z,2013-09-04T14:32:00.000Z,172.81664000000000669,-43.66501999999999839,3.60000000000000009,6.69660000000000011,Mw,,GROPE,reviewed,manual,nz1dr,23,18,0,0.09100000000000000,151.00000000000000000,0.28364000000000000,0.00000000000000000
3591534,earthquake,2011-10-08T07:31:51.424Z,2013-09-04T14:32:00.000Z,172.81659999999999400,-43.66785000000000139,3.46300000000000008,6.90190000000000037,ML,,GROPE,reviewed,manual,nz1dr,16,13,12,0.09400000000000000,151.00000000000000000,0.13472000000000001,0.16000000000000000
3591457,earthquake,2011-10-08T03:48:40.434Z,2013-09-04T14:31:00.000Z,172.82982000000001221,-43.67764999999999986,3.79999999999999982,6.17119999999999980,Mw,,GROPE,reviewed,manual,nz1dr,31,24,0,0.10199999999999999,144.00000000000000000,0.20860000000000001,0.00000000000000000
3591450,earthquake,2011-10-08T03:27:18.550Z,2013-09-04T14:31:00.000Z,172.82147000000000503,-43.65120000000000289,3.57500000000000018,7.46180000000000021,ML,,GROPE,reviewed,manual,nz1dr,26,20,18,0.08000000000000000,125.00000000000000000,0.13653999999999999,0.23300000000000001
3591448,earthquake,2011-10-08T03:17:48.164Z,2013-09-11T11:45:00.000Z,172.80558999999999514,-43.68312999999999846,4.59999999999999964,7.18269999999999964,Mw,,GROPE,reviewed,manual,nz1dr,42,37,0,0.09400000000000000,118.00000000000000000,0.22402000000000000,0.00000000000000000
3591092,earthquake,2011-10-07T10:37:34.975Z,2013-09-04T14:30:00.000Z,172.50069999999999482,-43.58917000000000286,3.47000000000000020,5.16560000000000041,ML,,GROPE,reviewed,manual,nz1dr,23,19,10,0.05000000000000000,107.00000000000000000,0.20019000000000001,0.22900000000000001
3590073,earthquake,2011-10-05T11:03:15.333Z,2013-09-04T14:27:00.000Z,172.50137000000000853,-43.59431000000000012,3.50000000000000000,5.00000000000000000,ML,operator assigned,GROPE,reviewed,manual,nz1dr,22,16,14,0.05000000000000000,127.00000000000000000,0.18378000000000000,0.19800000000000001
3589567,earthquake,2011-10-04T10:50:07.295Z,2013-09-04T14:26:00.000Z,172.65220999999999663,-43.60931000000000068,3.55399999999999983,8.90840000000000032,ML,,GROPE,reviewed,manual,nz1dr,34,28,15,0.00600000000000000,65.00000000000000000,0.16758999999999999,0.22400000000000000
3589280,earthquake,2011-10-03T21:35:45.549Z,2013-09-04T14:26:00.000Z,172.68731999999999971,-43.57811000000000234,3.50499999999999989,6.93250000000000011,ML,,GROPE,reviewed,manual,nz1dr,28,22,15,0.01600000000000000,77.00000000000000000,0.11805000000000000,0.17899999999999999
3588657,earthquake,2011-10-02T11:27:44.675Z,2013-09-04T14:25:00.000Z,171.14483999999998787,-43.50081999999999738,3.37300000000000022,16.67150000000000176,ML,,GROPE,reviewed,manual,nz1dr,26,19,16,0.22500000000000001,57.00000000000000000,0.20624999999999999,0.15200000000000000
3586305,earthquake,2011-09-28T03:48:06.719Z,2013-09-04T14:07:00.000Z,172.49128999999999223,-43.59463999999999828,3.37000000000000011,6.10590000000000011,ML,,GROPE,reviewed,manual,nz1dr,23,14,9,0.05700000000000000,117.00000000000000000,0.22499000000000000,0.16700000000000001
3586067,earthquake,2011-09-27T16:10:43.233Z,2013-09-04T14:06:00.000Z,172.38517999999999120,-43.56732999999999834,3.72699999999999987,8.64029999999999987,ML,,GROPE,reviewed,manual,nz1dr,28,19,18,0.12000000000000000,78.00000000000000000,0.29610999999999998,0.24399999999999999
3586024,earthquake,2011-09-27T14:07:49.411Z,2013-09-04T14:06:00.000Z,172.39124000000001047,-43.55143000000000342,3.36100000000000021,5.00000000000000000,ML,operator assigned,GROPE,reviewed,manual,nz1dr,21,13,13,0.13100000000000001,74.00000000000000000,0.26001000000000002,0.13800000000000001
3585980,earthquake,2011-09-27T11:57:28.060Z,2013-09-04T14:06:00.000Z,172.39484999999999104,-43.55803000000000225,3.79999999999999982,8.36950000000000038,Mw,,GROPE,reviewed,manual,nz1dr,41,27,0,0.12300000000000000,76.00000000000000000,0.19556000000000001,0.00000000000000000
3584395,earthquake,2011-09-24T06:35:52.718Z,2013-09-04T14:01:00.000Z,172.64196999999998638,-43.56736000000000075,3.38799999999999990,5.12289999999999957,ML,,GROPE,reviewed,manual,nz1dr,24,20,10,0.01300000000000000,83.00000000000000000,0.17185000000000000,0.27900000000000003
3584147,earthquake,2011-09-23T19:01:37.486Z,2013-09-04T14:00:00.000Z,172.63802999999998633,-43.58305000000000007,3.60000000000000009,6.12819999999999965,Mw,,GROPE,reviewed,manual,nz1dr,36,32,0,0.01300000000000000,57.00000000000000000,0.23902999999999999,0.00000000000000000
3584042,earthquake,2011-09-23T13:55:12.625Z,2013-09-04T14:00:00.000Z,172.73094000000000392,-43.58444000000000074,3.30399999999999983,8.35490000000000066,ML,,GROPE,reviewed,manual,nz1dr,29,22,5,0.00400000000000000,63.00000000000000000,0.15951000000000001,0.26100000000000001
3583094,earthquake,2011-09-21T15:23:17.207Z,2013-09-04T13:57:00.000Z,172.49622999999999706,-43.58400000000000318,3.54599999999999982,7.92469999999999963,ML,,GROPE,reviewed,manual,nz1dr,42,30,16,0.03700000000000000,83.00000000000000000,0.24431000000000000,0.16300000000000001
3582362,earthquake,2011-09-20T05:31:26.514Z,2013-09-04T13:55:00.000Z,172.50129999999998631,-43.57412000000000063,3.70000000000000018,7.64869999999999983,Mw,,GROPE,reviewed,manual,nz1dr,30,26,0,0.03100000000000000,66.00000000000000000,0.21704999999999999,0.00000000000000000
3582341,earthquake,2011-09-20T04:30:16.838Z,2013-09-04T13:55:00.000Z,172.49441999999999098,-43.59375000000000000,3.89999999999999991,6.17520000000000024,Mw,,GROPE,reviewed,manual,nz1dr,38,31,0,0.04500000000000000,102.00000000000000000,0.23763000000000001,0.00000000000000000
3581808,earthquake,2011-09-19T05:41:00.133Z,2013-09-10T11:05:00.000Z,172.52481000000000222,-43.59297999999999718,3.79999999999999982,12.00000000000000000,Mw,operator assigned,GROPE,reviewed,manual,nz1dr,46,36,0,0.03200000000000000,69.00000000000000000,0.24148000000000000,0.00000000000000000
3581725,earthquake,2011-09-19T01:51:33.252Z,2013-09-04T13:54:00.000Z,172.79030000000000200,-43.62033000000000271,3.70000000000000018,10.48910000000000053,Mw,,GROPE,reviewed,manual,nz1dr,55,41,0,0.04300000000000000,105.00000000000000000,0.18193999999999999,0.00000000000000000
3580511,earthquake,2011-09-16T16:12:36.380Z,2013-09-04T13:52:00.000Z,171.89161999999998898,-43.58639999999999759,3.84799999999999986,5.00000000000000000,ML,operator assigned,GROPE,reviewed,manual,nz1dr,22,20,20,0.16500000000000001,90.00000000000000000,0.20505999999999999,0.25300000000000000
3577083,earthquake,2011-09-11T01:05:05.850Z,2013-09-04T13:47:00.000Z,172.73797999999999320,-43.59111000000000047,3.32600000000000007,9.06409999999999982,ML,,GROPE,reviewed,manual,nz1dr,27,21,10,0.01000000000000000,117.00000000000000000,0.16156000000000001,0.25200000000000000
3577039,earthquake,2011-09-10T23:19:09.703Z,2013-09-04T13:47:00.000Z,172.75737000000000876,-43.60022000000000020,4.29999999999999982,10.23240000000000016,Mw,,GROPE,reviewed,manual,nz1dr,53,44,0,0.02200000000000000,105.00000000000000000,0.19206999999999999,0.00000000000000000
3576951,earthquake,2011-09-10T19:04:29.917Z,2013-09-04T13:46:00.000Z,172.81373999999999569,-43.65335000000000321,3.60300000000000020,7.76790000000000003,ML,,GROPE,reviewed,manual,nz1dr,16,14,13,0.08000000000000000,136.00000000000000000,0.21167000000000000,0.18900000000000000
3576319,earthquake,2011-09-09T13:37:02.143Z,2013-09-09T15:45:00.000Z,172.66719000000000506,-43.58411000000000257,3.54599999999999982,5.37209999999999965,ML,,GROPE,reviewed,manual,nz1dr,35,27,10,0.02900000000000000,48.00000000000000000,0.25616000000000000,0.24700000000000000
3574236,earthquake,2011-09-05T18:04:59.762Z,2013-09-04T13:42:00.000Z,172.77286000000000854,-43.60989000000000004,3.55600000000000005,8.62439999999999962,ML,,GROPE,reviewed,manual,nz1dr,27,23,16,0.03000000000000000,150.00000000000000000,0.23732000000000000,0.18700000000000000
3573459,earthquake,2011-09-04T07:41:55.035Z,2013-09-04T13:40:00.000Z,172.38842999999999961,-43.56125999999999721,3.89999999999999991,7.02320000000000011,Mw,,GROPE,reviewed,manual,nz1dr,35,28,0,0.03400000000000000,51.00000000000000000,0.16800999999999999,0.00000000000000000
3573357,earthquake,2011-09-04T02:56:52.234Z,2013-09-04T13:40:00.000Z,172.37627000000000521,-43.57110000000000127,3.52700000000000014,8.23869999999999969,ML,,GROPE,reviewed,manual,nz1dr,23,18,17,0.07199999999999999,78.00000000000000000,0.22162000000000001,0.18400000000000000
3573060,earthquake,2011-09-03T12:42:05.789Z,2013-09-04T13:39:00.000Z,172.41811000000001286,-43.54424999999999812,3.35099999999999998,8.54679999999999929,ML,,GROPE,reviewed,manual,nz1dr,21,18,12,0.04000000000000000,98.00000000000000000,0.21884000000000001,0.16700000000000001
3572067,earthquake,2011-09-01T15:29:51.003Z,2013-09-04T13:35:00.000Z,172.84421000000000390,-43.58241999999999905,4.59999999999999964,9.48109999999999964,Mw,,GROPE,reviewed,manual,nz1dr,60,48,0,0.05400000000000000,114.00000000000000000,0.22048000000000001,0.00000000000000000
3571245,earthquake,2011-08-31T02:26:10.918Z,2013-09-04T10:18:00.000Z,172.44923000000000002,-43.59897999999999740,3.40200000000000014,10.76440000000000019,ML,,GROPE,reviewed,manual,nz1dr,25,18,11,0.05000000000000000,105.00000000000000000,0.21432000000000001,0.16500000000000001
3571192,earthquake,2011-08-31T01:30:51.759Z,2013-09-04T10:18:00.000Z,172.44498999999999000,-43.59857000000000227,4.29999999999999982,8.74409999999999954,Mw,,GROPE,reviewed,manual,nz1dr,38,34,0,0.03100000000000000,82.00000000000000000,0.22459000000000001,0.00000000000000000
3571187,earthquake,2011-08-31T01:15:18.046Z,2013-09-04T10:18:00.000Z,172.76543000000000916,-43.60855000000000103,3.97400000000000020,7.59299999999999997,ML,,GROPE,reviewed,manual,nz1dr,35,29,26,0.02900000000000000,212.00000000000000000,0.20210000000000000,0.25200000000000000
3569806,earthquake,2011-08-28T12:33:23.325Z,2013-09-04T10:11:00.000Z,172.38657000000000608,-43.56936999999999927,3.41100000000000003,8.23530000000000051,ML,,GROPE,reviewed,manual,nz1dr,29,21,14,0.06500000000000000,79.00000000000000000,0.18740000000000001,0.13000000000000000
3569578,earthquake,2011-08-28T01:38:49.056Z,2013-09-04T10:11:00.000Z,172.01581999999999084,-43.17587999999999937,3.61399999999999988,9.05889999999999951,ML,,GROPE,reviewed,manual,nz1dr,24,18,17,0.15200000000000000,64.00000000000000000,0.26121000000000000,0.21299999999999999
3569400,earthquake,2011-08-27T17:52:02.752Z,2013-09-04T10:10:00.000Z,172.76997000000000071,-43.56072999999999951,3.61299999999999999,6.94329999999999981,ML,,GROPE,reviewed,manual,nz1dr,45,34,18,0.01700000000000000,143.00000000000000000,0.13802000000000000,0.21400000000000000
3568896,earthquake,2011-08-26T19:49:27.018Z,2013-09-04T10:09:00.000Z,172.50545999999999935,-43.60172000000000025,3.49100000000000010,5.57160000000000011,ML,,GROPE,reviewed,manual,nz1dr,23,17,9,0.04700000000000000,85.00000000000000000,0.14996000000000001,0.18099999999999999
3568752,earthquake,2011-08-26T13:51:23.224Z,2013-09-04T10:08:00.000Z,173.69792000000001053,-43.31851000000000340,3.31800000000000006,12.00000000000000000,ML,operator assigned,GROPE,reviewed,manual,nz1dr,11,9,10,0.82399999999999995,238.00000000000000000,0.21534000000000000,0.41799999999999998
3568675,earthquake,2011-08-26T11:06:13.639Z,2013-09-04T10:08:00.000Z,172.74558999999999287,-43.57600999999999658,3.82399999999999984,10.21369999999999933,ML,,GROPE,reviewed,manual,nz1dr,39,30,20,0.00700000000000000,101.00000000000000000,0.14218000000000000,0.30199999999999999
3651108,earthquake,2011-08-25T14:44:50.655Z,2013-09-04T10:24:00.000Z,172.91396000000000299,-43.56602000000000174,3.44099999999999984,5.00000000000000000,ML,operator assigned,GROPE,reviewed,manual,nz1dr,19,14,7,0.21199999999999999,201.00000000000000000,0.19247000000000000,0.17699999999999999
3567813,earthquake,2011-08-24T21:33:28.066Z,2013-09-04T10:05:00.000Z,172.92499000000000819,-43.58626999999999896,3.81199999999999983,9.20519999999999960,ML,,GROPE,reviewed,manual,nz1dr,29,23,21,0.11300000000000000,180.00000000000000000,0.15978999999999999,0.20499999999999999
3566573,earthquake,2011-08-22T11:09:08.329Z,2013-09-04T09:59:00.000Z,172.07820000000000960,-43.59468999999999994,3.50499999999999989,9.36870000000000047,ML,,GROPE,reviewed,manual,nz1dr,21,16,15,0.11400000000000000,84.00000000000000000,0.22938000000000000,0.20899999999999999
3566526,earthquake,2011-08-22T08:36:34.995Z,2013-09-04T09:59:00.000Z,172.07219000000000619,-43.58091999999999899,4.00000000000000000,9.45950000000000024,Mw,,GROPE,reviewed,manual,nz1dr,35,25,0,0.01400000000000000,70.00000000000000000,0.16064000000000001,0.00000000000000000
3566496,earthquake,2011-08-22T07:07:05.815Z,2013-09-04T09:58:00.000Z,172.95357999999998810,-43.56777000000000299,3.51699999999999990,5.00000000000000000,ML,operator assigned,GROPE,reviewed,manual,nz1dr,21,16,9,0.14799999999999999,191.00000000000000000,0.12015000000000001,0.17399999999999999
3566261,earthquake,2011-08-21T20:38:52.096Z,2013-09-04T09:58:00.000Z,172.77291999999999916,-43.61560000000000059,3.79999999999999982,8.29010000000000069,Mw,,GROPE,reviewed,manual,nz1dr,34,28,0,0.03600000000000000,221.00000000000000000,0.11676000000000000,0.00000000000000000
3565591,earthquake,2011-08-20T13:11:00.247Z,2013-09-04T09:56:00.000Z,172.71840000000000259,-43.57936999999999728,3.76299999999999990,8.07639999999999958,ML,,GROPE,reviewed,manual,nz1dr,28,25,19,0.00700000000000000,76.00000000000000000,0.16197000000000000,0.25700000000000001
3565465,earthquake,2011-08-20T07:48:55.488Z,2013-09-04T09:56:00.000Z,174.83553000000000566,-42.78318999999999761,3.31899999999999995,33.00000000000000000,ML,operator assigned,GROPE,reviewed,manual,nz1dr,31,27,23,1.02400000000000002,200.00000000000000000,0.20954999999999999,0.23499999999999999
3565458,earthquake,2011-08-20T07:31:12.344Z,2013-09-04T09:56:00.000Z,172.61860999999998967,-43.56201999999999686,3.70000000000000018,9.45850000000000080,Mw,,GROPE,reviewed,manual,nz1dr,43,37,0,0.00700000000000000,44.00000000000000000,0.17645000000000000,0.00000000000000000
3565216,earthquake,2011-08-19T20:04:09.649Z,2013-09-04T09:56:00.000Z,172.48501999999999157,-43.60224999999999795,3.43699999999999983,5.40950000000000042,ML,,GROPE,reviewed,manual,nz1dr,14,10,11,0.10400000000000000,107.00000000000000000,0.24829999999999999,0.15600000000000000
3565155,earthquake,2011-08-19T17:14:17.650Z,2013-09-04T09:56:00.000Z,172.77611999999999171,-43.60293000000000063,3.79999999999999982,7.38879999999999981,Mw,,GROPE,reviewed,manual,nz1dr,25,20,0,0.02300000000000000,230.00000000000000000,0.11927000000000000,0.00000000000000000
3563916,earthquake,2011-08-17T09:45:45.195Z,2013-09-04T09:53:00.000Z,171.73491000000001350,-43.80196000000000112,3.58599999999999985,16.58699999999999974,ML,,GROPE,reviewed,manual,nz1dr,22,16,17,0.10299999999999999,93.00000000000000000,0.26982000000000000,0.19100000000000000
3563673,earthquake,2011-08-16T22:41:56.113Z,2013-09-04T09:52:00.000Z,172.49506999999999834,-43.58590000000000231,3.58400000000000007,10.99729999999999919,ML,,GROPE,reviewed,manual,nz1dr,29,25,19,0.09300000000000000,83.00000000000000000,0.11863000000000000,0.23999999999999999
3561447,earthquake,2011-08-12T17:24:51.819Z,2013-09-04T09:46:00.000Z,172.34121999999999275,-43.56269999999999953,3.79400000000000004,12.47359999999999935,ML,,GROPE,reviewed,manual,nz1dr,29,26,23,0.11500000000000000,66.00000000000000000,0.21540999999999999,0.20799999999999999
3561286,earthquake,2011-08-12T10:17:34.211Z,2013-09-04T09:45:00.000Z,172.44246999999998593,-43.63152999999999793,3.80200000000000005,10.60260000000000069,ML,,GROPE,reviewed,manual,nz1dr,31,27,22,0.10100000000000001,93.00000000000000000,0.18371000000000001,0.19600000000000001
3559453,earthquake,2011-08-08T22:53:21.026Z,2013-09-04T09:40:00.000Z,171.86924999999999386,-43.63519000000000148,3.37900000000000000,5.00000000000000000,ML,operator assigned,GROPE,reviewed,manual,nz1dr,19,16,13,0.24099999999999999,114.00000000000000000,0.20513999999999999,0.17699999999999999
3559378,earthquake,2011-08-08T19:27:27.307Z,2013-09-04T09:40:00.000Z,172.74737999999999261,-43.55389000000000266,3.39699999999999980,11.20010000000000083,ML,,GROPE,reviewed,manual,nz1dr,16,13,7,0.06700000000000000,177.00000000000000000,0.17394000000000001,0.23200000000000001
3559037,earthquake,2011-08-08T03:56:57.048Z,2013-09-04T09:39:00.000Z,172.50078999999999496,-43.58144000000000062,3.32200000000000006,5.00000000000000000,ML,operator assigned,GROPE,reviewed,manual,nz1dr,16,12,8,0.08900000000000000,83.00000000000000000,0.22228000000000001,0.17799999999999999
3558195,earthquake,2011-08-06T15:06:50.845Z,2013-09-04T09:37:00.000Z,172.12122999999999706,-43.48622999999999905,3.35499999999999998,8.98320000000000007,ML,,GROPE,reviewed,manual,nz1dr,18,14,13,0.01500000000000000,94.00000000000000000,0.18643000000000001,0.17499999999999999
3557645,earthquake,2011-08-05T14:40:05.967Z,2013-09-04T09:36:00.000Z,172.56717000000000439,-43.62458000000000169,3.69799999999999995,10.58859999999999957,ML,,GROPE,reviewed,manual,nz1dr,27,25,17,0.04300000000000000,68.00000000000000000,0.14576000000000000,0.20100000000000001
3556574,earthquake,2011-08-03T15:08:36.025Z,2013-09-04T09:33:00.000Z,172.87807000000000812,-43.58603999999999701,4.00000000000000000,8.19040000000000035,Mw,,GROPE,reviewed,manual,nz1dr,41,36,0,0.07900000000000000,119.00000000000000000,0.12823000000000001,0.00000000000000000
3556311,earthquake,2011-08-03T02:23:50.782Z,2013-09-04T09:32:00.000Z,172.79545999999999140,-43.58764999999999645,3.50899999999999990,6.80980000000000008,ML,,GROPE,reviewed,manual,nz1dr,27,21,14,0.02000000000000000,196.00000000000000000,0.12044000000000001,0.20000000000000001
3555252,earthquake,2011-08-01T00:34:39.115Z,2013-09-04T09:27:00.000Z,172.39169000000001120,-43.57110000000000127,3.45699999999999985,8.96439999999999948,ML,,GROPE,reviewed,manual,nz1dr,25,18,12,0.11899999999999999,81.00000000000000000,0.19300000000000000,0.17599999999999999
3555069,earthquake,2011-07-31T15:16:07.045Z,2013-09-03T15:56:00.000Z,172.63145000000000095,-43.57780000000000342,3.59200000000000008,7.05349999999999966,ML,,GROPE,reviewed,manual,nz1dr,39,33,14,0.00600000000000000,47.00000000000000000,0.13766999999999999,0.27900000000000003
3554210,earthquake,2011-07-29T20:12:23.569Z,2013-09-03T15:55:00.000Z,172.41844000000000392,-43.60658000000000101,3.57299999999999995,7.87159999999999993,ML,,GROPE,reviewed,manual,nz1dr,17,11,16,0.10100000000000001,105.00000000000000000,0.27817999999999998,0.17399999999999999
3554166,earthquake,2011-07-29T18:04:24.797Z,2013-09-03T15:55:00.000Z,172.77350000000001273,-43.60231000000000279,3.58800000000000008,9.23690000000000033,ML,,GROPE,reviewed,manual,nz1dr,33,28,14,0.02200000000000000,184.00000000000000000,0.15487999999999999,0.25000000000000000
3553958,earthquake,2011-07-29T09:10:51.834Z,2013-09-03T15:55:00.000Z,172.39728999999999814,-43.57873000000000019,3.37199999999999989,8.94209999999999994,ML,,GROPE,reviewed,manual,nz1dr,23,17,11,0.11400000000000000,86.00000000000000000,0.27165000000000000,0.12300000000000000
3553221,earthquake,2011-07-27T23:25:09.683Z,2013-09-03T15:54:00.000Z,172.84967000000000326,-43.66026999999999703,3.33800000000000008,7.12150000000000016,ML,,GROPE,reviewed,manual,nz1dr,19,14,7,0.09900000000000000,206.00000000000000000,0.14659000000000000,0.25900000000000001
3553141,earthquake,2011-07-27T19:33:21.870Z,2013-09-03T15:54:00.000Z,172.02497999999999934,-43.58270999999999873,3.56800000000000006,7.24160000000000004,ML,,GROPE,reviewed,manual,nz1dr,20,15,17,0.10700000000000000,89.00000000000000000,0.21917000000000000,0.18400000000000000
3550782,earthquake,2011-07-23T00:33:37.795Z,2013-09-03T15:51:00.000Z,173.12909999999999400,-42.10130000000000194,4.00000000000000000,11.34890000000000043,Mw,,GROPE,reviewed,manual,nz1dr,34,26,0,0.09600000000000000,56.00000000000000000,0.22106000000000001,0.00000000000000000
3550690,earthquake,2011-07-22T19:45:39.963Z,2013-09-03T15:51:00.000Z,172.20491000000001236,-43.63936000000000348,3.89999999999999991,12.44420000000000037,Mw,,GROPE,reviewed,manual,nz1dr,34,27,0,0.03000000000000000,75.00000000000000000,0.23036999999999999,0.00000000000000000
3550173,earthquake,2011-07-21T17:39:32.489Z,2013-09-03T15:50:00.000Z,172.21338000000000079,-43.62810000000000343,4.70000000000000018,12.18360000000000021,Mw,,GROPE,reviewed,manual,nz1dr,56,53,0,0.04300000000000000,48.00000000000000000,0.18823999999999999,0.00000000000000000
3549045,earthquake,2011-07-19T10:20:47.375Z,2013-09-03T15:48:00.000Z,172.61569000000000074,-43.58001000000000147,3.34900000000000020,5.00000000000000000,ML,operator assigned,GROPE,reviewed,manual,nz1dr,18,12,6,0.00600000000000000,88.00000000000000000,0.27461999999999998,0.40400000000000003
3548476,earthquake,2011-07-18T14:12:02.862Z,2013-09-03T15:47:00.000Z,172.73571999999998638,-43.56334999999999980,3.65700000000000003,10.29080000000000084,ML,,GROPE,reviewed,manual,nz1dr,29,24,13,0.02400000000000000,86.00000000000000000,0.14738999999999999,0.16100000000000000
3547753,earthquake,2011-07-17T17:06:20.691Z,2013-09-03T15:47:00.000Z,172.77807999999998856,-43.59841000000000122,3.73499999999999988,7.96009999999999973,ML,,GROPE,reviewed,manual,nz1dr,35,28,19,0.01900000000000000,186.00000000000000000,0.14487000000000000,0.22000000000000000
3547712,earthquake,2011-07-17T14:58:29.059Z,2013-09-03T15:47:00.000Z,172.76330999999998994,-43.61713999999999913,3.79999999999999982,9.71380000000000088,Mw,,GROPE,reviewed,manual,nz1dr,51,41,0,0.02900000000000000,170.00000000000000000,0.15304999999999999,0.00000000000000000
3547565,earthquake,2011-07-17T07:57:03.678Z,2013-09-03T15:46:00.000Z,172.79916000000000054,-43.64632000000000289,3.47999999999999998,8.22439999999999927,ML,,GROPE,reviewed,manual,nz1dr,29,20,6,0.06500000000000000,204.00000000000000000,0.13672000000000001,0.11400000000000000
3547208,earthquake,2011-07-16T14:00:24.997Z,2013-09-03T15:46:00.000Z,172.26070000000001414,-43.54485999999999990,3.70000000000000018,10.89889999999999937,Mw,,GROPE,reviewed,manual,nz1dr,36,28,0,0.12700000000000000,43.00000000000000000,0.21759000000000001,0.00000000000000000
3547184,earthquake,2011-07-16T12:46:54.574Z,2013-09-03T15:46:00.000Z,172.47646000000000299,-43.64038000000000039,3.37900000000000000,9.90729999999999933,ML,,GROPE,reviewed,manual,nz1dr,22,17,10,0.12100000000000000,102.00000000000000000,0.15332999999999999,0.16800000000000001
3546887,earthquake,2011-07-15T23:11:40.664Z,2013-09-03T15:45:00.000Z,172.76567000000000007,-43.56226000000000198,3.89999999999999991,10.88209999999999944,Mw,,GROPE,reviewed,manual,nz1dr,42,36,0,0.01300000000000000,131.00000000000000000,0.12642000000000000,0.00000000000000000
3546293,earthquake,2011-07-14T20:02:47.588Z,2013-09-03T15:45:00.000Z,172.00986000000000331,-43.33747000000000327,3.46499999999999986,9.33670000000000044,ML,,GROPE,reviewed,manual,nz1dr,15,12,13,0.02300000000000000,73.00000000000000000,0.26985999999999999,0.23499999999999999
3546084,earthquake,2011-07-14T10:11:39.177Z,2013-09-03T15:44:00.000Z,172.53575000000000728,-43.59443000000000268,3.37900000000000000,5.56299999999999972,ML,,GROPE,reviewed,manual,nz1dr,15,12,11,0.06000000000000000,110.00000000000000000,0.23918000000000000,0.12700000000000000
3545612,earthquake,2011-07-13T12:27:14.254Z,2013-09-03T15:44:00.000Z,172.83597000000000321,-43.64114000000000004,3.40399999999999991,6.99310000000000009,ML,,GROPE,reviewed,manual,nz1dr,19,15,10,0.07800000000000000,200.00000000000000000,0.13764000000000001,0.17699999999999999
3545418,earthquake,2011-07-13T04:22:34.497Z,2013-09-03T15:44:00.000Z,172.67892000000000507,-43.57898999999999745,3.64999999999999991,8.57370000000000054,ML,,GROPE,reviewed,manual,nz1dr,34,29,18,0.02200000000000000,86.00000000000000000,0.16147000000000000,0.23300000000000001
3544437,earthquake,2011-07-11T14:05:09.334Z,2013-09-03T15:43:00.000Z,172.72586000000001150,-43.62660000000000338,3.36900000000000022,9.26890000000000036,ML,,GROPE,reviewed,manual,nz1dr,15,11,12,0.09000000000000000,214.00000000000000000,0.13295000000000001,0.23499999999999999
3544095,earthquake,2011-07-11T00:13:08.421Z,2013-09-03T15:43:00.000Z,172.62144000000000688,-43.55870999999999782,3.89999999999999991,7.65589999999999993,Mw,,GROPE,reviewed,manual,nz1dr,43,35,0,0.00900000000000000,43.00000000000000000,0.14696999999999999,0.00000000000000000
3543983,earthquake,2011-07-10T19:18:56.812Z,2013-09-03T15:43:00.000Z,172.50828999999998814,-43.59085000000000321,3.69499999999999984,7.54879999999999995,ML,,GROPE,reviewed,manual,nz1dr,23,19,16,0.08500000000000001,80.00000000000000000,0.24993000000000001,0.17499999999999999
3543951,earthquake,2011-07-10T17:55:46.766Z,2013-09-03T15:42:00.000Z,172.39204000000000860,-43.56340999999999752,3.50499999999999989,7.40209999999999990,ML,,GROPE,reviewed,manual,nz1dr,15,10,15,0.12500000000000000,79.00000000000000000,0.28209000000000001,0.18500000000000000
3543295,earthquake,2011-07-09T14:16:21.488Z,2013-09-03T15:42:00.000Z,172.78605999999999199,-43.48109000000000179,3.41999999999999993,5.00000000000000000,ML,operator assigned,GROPE,reviewed,manual,nz1dr,11,8,10,0.05200000000000000,210.00000000000000000,0.16556000000000001,0.25100000000000000
3543077,earthquake,2011-07-09T06:15:46.506Z,2013-09-03T15:41:00.000Z,172.81494000000000710,-43.62566999999999950,3.55799999999999983,5.00000000000000000,ML,operator assigned,GROPE,reviewed,manual,nz1dr,17,11,10,0.05600000000000000,242.00000000000000000,0.19614000000000001,0.20000000000000001
3542815,earthquake,2011-07-08T20:26:51.837Z,2013-09-03T15:41:00.000Z,172.76979000000000042,-43.48996000000000350,3.55900000000000016,7.70960000000000001,ML,,GROPE,reviewed,manual,nz1dr,16,10,19,0.03400000000000000,206.00000000000000000,0.21926000000000001,0.19600000000000001
3542741,earthquake,2011-07-08T17:30:17.823Z,2013-09-03T15:41:00.000Z,172.76499999999998636,-43.59624999999999773,3.66699999999999982,7.57099999999999973,ML,,GROPE,reviewed,manual,nz1dr,22,17,15,0.01700000000000000,203.00000000000000000,0.16073000000000001,0.23899999999999999
3542465,earthquake,2011-07-08T06:29:24.330Z,2013-09-03T15:41:00.000Z,172.81190000000000850,-43.49860999999999933,3.53100000000000014,12.98409999999999975,ML,,GROPE,reviewed,manual,nz1dr,21,15,17,0.10199999999999999,198.00000000000000000,0.19314000000000001,0.22400000000000000
3542289,earthquake,2011-07-07T23:36:19.655Z,2013-09-03T15:41:00.000Z,172.73819000000000301,-43.55205999999999733,3.75999999999999979,6.15470000000000006,ML,,GROPE,reviewed,manual,nz1dr,28,20,29,0.02000000000000000,142.00000000000000000,0.17077999999999999,0.20000000000000001
3542191,earthquake,2011-07-07T18:35:22.115Z,2013-09-03T15:40:00.000Z,172.90207000000000903,-43.70452000000000226,3.35499999999999998,5.00000000000000000,ML,operator assigned,GROPE,reviewed,manual,nz1dr,9,6,7,0.17999999999999999,230.00000000000000000,0.20748000000000000,0.19800000000000001
3541921,earthquake,2011-07-07T06:39:01.879Z,2013-09-03T15:40:00.000Z,172.21990999999999872,-43.20295999999999736,4.09999999999999964,10.27919999999999945,Mw,,GROPE,reviewed,manual,nz1dr,34,29,0,0.16200000000000001,67.00000000000000000,0.19535000000000000,0.00000000000000000
3541339,earthquake,2011-07-06T06:28:58.435Z,2013-09-03T15:39:00.000Z,172.66524000000001138,-43.60061000000000320,3.67499999999999982,8.37620000000000076,ML,,GROPE,reviewed,manual,nz1dr,29,23,17,0.01700000000000000,109.00000000000000000,0.16664999999999999,0.23100000000000001
3540863,earthquake,2011-07-05T10:23:33.291Z,2013-09-03T15:38:00.000Z,172.70166000000000395,-43.58751999999999782,3.43599999999999994,7.81379999999999963,ML,,GROPE,reviewed,manual,nz1dr,27,22,14,0.00800000000000000,57.00000000000000000,0.16150999999999999,0.18800000000000000
3540638,earthquake,2011-07-04T23:37:30.554Z,2013-09-03T15:37:00.000Z,172.53110000000000923,-43.59689000000000192,3.34600000000000009,7.50760000000000005,ML,,GROPE,reviewed,manual,nz1dr,15,11,7,0.07000000000000001,79.00000000000000000,0.21962000000000001,0.19900000000000001
3540538,earthquake,2011-07-04T19:37:22.376Z,2013-09-03T15:37:00.000Z,171.75947999999999638,-43.00475000000000136,3.90499999999999980,5.00000000000000000,ML,operator assigned,GROPE,reviewed,manual,nz1dr,17,15,26,0.15100000000000000,73.00000000000000000,0.21339000000000000,0.19300000000000000
3540490,earthquake,2011-07-04T17:27:48.051Z,2013-09-03T15:36:00.000Z,172.75301999999999225,-43.58455000000000013,3.63399999999999990,5.43639999999999990,ML,,GROPE,reviewed,manual,nz1dr,28,20,15,0.01300000000000000,140.00000000000000000,0.16277000000000000,0.25900000000000001
3540324,earthquake,2011-07-04T08:58:50.759Z,2013-09-03T15:36:00.000Z,172.75142999999999915,-43.59673999999999694,3.32200000000000006,7.56890000000000018,ML,,GROPE,reviewed,manual,nz1dr,21,15,6,0.02100000000000000,214.00000000000000000,0.19077000000000000,0.28199999999999997
3539569,earthquake,2011-07-02T18:42:18.448Z,2013-09-03T15:35:00.000Z,172.85131999999998698,-43.64466000000000179,3.58400000000000007,7.16760000000000019,ML,,GROPE,reviewed,manual,nz1dr,28,21,16,0.08699999999999999,182.00000000000000000,0.16918000000000000,0.19700000000000001
3539254,earthquake,2011-07-02T02:19:38.114Z,2013-09-03T15:34:00.000Z,172.41632000000001312,-43.58050999999999675,3.32699999999999996,9.51149999999999984,ML,,GROPE,reviewed,manual,nz1dr,23,17,11,0.12000000000000000,90.00000000000000000,0.21362000000000000,0.20100000000000001
3538633,earthquake,2011-06-30T19:47:49.789Z,2013-09-03T11:50:00.000Z,172.78893999999999664,-43.57502999999999815,3.47999999999999998,6.65610000000000035,ML,,GROPE,reviewed,manual,nz1dr,36,26,13,0.01400000000000000,190.00000000000000000,0.13325000000000001,0.19600000000000001
3538153,earthquake,2011-06-29T21:39:36.679Z,2013-09-03T11:49:00.000Z,172.52885000000000559,-43.59649000000000285,3.46099999999999985,5.00000000000000000,ML,operator assigned,GROPE,reviewed,manual,nz1dr,17,13,9,0.07099999999999999,112.00000000000000000,0.14258000000000001,0.19500000000000001
3537834,earthquake,2011-06-29T06:03:06.752Z,2013-09-03T11:48:00.000Z,172.16029000000000337,-43.53802000000000305,3.71600000000000019,8.62299999999999933,ML,,GROPE,reviewed,manual,nz1dr,30,19,20,0.06300000000000000,54.00000000000000000,0.23438999999999999,0.23000000000000001
3537800,earthquake,2011-06-29T04:48:08.125Z,2013-09-03T11:48:00.000Z,172.78789000000000442,-43.57327999999999690,3.56000000000000005,7.22719999999999985,ML,,GROPE,reviewed,manual,nz1dr,38,28,13,0.01400000000000000,190.00000000000000000,0.12645999999999999,0.18700000000000000
3537718,earthquake,2011-06-29T01:27:58.695Z,2013-09-03T11:48:00.000Z,172.52192999999999756,-43.60159000000000162,3.39800000000000013,5.00000000000000000,ML,operator assigned,GROPE,reviewed,manual,nz1dr,23,15,10,0.07800000000000000,106.00000000000000000,0.21410999999999999,0.17599999999999999
3537676,earthquake,2011-06-28T23:46:48.300Z,2013-09-03T11:48:00.000Z,172.74825999999998771,-43.60360000000000014,3.51799999999999979,8.38770000000000060,ML,,GROPE,reviewed,manual,nz1dr,29,17,16,0.01800000000000000,210.00000000000000000,0.15697000000000000,0.20200000000000001
3537466,earthquake,2011-06-28T14:30:48.099Z,2013-09-03T11:48:00.000Z,172.74994000000000938,-43.60063999999999851,3.59500000000000020,8.02560000000000073,ML,,GROPE,reviewed,manual,nz1dr,25,15,8,0.02000000000000000,212.00000000000000000,0.09896000000000001,0.22300000000000000
3537465,earthquake,2011-06-28T14:27:20.134Z,2013-09-03T11:48:00.000Z,172.75802999999999088,-43.60555000000000092,3.79999999999999982,9.38010000000000055,Mw,,GROPE,reviewed,manual,nz1dr,40,35,0,0.02500000000000000,171.00000000000000000,0.17940000000000000,0.00000000000000000
3537173,earthquake,2011-06-28T00:37:04.681Z,2013-09-03T11:47:00.000Z,172.77735999999998739,-43.66223999999999705,3.44499999999999984,5.00000000000000000,ML,operator assigned,GROPE,reviewed,manual,nz1dr,9,6,12,0.10100000000000001,247.00000000000000000,0.33348000000000000,0.17899999999999999
3536492,earthquake,2011-06-26T13:20:42.221Z,2013-09-03T11:46:00.000Z,172.75910999999999262,-43.51238000000000028,4.33000000000000007,6.49939999999999962,ML,,GROPE,reviewed,manual,nz1dr,50,37,67,0.02100000000000000,126.00000000000000000,0.23821000000000001,0.20599999999999999
3536486,earthquake,2011-06-26T12:56:55.796Z,2013-09-03T11:46:00.000Z,172.90437000000000012,-43.66194000000000131,3.35499999999999998,5.00000000000000000,ML,operator assigned,GROPE,reviewed,manual,nz1dr,22,17,8,0.12700000000000000,203.00000000000000000,0.19028999999999999,0.22000000000000000
3536279,earthquake,2011-06-26T02:55:10.463Z,2013-09-03T11:45:00.000Z,172.59263999999998873,-43.58480000000000132,3.35099999999999998,2.00000000000000000,ML,operator assigned,GROPE,reviewed,manual,nz1dr,11,7,4,0.02400000000000000,142.00000000000000000,0.09110000000000000,0.21700000000000000
3535969,earthquake,2011-06-25T11:16:13.614Z,2013-09-03T11:45:00.000Z,172.81738000000001421,-43.57840999999999809,3.38899999999999979,5.00000000000000000,ML,operator assigned,GROPE,reviewed,manual,nz1dr,27,21,8,0.03400000000000000,188.00000000000000000,0.11770000000000000,0.26100000000000001
3535860,earthquake,2011-06-25T05:43:19.699Z,2013-09-03T11:44:00.000Z,172.53318999999999050,-43.58628000000000213,3.53900000000000015,5.00000000000000000,ML,operator assigned,GROPE,reviewed,manual,nz1dr,20,14,14,0.06600000000000000,107.00000000000000000,0.22305000000000000,0.19200000000000000
3535858,earthquake,2011-06-25T05:34:25.109Z,2013-09-03T11:44:00.000Z,172.92345000000000255,-43.71983000000000175,3.58599999999999985,5.00000000000000000,ML,operator assigned,GROPE,reviewed,manual,nz1dr,18,16,16,0.19600000000000001,177.00000000000000000,0.14086000000000001,0.18700000000000000
3535839,earthquake,2011-06-25T04:35:11.698Z,2013-09-03T11:44:00.000Z,172.39508000000000720,-43.62957999999999714,3.73200000000000021,7.70600000000000041,ML,,GROPE,reviewed,manual,nz1dr,20,13,23,0.07300000000000000,117.00000000000000000,0.23149000000000000,0.25900000000000001
3535758,earthquake,2011-06-25T00:30:26.550Z,2013-09-03T11:44:00.000Z,172.52987999999999147,-43.60309999999999775,3.79999999999999982,6.38149999999999995,Mw,,GROPE,reviewed,manual,nz1dr,34,24,0,0.06600000000000000,105.00000000000000000,0.21209000000000000,0.00000000000000000
3535696,earthquake,2011-06-24T21:35:49.127Z,2013-09-03T11:44:00.000Z,172.68832000000000448,-43.59378999999999849,3.64800000000000013,9.75569999999999915,ML,,GROPE,reviewed,manual,nz1dr,29,21,16,0.02000000000000000,115.00000000000000000,0.16431000000000001,0.25400000000000000
3535508,earthquake,2011-06-24T11:22:56.677Z,2013-09-03T11:44:00.000Z,172.49746999999999275,-43.59040999999999855,3.56999999999999984,5.96379999999999999,ML,,GROPE,reviewed,manual,nz1dr,23,19,15,0.04300000000000000,74.00000000000000000,0.20668000000000000,0.18500000000000000
3535474,earthquake,2011-06-24T09:30:56.863Z,2013-09-03T11:43:00.000Z,172.87310999999999694,-43.66138000000000119,3.70000000000000018,5.00000000000000000,Mw,operator assigned,GROPE,reviewed,manual,nz1dr,23,19,0,0.11000000000000000,182.00000000000000000,0.22678000000000001,0.00000000000000000
3535378,earthquake,2011-06-24T04:49:51.082Z,2013-09-03T11:43:00.000Z,172.75506999999998925,-43.53206999999999738,4.18299999999999983,6.09909999999999997,ML,,GROPE,reviewed,manual,nz1dr,36,30,50,0.02900000000000000,139.00000000000000000,0.23754000000000000,0.26500000000000001
3535368,earthquake,2011-06-24T04:20:26.105Z,2013-09-03T11:43:00.000Z,172.79614000000000829,-42.25084999999999980,3.50599999999999978,12.00000000000000000,ML,operator assigned,GROPE,reviewed,manual,nz1dr,21,17,21,0.27500000000000002,68.00000000000000000,0.28179999999999999,0.19100000000000000
3534279,earthquake,2011-06-23T19:59:50.097Z,2013-09-03T11:43:00.000Z,172.78415000000001100,-43.56739000000000317,3.52700000000000014,5.00000000000000000,ML,operator assigned,GROPE,reviewed,manual,nz1dr,20,14,14,0.01600000000000000,240.00000000000000000,0.22205000000000000,0.23000000000000001
3533673,earthquake,2011-06-22T14:35:26.847Z,2013-09-03T11:41:00.000Z,172.53060999999999581,-43.59599999999999653,3.70400000000000018,10.43210000000000015,ML,,GROPE,reviewed,manual,nz1dr,38,31,23,0.06100000000000000,77.00000000000000000,0.18783000000000000,0.19400000000000001
3533558,earthquake,2011-06-22T08:26:57.783Z,2013-09-03T11:41:00.000Z,172.15735000000000809,-43.51185000000000258,3.78500000000000014,10.02839999999999954,ML,,GROPE,reviewed,manual,nz1dr,26,20,23,0.04500000000000000,45.00000000000000000,0.26811000000000001,0.22700000000000001
3533504,earthquake,2011-06-22T05:45:54.387Z,2013-09-03T11:41:00.000Z,172.53936999999999102,-43.58469000000000193,3.31400000000000006,5.60289999999999999,ML,,GROPE,reviewed,manual,nz1dr,23,18,9,0.06100000000000000,74.00000000000000000,0.22056000000000001,0.18600000000000000
3533458,earthquake,2011-06-22T03:19:40.188Z,2013-09-03T11:41:00.000Z,172.41927999999998633,-43.56555999999999784,3.44099999999999984,9.27710000000000079,ML,,GROPE,reviewed,manual,nz1dr,30,22,11,0.13300000000000001,84.00000000000000000,0.21434000000000000,0.17499999999999999
3533403,earthquake,2011-06-22T00:35:38.027Z,2013-09-03T11:41:00.000Z,172.51626999999999157,-43.59150999999999954,3.50099999999999989,8.68849999999999945,ML,,GROPE,reviewed,manual,nz1dr,33,25,14,0.05100000000000000,79.00000000000000000,0.17688999999999999,0.20200000000000001
3533379,earthquake,2011-06-21T23:29:28.929Z,2013-09-03T11:41:00.000Z,172.85155000000000314,-43.67132999999999754,3.33000000000000007,5.00000000000000000,ML,operator assigned,GROPE,reviewed,manual,nz1dr,17,13,7,0.10900000000000000,227.00000000000000000,0.20291999999999999,0.14099999999999999
3533342,earthquake,2011-06-21T21:42:50.899Z,2013-09-03T11:41:00.000Z,172.78129999999998745,-43.59017000000000053,3.32200000000000006,6.17079999999999984,ML,,GROPE,reviewed,manual,nz1dr,16,11,6,0.03000000000000000,192.00000000000000000,0.19547999999999999,0.23999999999999999
3533318,earthquake,2011-06-21T20:33:03.212Z,2013-09-03T11:41:00.000Z,172.52163999999999078,-43.59503000000000128,3.76699999999999990,7.71290000000000031,ML,,GROPE,reviewed,manual,nz1dr,26,20,22,0.06500000000000000,101.00000000000000000,0.23866999999999999,0.19700000000000001
3533285,earthquake,2011-06-21T18:52:08.285Z,2013-09-03T11:41:00.000Z,172.53154000000000678,-43.58670000000000044,3.39299999999999979,8.47439999999999927,ML,,GROPE,reviewed,manual,nz1dr,19,14,8,0.06700000000000000,107.00000000000000000,0.32091999999999998,0.23400000000000001
3533256,earthquake,2011-06-21T17:20:14.010Z,2013-09-03T11:41:00.000Z,172.65291999999999462,-43.58491999999999678,3.35300000000000020,5.00000000000000000,ML,operator assigned,GROPE,reviewed,manual,nz1dr,14,9,3,0.02300000000000000,190.00000000000000000,0.43189000000000000,0.40799999999999997
3533255,earthquake,2011-06-21T17:16:57.323Z,2013-09-03T11:41:00.000Z,172.52786000000000399,-43.57600999999999658,3.87300000000000022,10.13499999999999979,ML,,GROPE,reviewed,manual,nz1dr,16,11,19,0.04700000000000000,104.00000000000000000,0.30631000000000003,0.18500000000000000
3533228,earthquake,2011-06-21T15:52:14.765Z,2013-09-03T11:40:00.000Z,172.53163000000000693,-43.59729000000000099,3.70000000000000018,7.36760000000000037,Mw,,GROPE,reviewed,manual,nz1dr,34,27,0,0.06300000000000000,102.00000000000000000,0.23830999999999999,0.00000000000000000
3533222,earthquake,2011-06-21T15:37:47.001Z,2013-09-03T11:40:00.000Z,172.51791000000000054,-43.59787000000000035,3.56199999999999983,8.46889999999999965,ML,,GROPE,reviewed,manual,nz1dr,28,22,15,0.05700000000000000,104.00000000000000000,0.26517000000000002,0.22800000000000001
3533219,earthquake,2011-06-21T15:28:08.653Z,2013-09-03T11:40:00.000Z,172.52643000000000484,-43.59676999999999936,4.09999999999999964,8.98249999999999993,Mw,,GROPE,reviewed,manual,nz1dr,42,33,0,0.05100000000000000,97.00000000000000000,0.24399999999999999,0.00000000000000000
3533199,earthquake,2011-06-21T14:25:58.737Z,2013-09-03T11:40:00.000Z,172.91474999999999795,-43.56606000000000023,3.76100000000000012,5.00000000000000000,ML,operator assigned,GROPE,reviewed,manual,nz1dr,22,18,21,0.10600000000000000,173.00000000000000000,0.11232000000000000,0.16200000000000001
3533180,earthquake,2011-06-21T13:34:28.444Z,2013-09-03T11:40:00.000Z,172.78343000000000984,-43.60896999999999935,3.44499999999999984,7.26700000000000035,ML,,GROPE,reviewed,manual,nz1dr,25,20,11,0.03000000000000000,229.00000000000000000,0.24364000000000000,0.18300000000000000
3533119,earthquake,2011-06-21T11:09:33.889Z,2013-09-03T11:40:00.000Z,172.52815000000001078,-43.59085000000000321,3.57200000000000006,5.00000000000000000,ML,operator assigned,GROPE,reviewed,manual,nz1dr,22,18,16,0.07000000000000001,99.00000000000000000,0.22380000000000000,0.19900000000000001
3533114,earthquake,2011-06-21T10:57:02.001Z,2013-09-03T11:40:00.000Z,172.50803999999999405,-43.59765999999999764,3.49900000000000011,6.83330000000000037,ML,,GROPE,reviewed,manual,nz1dr,19,14,13,0.08599999999999999,116.00000000000000000,0.21807000000000001,0.19300000000000000
3533110,earthquake,2011-06-21T10:46:05.546Z,2013-09-03T11:40:00.000Z,172.54955000000001064,-43.57677000000000334,3.36500000000000021,10.68190000000000062,ML,,GROPE,reviewed,manual,nz1dr,22,15,8,0.04000000000000000,100.00000000000000000,0.18010000000000001,0.28100000000000003
3590814,earthquake,2011-06-21T10:39:51.681Z,2013-09-03T11:51:00.000Z,172.49879000000001383,-43.59575999999999851,3.41800000000000015,5.00000000000000000,ML,operator assigned,GROPE,reviewed,manual,nz1dr,9,4,9,0.09200000000000000,173.00000000000000000,0.12164000000000000,0.17499999999999999
3590805,earthquake,2011-06-21T10:38:05.547Z,2013-09-03T11:51:00.000Z,172.53093000000001211,-43.59714999999999918,4.29999999999999982,7.17410000000000014,Mw,,GROPE,reviewed,manual,nz1dr,40,29,0,0.05300000000000000,98.00000000000000000,0.23676000000000000,0.00000000000000000
3590461,earthquake,2011-06-21T10:37:58.205Z,2013-09-03T11:50:00.000Z,172.53678999999999633,-43.60439999999999827,3.34399999999999986,7.99610000000000021,ML,,GROPE,reviewed,manual,nz1dr,30,22,3,0.06900000000000001,105.00000000000000000,0.24973000000000001,0.12800000000000000
3533107,earthquake,2011-06-21T10:34:22.999Z,2013-09-03T11:40:00.000Z,172.52338000000000306,-43.59582999999999942,5.20000000000000018,8.82259999999999955,Mw,,GROPE,reviewed,manual,nz1dr,56,50,0,0.05000000000000000,94.00000000000000000,0.25590000000000002,0.00000000000000000
3533051,earthquake,2011-06-21T07:35:06.198Z,2013-09-03T11:40:00.000Z,171.76587000000000671,-43.70154999999999745,3.89999999999999991,12.00000000000000000,Mw,operator assigned,GROPE,reviewed,manual,nz1dr,28,23,0,0.20300000000000001,93.00000000000000000,0.14008000000000001,0.00000000000000000
3532676,earthquake,2011-06-20T17:27:47.937Z,2013-09-03T11:39:00.000Z,172.52385000000001014,-43.59617999999999682,3.57399999999999984,9.93449999999999989,ML,,GROPE,reviewed,manual,nz1dr,25,19,17,0.07500000000000000,78.00000000000000000,0.27551999999999999,0.19600000000000001
3532581,earthquake,2011-06-20T12:22:21.362Z,2013-09-03T11:39:00.000Z,172.91309999999998581,-43.69104000000000099,3.43699999999999983,5.00000000000000000,ML,operator assigned,GROPE,reviewed,manual,nz1dr,24,20,12,0.15200000000000000,184.00000000000000000,0.19112000000000001,0.15200000000000000
3532561,earthquake,2011-06-20T11:21:01.080Z,2013-09-03T11:39:00.000Z,172.30203000000000202,-43.55378000000000327,3.69899999999999984,9.47090000000000032,ML,,GROPE,reviewed,manual,nz1dr,29,23,21,0.12300000000000000,54.00000000000000000,0.26186999999999999,0.18500000000000000
3532119,earthquake,2011-06-19T13:10:25.861Z,2013-09-03T11:38:00.000Z,172.72781000000000518,-43.59591000000000349,3.46300000000000008,9.46330000000000027,ML,,GROPE,reviewed,manual,nz1dr,25,16,13,0.01000000000000000,174.00000000000000000,0.17892000000000000,0.27300000000000002
3532118,earthquake,2011-06-19T13:03:50.526Z,2013-09-03T11:38:00.000Z,172.83788999999998737,-43.65332999999999686,3.79999999999999982,6.86040000000000028,Mw,,GROPE,reviewed,manual,nz1dr,30,22,0,0.08799999999999999,248.00000000000000000,0.20466999999999999,0.00000000000000000
3532078,earthquake,2011-06-19T11:00:57.599Z,2013-09-03T11:38:00.000Z,172.81628000000000611,-43.57636999999999716,3.54000000000000004,7.49640000000000040,ML,,GROPE,reviewed,manual,nz1dr,13,8,15,0.03400000000000000,249.00000000000000000,0.26906999999999998,0.17799999999999999
3531997,earthquake,2011-06-19T07:17:47.117Z,2013-09-03T11:38:00.000Z,172.40058999999999401,-43.61001999999999867,3.89999999999999991,8.78430000000000000,Mw,,GROPE,reviewed,manual,nz1dr,26,20,0,0.05100000000000000,104.00000000000000000,0.21698999999999999,0.00000000000000000
3531730,earthquake,2011-06-18T19:26:34.277Z,2013-09-03T11:37:00.000Z,172.92264000000000124,-43.55170999999999992,3.56800000000000006,7.39839999999999964,ML,,GROPE,reviewed,manual,nz1dr,25,16,17,0.11400000000000000,180.00000000000000000,0.14237000000000000,0.20599999999999999
3531536,earthquake,2011-06-18T10:13:32.593Z,2013-09-03T11:37:00.000Z,172.73175000000000523,-43.54748000000000019,3.38499999999999979,7.47240000000000038,ML,,GROPE,reviewed,manual,nz1dr,24,16,3,0.02600000000000000,141.00000000000000000,0.18478000000000000,0.16000000000000000
3531495,earthquake,2011-06-18T08:27:09.736Z,2013-09-03T11:37:00.000Z,172.88031000000000859,-43.68106999999999829,4.02599999999999980,5.00000000000000000,ML,operator assigned,GROPE,reviewed,manual,nz1dr,33,24,18,0.12900000000000000,240.00000000000000000,0.23019000000000001,0.28199999999999997
3531470,earthquake,2011-06-18T07:12:15.088Z,2013-09-03T11:37:00.000Z,172.74056999999999107,-43.56333000000000055,3.62599999999999989,7.75609999999999999,ML,,GROPE,reviewed,manual,nz1dr,35,23,20,0.01000000000000000,124.00000000000000000,0.19936999999999999,0.22000000000000000
3531220,earthquake,2011-06-17T18:50:50.987Z,2013-09-03T11:36:00.000Z,172.81422000000000594,-43.57462999999999909,4.09999999999999964,5.59529999999999994,Mw,,GROPE,reviewed,manual,nz1dr,48,34,0,0.03200000000000000,196.00000000000000000,0.21350000000000000,0.00000000000000000
3531112,earthquake,2011-06-17T13:07:10.046Z,2013-09-03T11:36:00.000Z,172.77595999999999776,-43.60622000000000043,3.36900000000000022,8.59270000000000067,ML,,GROPE,reviewed,manual,nz1dr,25,16,10,0.02700000000000000,226.00000000000000000,0.16545000000000001,0.22100000000000000
3530959,earthquake,2011-06-17T04:39:15.010Z,2013-09-03T11:36:00.000Z,172.76833999999999492,-43.60119999999999862,3.80299999999999994,8.03410000000000046,ML,,GROPE,reviewed,manual,nz1dr,34,25,22,0.02100000000000000,182.00000000000000000,0.18315999999999999,0.24800000000000000
3530953,earthquake,2011-06-17T04:21:57.570Z,2013-09-03T11:36:00.000Z,172.76981000000000677,-43.60573999999999728,4.20000000000000018,8.71069999999999922,Mw,,GROPE,reviewed,manual,nz1dr,43,32,0,0.02600000000000000,219.00000000000000000,0.10827000000000001,0.00000000000000000
3530917,earthquake,2011-06-17T02:39:11.742Z,2013-09-03T11:36:00.000Z,172.74476999999998839,-43.53204000000000207,4.29999999999999982,5.30259999999999998,Mw,,GROPE,reviewed,manual,nz1dr,37,28,0,0.02500000000000000,155.00000000000000000,0.16277000000000000,0.00000000000000000
3530794,earthquake,2011-06-16T21:09:24.057Z,2013-09-03T11:35:00.000Z,172.76605000000000700,-43.56445000000000078,3.30600000000000005,7.38020000000000032,ML,,GROPE,reviewed,manual,nz1dr,26,19,7,0.01200000000000000,142.00000000000000000,0.13478999999999999,0.19000000000000000
3530742,earthquake,2011-06-16T18:37:27.277Z,2013-09-03T11:35:00.000Z,172.74370999999999299,-43.59667000000000314,4.09999999999999964,9.58280000000000065,Mw,,GROPE,reviewed,manual,nz1dr,43,33,0,0.01700000000000000,161.00000000000000000,0.18797000000000000,0.00000000000000000
3530689,earthquake,2011-06-16T15:41:26.905Z,2013-09-03T11:35:00.000Z,172.73252999999999702,-43.58923000000000059,3.53100000000000014,7.98669999999999991,ML,,GROPE,reviewed,manual,nz1dr,27,19,11,0.00600000000000000,125.00000000000000000,0.12461999999999999,0.14699999999999999
3530604,earthquake,2011-06-16T11:35:35.357Z,2013-09-03T11:35:00.000Z,172.70089999999999009,-43.57363000000000142,3.40700000000000003,6.07570000000000032,ML,,GROPE,reviewed,manual,nz1dr,20,16,9,0.01000000000000000,74.00000000000000000,0.18131000000000000,0.17000000000000001
3530560,earthquake,2011-06-16T09:29:48.827Z,2013-09-03T11:35:00.000Z,172.81799000000000888,-43.65626999999999924,3.67600000000000016,7.93799999999999972,ML,,GROPE,reviewed,manual,nz1dr,24,18,18,0.08200000000000000,227.00000000000000000,0.20174000000000000,0.22800000000000001
3530441,earthquake,2011-06-16T03:38:28.045Z,2013-09-03T11:34:00.000Z,172.74228999999999701,-43.52689999999999770,3.46899999999999986,7.38630000000000031,ML,,GROPE,reviewed,manual,nz1dr,33,26,16,0.02000000000000000,144.00000000000000000,0.18346000000000001,0.16800000000000001
3530389,earthquake,2011-06-16T01:30:55.703Z,2013-09-03T11:34:00.000Z,172.78888000000000602,-43.58718999999999966,3.70299999999999985,8.33539999999999992,ML,,GROPE,reviewed,manual,nz1dr,35,24,14,0.01500000000000000,201.00000000000000000,0.16103000000000001,0.22200000000000000
3530216,earthquake,2011-06-15T17:16:02.755Z,2013-09-03T11:34:00.000Z,172.42232000000001335,-43.62534999999999741,3.62599999999999989,12.61560000000000059,ML,,GROPE,reviewed,manual,nz1dr,24,17,16,0.09200000000000000,105.00000000000000000,0.17072999999999999,0.18400000000000000
3530139,earthquake,2011-06-15T13:12:43.459Z,2013-09-03T11:34:00.000Z,172.79039000000000215,-43.58315999999999946,3.52700000000000014,5.78929999999999989,ML,,GROPE,reviewed,manual,nz1dr,25,19,12,0.01500000000000000,207.00000000000000000,0.16783000000000001,0.17399999999999999
3530127,earthquake,2011-06-15T12:32:09.567Z,2013-09-03T11:34:00.000Z,172.80871999999999389,-43.57314000000000220,3.44399999999999995,7.67220000000000013,ML,,GROPE,reviewed,manual,nz1dr,29,21,11,0.02900000000000000,185.00000000000000000,0.12499000000000000,0.17100000000000001
3530081,earthquake,2011-06-15T10:16:40.985Z,2013-09-03T11:34:00.000Z,172.83046999999999116,-43.62364999999999782,3.70699999999999985,5.00000000000000000,ML,operator assigned,GROPE,reviewed,manual,nz1dr,21,15,13,0.06200000000000000,245.00000000000000000,0.21468000000000001,0.22400000000000000
3530078,earthquake,2011-06-15T10:07:54.431Z,2013-09-03T11:34:00.000Z,172.74599000000000615,-43.59040999999999855,3.95000000000000018,5.00000000000000000,ML,operator assigned,GROPE,reviewed,manual,nz1dr,35,26,27,0.01500000000000000,150.00000000000000000,0.18543999999999999,0.22500000000000001
3530076,earthquake,2011-06-15T10:01:54.778Z,2013-09-03T11:34:00.000Z,171.14497000000000071,-43.49633999999999645,3.34299999999999997,12.00000000000000000,ML,operator assigned,GROPE,reviewed,manual,nz1dr,17,12,13,0.23000000000000001,57.00000000000000000,0.22323000000000001,0.15900000000000000
3529946,earthquake,2011-06-15T04:15:46.724Z,2013-09-03T11:33:00.000Z,172.83619999999999095,-43.64999000000000251,3.60199999999999987,7.94660000000000011,ML,,GROPE,reviewed,manual,nz1dr,23,17,10,0.08500000000000001,205.00000000000000000,0.22542999999999999,0.21400000000000000
3529888,earthquake,2011-06-15T02:27:08.568Z,2013-09-03T11:33:00.000Z,172.86950999999999112,-43.65943999999999647,4.00000000000000000,5.00000000000000000,Mw,operator assigned,GROPE,reviewed,manual,nz1dr,27,21,0,0.10700000000000000,180.00000000000000000,0.16001000000000001,0.00000000000000000
3529884,earthquake,2011-06-15T02:11:55.110Z,2013-09-03T11:33:00.000Z,172.86249000000000819,-43.69754999999999967,3.37800000000000011,9.05739999999999945,ML,,GROPE,reviewed,manual,nz1dr,11,8,6,0.15200000000000000,255.00000000000000000,0.24226000000000000,0.11799999999999999
3529870,earthquake,2011-06-15T01:37:53.093Z,2013-09-03T11:33:00.000Z,172.91623999999998773,-43.70974999999999966,3.33599999999999985,5.00000000000000000,ML,operator assigned,GROPE,reviewed,manual,nz1dr,12,9,6,0.19000000000000000,205.00000000000000000,0.14942000000000000,0.19100000000000000
3529866,earthquake,2011-06-15T01:29:34.141Z,2013-09-03T11:33:00.000Z,172.86268999999998641,-43.64997999999999934,3.89999999999999991,8.19250000000000078,Mw,,GROPE,reviewed,manual,nz1dr,14,9,0,0.09700000000000000,265.00000000000000000,0.08505000000000000,0.00000000000000000
3529858,earthquake,2011-06-15T01:03:42.138Z,2013-09-03T11:33:00.000Z,172.85465999999999553,-43.65460000000000207,4.59999999999999964,5.00000000000000000,Mw,operator assigned,GROPE,reviewed,manual,nz1dr,39,33,0,0.09600000000000000,171.00000000000000000,0.15112999999999999,0.00000000000000000
3529774,earthquake,2011-06-14T21:41:41.921Z,2013-09-03T11:33:00.000Z,172.81575000000000841,-43.62644999999999840,3.74000000000000021,5.51119999999999965,ML,,GROPE,reviewed,manual,nz1dr,16,10,15,0.05700000000000000,242.00000000000000000,0.14580000000000001,0.20699999999999999
3529751,earthquake,2011-06-14T20:44:58.441Z,2013-09-03T11:33:00.000Z,172.85177999999999088,-43.65115000000000123,3.67499999999999982,7.42419999999999991,ML,,GROPE,reviewed,manual,nz1dr,19,13,13,0.09300000000000000,250.00000000000000000,0.19170999999999999,0.16300000000000001
3529717,earthquake,2011-06-14T19:00:01.943Z,2013-09-03T11:33:00.000Z,172.87665999999998689,-43.64849000000000245,3.31800000000000006,5.00000000000000000,ML,operator assigned,GROPE,reviewed,manual,nz1dr,11,8,7,0.10299999999999999,228.00000000000000000,0.31911000000000000,0.12400000000000000
3529703,earthquake,2011-06-14T18:32:02.299Z,2013-09-03T11:33:00.000Z,172.84717000000000553,-43.65124999999999744,4.16500000000000004,6.23280000000000012,ML,,GROPE,reviewed,manual,nz1dr,32,22,27,0.09000000000000000,226.00000000000000000,0.16258000000000000,0.28799999999999998
3529702,earthquake,2011-06-14T18:27:24.225Z,2013-09-03T11:33:00.000Z,172.84122999999999593,-43.64692000000000149,4.79999999999999982,5.00000000000000000,Mw,operator assigned,GROPE,reviewed,manual,nz1dr,33,26,0,0.08400000000000001,231.00000000000000000,0.11055000000000000,0.00000000000000000
3647018,earthquake,2011-06-14T18:26:49.782Z,2013-09-03T14:33:00.000Z,172.79133999999999105,-43.62801000000000329,3.49000000000000021,4.20790000000000042,ML,,GROPE,reviewed,manual,nz1dr,11,7,5,0.05000000000000000,236.00000000000000000,0.27898000000000001,0.17499999999999999
3529690,earthquake,2011-06-14T17:48:29.854Z,2013-09-03T11:33:00.000Z,172.77580000000000382,-43.58303000000000083,3.34299999999999997,7.53889999999999993,ML,,GROPE,reviewed,manual,nz1dr,21,15,10,0.00500000000000000,220.00000000000000000,0.20830000000000001,0.14799999999999999
3529589,earthquake,2011-06-14T12:28:41.918Z,2013-09-03T11:32:00.000Z,172.84415999999998803,-43.63618999999999915,3.54899999999999993,5.47100000000000009,ML,,GROPE,reviewed,manual,nz1dr,22,13,14,0.07800000000000000,252.00000000000000000,0.13693000000000000,0.20300000000000001
3529586,earthquake,2011-06-14T12:17:03.489Z,2013-09-03T11:32:00.000Z,172.72601000000000226,-43.56201999999999686,3.35000000000000009,5.42260000000000009,ML,,GROPE,reviewed,manual,nz1dr,21,13,10,0.01900000000000000,114.00000000000000000,0.20116999999999999,0.22200000000000000
3529541,earthquake,2011-06-14T09:41:55.692Z,2013-09-03T11:32:00.000Z,172.76390000000000668,-43.60652999999999935,3.97100000000000009,8.75000000000000000,ML,,GROPE,reviewed,manual,nz1dr,33,23,27,0.02700000000000000,208.00000000000000000,0.16575000000000001,0.26100000000000001
3645515,earthquake,2011-06-14T07:55:14.490Z,2013-09-03T11:53:00.000Z,172.74639999999999418,-43.54204000000000008,3.58999999999999986,6.38579999999999970,ML,,GROPE,reviewed,manual,nz1dr,20,15,11,0.02800000000000000,158.00000000000000000,0.22464999999999999,0.16300000000000001
3645514,earthquake,2011-06-14T07:54:15.691Z,2013-09-03T11:53:00.000Z,172.73929000000001110,-43.54028999999999883,3.66500000000000004,6.56759999999999966,ML,,GROPE,reviewed,manual,nz1dr,27,18,17,0.03000000000000000,153.00000000000000000,0.21007000000000001,0.24099999999999999
3529501,earthquake,2011-06-14T07:53:11.950Z,2013-09-03T11:32:00.000Z,172.74696000000000140,-43.53003999999999962,3.30200000000000005,5.09499999999999975,ML,,GROPE,reviewed,manual,nz1dr,21,13,8,0.03900000000000000,179.00000000000000000,0.27567000000000003,0.20300000000000001
3529424,earthquake,2011-06-14T04:16:25.867Z,2013-09-03T11:32:00.000Z,171.14928000000000452,-43.47903000000000162,4.50000000000000000,5.00000000000000000,Mw,operator assigned,GROPE,reviewed,manual,nz1dr,32,26,0,0.24700000000000000,57.00000000000000000,0.19631999999999999,0.00000000000000000
3529420,earthquake,2011-06-14T04:08:16.019Z,2013-09-03T11:32:00.000Z,172.74962999999999624,-43.58695999999999771,3.90200000000000014,9.19609999999999950,ML,,GROPE,reviewed,manual,nz1dr,36,25,22,0.01700000000000000,145.00000000000000000,0.16206000000000001,0.23899999999999999
3529387,earthquake,2011-06-14T02:33:03.797Z,2013-09-03T11:32:00.000Z,172.83881999999999834,-43.64323999999999870,3.60800000000000010,5.54999999999999982,ML,,GROPE,reviewed,manual,nz1dr,17,12,11,0.08000000000000000,252.00000000000000000,0.14624000000000001,0.26400000000000001
3529337,earthquake,2011-06-14T00:22:56.519Z,2013-09-03T11:31:00.000Z,172.76224999999999454,-43.59573000000000320,3.89999999999999991,9.74990000000000023,Mw,,GROPE,reviewed,manual,nz1dr,41,29,0,0.01700000000000000,194.00000000000000000,0.14782000000000001,0.00000000000000000
3529334,earthquake,2011-06-14T00:11:35.840Z,2013-09-03T11:31:00.000Z,172.81428999999999974,-43.62246999999999986,3.52599999999999980,5.05109999999999992,ML,,GROPE,reviewed,manual,nz1dr,18,11,12,0.05300000000000000,241.00000000000000000,0.14316999999999999,0.20899999999999999
3529274,earthquake,2011-06-13T21:43:48.470Z,2013-09-03T11:31:00.000Z,172.75867999999999824,-43.59602999999999895,3.61900000000000022,7.71210000000000040,ML,,GROPE,reviewed,manual,nz1dr,22,15,14,0.01800000000000000,186.00000000000000000,0.15154999999999999,0.22200000000000000
3529255,earthquake,2011-06-13T20:52:45.432Z,2013-09-03T11:31:00.000Z,172.78032999999999220,-43.60195000000000221,3.83899999999999997,8.72719999999999985,ML,,GROPE,reviewed,manual,nz1dr,29,19,15,0.02300000000000000,210.00000000000000000,0.17879999999999999,0.19800000000000001
3529207,earthquake,2011-06-13T18:37:43.465Z,2013-09-03T11:31:00.000Z,172.72053999999999974,-43.59863000000000000,3.52499999999999991,9.44170000000000087,ML,,GROPE,reviewed,manual,nz1dr,28,21,12,0.01300000000000000,141.00000000000000000,0.20635000000000001,0.19600000000000001
3529125,earthquake,2011-06-13T14:48:08.682Z,2013-09-03T11:31:00.000Z,172.71953999999999496,-43.57654000000000138,4.20000000000000018,5.71520000000000028,Mw,,GROPE,reviewed,manual,nz1dr,48,36,0,0.00900000000000000,69.00000000000000000,0.21584000000000000,0.00000000000000000
3529102,earthquake,2011-06-13T13:42:33.356Z,2013-09-03T11:30:00.000Z,172.77518000000000598,-43.58245999999999754,3.30699999999999994,7.19709999999999983,ML,,GROPE,reviewed,manual,nz1dr,23,13,5,0.00400000000000000,220.00000000000000000,0.12520000000000001,0.27400000000000002
3529079,earthquake,2011-06-13T12:43:59.219Z,2013-09-03T11:30:00.000Z,172.71944999999999482,-43.58814999999999884,3.78299999999999992,6.99359999999999982,ML,,GROPE,reviewed,manual,nz1dr,34,22,19,0.00500000000000000,92.00000000000000000,0.15514000000000000,0.23999999999999999
3529064,earthquake,2011-06-13T11:50:10.625Z,2013-09-03T11:30:00.000Z,172.76585000000000036,-43.57381999999999778,3.39100000000000001,6.20030000000000037,ML,,GROPE,reviewed,manual,nz1dr,19,11,10,0.00700000000000000,156.00000000000000000,0.16703999999999999,0.15800000000000000
3529016,earthquake,2011-06-13T09:40:39.362Z,2013-09-03T11:30:00.000Z,172.77446000000000481,-43.58167000000000257,3.56099999999999994,8.08670000000000044,ML,,GROPE,reviewed,manual,nz1dr,27,20,10,0.00300000000000000,220.00000000000000000,0.16521000000000000,0.18600000000000000
3528997,earthquake,2011-06-13T08:45:08.491Z,2013-09-03T11:30:00.000Z,172.81415000000001214,-43.61605999999999739,3.40200000000000014,8.61950000000000038,ML,,GROPE,reviewed,manual,nz1dr,32,21,8,0.04800000000000000,203.00000000000000000,0.15903999999999999,0.12700000000000000
3528991,earthquake,2011-06-13T08:28:25.680Z,2013-09-03T11:30:00.000Z,172.78125000000000000,-43.59134000000000242,3.96799999999999997,7.35690000000000044,ML,,GROPE,reviewed,manual,nz1dr,32,23,21,0.01400000000000000,223.00000000000000000,0.18592000000000000,0.27900000000000003
3634873,earthquake,2011-06-13T07:42:48.889Z,2013-09-03T11:53:00.000Z,172.84378000000000952,-43.64808000000000021,3.66199999999999992,5.03310000000000013,ML,,GROPE,reviewed,manual,nz1dr,28,17,18,0.08699999999999999,255.00000000000000000,0.23326000000000000,0.26100000000000001
3528976,earthquake,2011-06-13T07:42:24.256Z,2013-09-03T11:30:00.000Z,172.78603000000001089,-43.58863999999999805,3.65799999999999992,8.06259999999999977,ML,,GROPE,reviewed,manual,nz1dr,36,21,14,0.01400000000000000,224.00000000000000000,0.17308999999999999,0.22300000000000000
3528969,earthquake,2011-06-13T07:29:01.928Z,2013-09-03T11:30:00.000Z,172.85895999999999617,-43.60598000000000241,3.49299999999999988,2.00000000000000000,ML,operator assigned,GROPE,reviewed,manual,nz1dr,17,10,12,0.06900000000000001,264.00000000000000000,0.20269999999999999,0.20200000000000001
3634394,earthquake,2011-06-13T06:17:59.740Z,2013-09-03T11:53:00.000Z,172.76801000000000386,-43.59002000000000265,3.58800000000000008,9.07729999999999926,ML,,GROPE,reviewed,manual,nz1dr,33,22,14,0.01000000000000000,205.00000000000000000,0.14108999999999999,0.28000000000000003
3528941,earthquake,2011-06-13T06:16:04.871Z,2013-09-03T11:30:00.000Z,172.76438999999999169,-43.52145999999999759,3.60599999999999987,4.17210000000000036,ML,,GROPE,reviewed,manual,nz1dr,27,16,19,0.04900000000000000,196.00000000000000000,0.22305000000000000,0.18300000000000000
3528917,earthquake,2011-06-13T05:10:43.091Z,2013-09-03T11:29:00.000Z,172.74297000000001390,-43.58637000000000228,3.53699999999999992,8.12870000000000026,ML,,GROPE,reviewed,manual,nz1dr,27,18,10,0.01300000000000000,136.00000000000000000,0.19778999999999999,0.19300000000000000
3633924,earthquake,2011-06-13T05:10:40.418Z,2013-09-03T11:53:00.000Z,172.74064999999998804,-43.58661000000000030,3.41699999999999982,8.04889999999999972,ML,,GROPE,reviewed,manual,nz1dr,20,13,2,0.01100000000000000,134.00000000000000000,0.21618999999999999,0.33600000000000002
3528912,earthquake,2011-06-13T04:56:36.361Z,2013-09-03T11:29:00.000Z,172.73682999999999765,-43.53954999999999842,3.39500000000000002,8.25179999999999936,ML,,GROPE,reviewed,manual,nz1dr,29,18,10,0.03100000000000000,151.00000000000000000,0.20413999999999999,0.16800000000000001
3528907,earthquake,2011-06-13T04:40:40.479Z,2013-09-03T11:29:00.000Z,172.78747999999998797,-43.58655999999999864,3.64999999999999991,5.77439999999999998,ML,,GROPE,reviewed,manual,nz1dr,29,19,11,0.01400000000000000,225.00000000000000000,0.15543999999999999,0.23000000000000001
3633789,earthquake,2011-06-13T04:27:36.326Z,2013-09-03T11:53:00.000Z,172.71587999999999852,-43.58212999999999937,3.37699999999999978,8.58559999999999945,ML,,GROPE,reviewed,manual,nz1dr,20,12,10,0.00500000000000000,79.00000000000000000,0.15998999999999999,0.19200000000000000
3633774,earthquake,2011-06-13T04:24:11.740Z,2013-09-03T11:52:00.000Z,172.81882999999999129,-43.61963999999999686,3.42200000000000015,3.63300000000000001,ML,,GROPE,reviewed,manual,nz1dr,13,8,10,0.05300000000000000,241.00000000000000000,0.26878999999999997,0.17100000000000001
3631331,earthquake,2011-06-13T04:23:09.366Z,2013-09-03T11:52:00.000Z,172.75404000000000337,-43.55857000000000312,3.60499999999999998,6.09299999999999997,ML,,GROPE,reviewed,manual,nz1dr,29,21,14,0.01100000000000000,154.00000000000000000,0.18456000000000000,0.17699999999999999
3528894,earthquake,2011-06-13T04:14:15.979Z,2013-09-03T11:29:00.000Z,172.75005999999999062,-43.57708999999999833,3.52300000000000013,9.11519999999999975,ML,,GROPE,reviewed,manual,nz1dr,26,18,14,0.00800000000000000,107.00000000000000000,0.11280999999999999,0.19900000000000001
3528893,earthquake,2011-06-13T04:10:47.531Z,2013-09-03T11:29:00.000Z,172.79529999999999745,-43.57486000000000104,3.36100000000000021,6.93290000000000006,ML,,GROPE,reviewed,manual,nz1dr,29,16,7,0.01900000000000000,244.00000000000000000,0.21181000000000000,0.19400000000000001
3528880,earthquake,2011-06-13T03:40:09.828Z,2013-09-03T11:29:00.000Z,172.79979000000000156,-43.59093000000000018,3.96200000000000019,4.31780000000000008,ML,,GROPE,reviewed,manual,nz1dr,29,18,20,0.02400000000000000,248.00000000000000000,0.16564999999999999,0.24199999999999999
3619862,earthquake,2011-06-13T03:39:52.491Z,2013-09-03T11:52:00.000Z,172.71602999999998929,-43.56231999999999971,3.42499999999999982,5.57920000000000016,ML,,GROPE,reviewed,manual,nz1dr,20,12,5,0.02500000000000000,129.00000000000000000,0.14787000000000000,0.27400000000000002
3528875,earthquake,2011-06-13T03:33:08.653Z,2013-09-03T11:29:00.000Z,172.80946000000000140,-43.61561999999999983,3.44799999999999995,5.23209999999999997,ML,,GROPE,reviewed,manual,nz1dr,16,9,10,0.04600000000000000,238.00000000000000000,0.15709999999999999,0.20499999999999999
3614821,earthquake,2011-06-13T03:25:58.282Z,2013-09-03T11:52:00.000Z,172.76031000000000404,-43.56002000000000152,3.40799999999999992,5.56979999999999986,ML,,GROPE,reviewed,manual,nz1dr,22,12,10,0.01200000000000000,185.00000000000000000,0.20257000000000000,0.23000000000000001
3614306,earthquake,2011-06-13T03:13:50.336Z,2013-09-03T11:52:00.000Z,172.78110000000000923,-43.57594999999999885,3.56800000000000006,6.19130000000000003,ML,,GROPE,reviewed,manual,nz1dr,27,16,9,0.00900000000000000,220.00000000000000000,0.16905000000000001,0.19000000000000000
3612566,earthquake,2011-06-13T03:12:25.538Z,2013-09-03T11:52:00.000Z,172.79078999999998700,-43.60755999999999943,3.44799999999999995,6.45600000000000041,ML,,GROPE,reviewed,manual,nz1dr,27,16,11,0.03100000000000000,231.00000000000000000,0.17172999999999999,0.15800000000000000
3612555,earthquake,2011-06-13T03:11:30.332Z,2013-09-03T11:52:00.000Z,172.81281999999998789,-43.60900999999999783,3.41500000000000004,7.03399999999999981,ML,,GROPE,reviewed,manual,nz1dr,21,15,10,0.04200000000000000,205.00000000000000000,0.25285000000000002,0.18700000000000000
3528865,earthquake,2011-06-13T03:08:29.447Z,2013-09-03T11:29:00.000Z,172.76381000000000654,-43.59159999999999968,3.74199999999999999,9.66960000000000086,ML,,GROPE,reviewed,manual,nz1dr,29,20,17,0.01200000000000000,192.00000000000000000,0.17502000000000001,0.24900000000000000
3611957,earthquake,2011-06-13T03:01:57.201Z,2013-09-03T11:52:00.000Z,172.74148999999999887,-43.57712000000000074,3.43599999999999994,9.46419999999999995,ML,,GROPE,reviewed,manual,nz1dr,20,11,6,0.01000000000000000,108.00000000000000000,0.23072000000000001,0.23200000000000001
3611359,earthquake,2011-06-13T02:57:37.517Z,2013-09-03T11:52:00.000Z,172.83806999999998766,-43.62340999999999980,3.38499999999999979,4.60379999999999967,ML,,GROPE,reviewed,manual,nz1dr,16,8,11,0.06600000000000000,264.00000000000000000,0.18795000000000001,0.27100000000000002
3611309,earthquake,2011-06-13T02:56:02.486Z,2013-09-03T11:52:00.000Z,172.80669000000000324,-43.58865000000000123,3.60000000000000009,4.86249999999999982,ML,,GROPE,reviewed,manual,nz1dr,30,17,15,0.02800000000000000,249.00000000000000000,0.14540000000000000,0.25800000000000001
3611294,earthquake,2011-06-13T02:54:16.286Z,2013-09-03T11:52:00.000Z,172.75612000000000990,-43.55754999999999910,3.66999999999999993,6.77249999999999996,ML,,GROPE,reviewed,manual,nz1dr,18,10,3,0.01300000000000000,251.00000000000000000,0.07655000000000001,0.11000000000000000
3528858,earthquake,2011-06-13T02:54:08.088Z,2013-09-03T11:29:00.000Z,172.76785000000000991,-43.53220000000000312,4.09499999999999975,5.76930000000000032,ML,,GROPE,reviewed,manual,nz1dr,38,28,36,0.03600000000000000,183.00000000000000000,0.20827000000000001,0.25000000000000000
3528857,earthquake,2011-06-13T02:50:56.407Z,2013-09-03T11:29:00.000Z,172.78960000000000719,-43.59407000000000210,3.36600000000000010,6.81660000000000021,ML,,GROPE,reviewed,manual,nz1dr,24,15,8,0.02000000000000000,243.00000000000000000,0.14571999999999999,0.19500000000000001
3610830,earthquake,2011-06-13T02:48:36.041Z,2013-09-03T11:52:00.000Z,172.75846999999998843,-43.52640999999999849,3.48200000000000021,6.06139999999999990,ML,,GROPE,reviewed,manual,nz1dr,17,12,13,0.02700000000000000,214.00000000000000000,0.23871000000000001,0.19800000000000001
3610271,earthquake,2011-06-13T02:45:45.785Z,2013-09-03T11:52:00.000Z,172.65883999999999787,-43.57571000000000083,4.03300000000000036,5.01170000000000027,ML,,GROPE,reviewed,manual,nz1dr,29,21,27,0.02600000000000000,55.00000000000000000,0.21967999999999999,0.33300000000000002
3608859,earthquake,2011-06-13T02:42:54.904Z,2013-09-03T11:52:00.000Z,172.74420000000000641,-43.55225000000000080,3.41199999999999992,7.68140000000000001,ML,,GROPE,reviewed,manual,nz1dr,24,15,12,0.01800000000000000,184.00000000000000000,0.21681000000000000,0.20300000000000001
3608322,earthquake,2011-06-13T02:40:41.642Z,2013-09-03T11:52:00.000Z,172.81734000000000151,-43.58411000000000257,4.38900000000000023,5.00000000000000000,ML,operator assigned,GROPE,reviewed,manual,nz1dr,28,16,4,0.03400000000000000,264.00000000000000000,0.12642000000000000,0.17799999999999999
3528850,earthquake,2011-06-13T02:40:30.668Z,2013-09-03T11:29:00.000Z,172.76000999999999408,-43.53011000000000053,4.69099999999999984,4.18280000000000030,ML,,GROPE,reviewed,manual,nz1dr,43,34,80,0.03000000000000000,168.00000000000000000,0.25606000000000001,0.28999999999999998
3608267,earthquake,2011-06-13T02:39:50.447Z,2013-09-03T11:52:00.000Z,172.77225999999998862,-43.58180000000000121,3.41599999999999993,6.97670000000000012,ML,,GROPE,reviewed,manual,nz1dr,17,11,5,0.00200000000000000,236.00000000000000000,0.17179000000000000,0.20799999999999999
3607272,earthquake,2011-06-13T02:39:42.180Z,2013-09-03T11:51:00.000Z,172.78747999999998797,-43.58008000000000237,3.44700000000000006,6.55839999999999979,ML,,GROPE,reviewed,manual,nz1dr,15,10,4,0.01200000000000000,243.00000000000000000,0.17326000000000000,0.14199999999999999
3607256,earthquake,2011-06-13T02:39:14.657Z,2013-09-03T11:51:00.000Z,172.64517000000000735,-43.57838999999999885,3.31099999999999994,4.78709999999999969,ML,,GROPE,reviewed,manual,nz1dr,16,10,5,0.01600000000000000,96.00000000000000000,0.16106000000000001,0.19600000000000001
3607249,earthquake,2011-06-13T02:38:33.792Z,2013-09-03T11:51:00.000Z,172.77855999999999881,-43.57457000000000136,3.44799999999999995,4.91579999999999995,ML,,GROPE,reviewed,manual,nz1dr,16,10,11,0.00800000000000000,219.00000000000000000,0.28580000000000000,0.18800000000000000
3607238,earthquake,2011-06-13T02:37:30.091Z,2013-09-03T11:51:00.000Z,172.76988000000000056,-43.57903000000000304,3.52800000000000002,7.78040000000000020,ML,,GROPE,reviewed,manual,nz1dr,23,13,12,0.00100000000000000,165.00000000000000000,0.17615000000000000,0.21700000000000000
3607199,earthquake,2011-06-13T02:35:23.836Z,2013-09-03T11:51:00.000Z,172.75888000000000488,-43.56873000000000218,3.55699999999999994,6.98519999999999985,ML,,GROPE,reviewed,manual,nz1dr,27,16,13,0.00600000000000000,117.00000000000000000,0.22348999999999999,0.22800000000000001
3607127,earthquake,2011-06-13T02:33:51.572Z,2013-09-03T11:51:00.000Z,172.75136000000000536,-43.59084000000000003,3.39299999999999979,7.90829999999999966,ML,,GROPE,reviewed,manual,nz1dr,18,10,5,0.01800000000000000,159.00000000000000000,0.14482000000000000,0.18300000000000000
3606760,earthquake,2011-06-13T02:31:56.218Z,2013-09-03T11:51:00.000Z,172.85274999999998613,-43.58442000000000149,3.78900000000000015,5.44219999999999970,ML,,GROPE,reviewed,manual,nz1dr,26,15,11,0.06000000000000000,257.00000000000000000,0.13317000000000001,0.22700000000000001
3606748,earthquake,2011-06-13T02:31:29.948Z,2013-09-03T11:51:00.000Z,172.76285999999998921,-43.59190000000000254,3.93299999999999983,6.84060000000000024,ML,,GROPE,reviewed,manual,nz1dr,32,18,10,0.01300000000000000,189.00000000000000000,0.13844999999999999,0.18600000000000000
3604029,earthquake,2011-06-13T02:31:22.964Z,2013-09-03T11:51:00.000Z,172.91774000000000910,-43.62489000000000061,3.41599999999999993,7.00000000000000000,ML,operator assigned,GROPE,reviewed,manual,nz1dr,12,7,2,0.11600000000000001,313.00000000000000000,0.42708000000000002,0.03800000000000000
3604022,earthquake,2011-06-13T02:31:19.727Z,2013-09-03T11:51:00.000Z,172.84578999999999382,-43.61484999999999701,3.81700000000000017,5.18620000000000037,ML,,GROPE,reviewed,manual,nz1dr,23,14,3,0.06500000000000000,263.00000000000000000,0.22711000000000001,0.14000000000000001
3604016,earthquake,2011-06-13T02:31:01.895Z,2013-09-03T11:51:00.000Z,172.78571999999999775,-43.60562000000000182,3.55699999999999994,5.54440000000000044,ML,,GROPE,reviewed,manual,nz1dr,18,10,4,0.02800000000000000,228.00000000000000000,0.12612999999999999,0.16800000000000001
3603416,earthquake,2011-06-13T02:30:07.155Z,2013-09-03T11:51:00.000Z,172.77538999999998737,-43.56602999999999781,3.90499999999999980,7.59989999999999988,ML,,GROPE,reviewed,manual,nz1dr,21,12,3,0.01400000000000000,224.00000000000000000,0.13875999999999999,0.28499999999999998
3602993,earthquake,2011-06-13T02:30:00.741Z,2013-09-03T11:51:00.000Z,172.79085000000000605,-43.57985000000000042,4.26700000000000035,4.25110000000000010,ML,,GROPE,reviewed,manual,nz1dr,32,21,6,0.01500000000000000,224.00000000000000000,0.18962000000000001,0.17699999999999999
3528843,earthquake,2011-06-13T02:29:51.511Z,2013-09-03T11:29:00.000Z,172.75040999999998803,-43.54332999999999743,4.08100000000000041,8.10699999999999932,ML,,GROPE,reviewed,manual,nz1dr,30,22,5,0.02600000000000000,161.00000000000000000,0.26125999999999999,0.17999999999999999
3602977,earthquake,2011-06-13T02:27:45.820Z,2013-09-03T11:51:00.000Z,172.76263000000000147,-43.56954999999999956,4.32300000000000040,5.00000000000000000,ML,operator assigned,GROPE,reviewed,manual,nz1dr,35,24,8,0.00900000000000000,156.00000000000000000,0.25008999999999998,0.24900000000000000
3602969,earthquake,2011-06-13T02:27:03.733Z,2013-09-03T11:51:00.000Z,172.74089000000000738,-43.56024000000000029,3.94499999999999984,6.50760000000000005,ML,,GROPE,reviewed,manual,nz1dr,26,16,6,0.01200000000000000,148.00000000000000000,0.24202000000000001,0.16100000000000000
3528842,earthquake,2011-06-13T02:26:41.588Z,2013-09-03T11:29:00.000Z,172.80018999999998641,-43.60464000000000340,4.04199999999999982,6.83560000000000034,ML,,GROPE,reviewed,manual,nz1dr,30,17,6,0.03300000000000000,251.00000000000000000,0.15690000000000001,0.16900000000000001
3602957,earthquake,2011-06-13T02:26:00.914Z,2013-09-03T11:51:00.000Z,172.74959999999998672,-43.56430000000000291,3.52099999999999991,8.11969999999999992,ML,,GROPE,reviewed,manual,nz1dr,21,10,4,0.00500000000000000,197.00000000000000000,0.14979999999999999,0.29299999999999998
3601443,earthquake,2011-06-13T02:25:33.526Z,2013-09-03T11:51:00.000Z,172.78099000000000274,-43.57686000000000348,3.96099999999999985,6.48059999999999992,ML,,GROPE,reviewed,manual,nz1dr,31,18,5,0.00800000000000000,240.00000000000000000,0.19972999999999999,0.14000000000000001
3602952,earthquake,2011-06-13T02:25:26.808Z,2013-09-03T11:51:00.000Z,172.75404000000000337,-43.57925000000000182,3.44300000000000006,7.66099999999999959,ML,,GROPE,reviewed,manual,nz1dr,20,13,2,0.01000000000000000,116.00000000000000000,0.11351000000000000,0.24199999999999999
3600930,earthquake,2011-06-13T02:24:50.800Z,2013-09-03T11:51:00.000Z,172.65628000000000952,-43.56647000000000247,3.83800000000000008,14.91740000000000066,ML,,GROPE,reviewed,manual,nz1dr,14,8,3,0.02300000000000000,70.00000000000000000,0.45385999999999999,0.23300000000000001
3600922,earthquake,2011-06-13T02:24:41.565Z,2013-09-03T11:51:00.000Z,172.69485000000000241,-43.56295999999999680,3.52199999999999980,9.44979999999999976,ML,,GROPE,reviewed,manual,nz1dr,18,9,3,0.02100000000000000,85.00000000000000000,0.18013999999999999,0.25700000000000001
3594282,earthquake,2011-06-13T02:24:35.635Z,2013-09-03T11:51:00.000Z,172.80518000000000711,-43.54715000000000202,3.75199999999999978,7.03340000000000032,ML,,GROPE,reviewed,manual,nz1dr,17,8,2,0.04600000000000000,266.00000000000000000,0.09327000000000001,0.19000000000000000
3594277,earthquake,2011-06-13T02:24:08.280Z,2013-09-03T11:51:00.000Z,172.79346000000001027,-43.55452999999999975,3.82699999999999996,5.38290000000000024,ML,,GROPE,reviewed,manual,nz1dr,17,10,4,0.03000000000000000,240.00000000000000000,0.16672000000000001,0.27800000000000002
3594270,earthquake,2011-06-13T02:23:53.870Z,2013-09-03T11:51:00.000Z,172.82277999999999452,-43.54043999999999670,4.08699999999999974,5.00000000000000000,ML,operator assigned,GROPE,reviewed,manual,nz1dr,27,13,4,0.05500000000000000,244.00000000000000000,0.22806000000000001,0.27000000000000002
3590468,earthquake,2011-06-13T02:23:40.156Z,2013-09-03T11:50:00.000Z,172.73846000000000345,-43.55008999999999730,4.71100000000000030,5.11190000000000033,ML,,GROPE,reviewed,manual,nz1dr,25,20,5,0.02100000000000000,149.00000000000000000,0.19233000000000000,0.19400000000000001
3589959,earthquake,2011-06-13T02:23:23.679Z,2013-09-03T11:50:00.000Z,172.75443999999998823,-43.55715000000000003,4.16899999999999959,7.57929999999999993,ML,,GROPE,reviewed,manual,nz1dr,32,15,3,0.01300000000000000,178.00000000000000000,0.14185000000000000,0.17100000000000001
3588903,earthquake,2011-06-13T02:23:19.496Z,2013-09-03T14:21:00.000Z,172.76574999999999704,-43.55664000000000158,4.04199999999999982,9.27040000000000042,ML,,GROPE,reviewed,manual,nz1dr,31,18,4,0.01700000000000000,200.00000000000000000,0.15154000000000001,0.17799999999999999
3586837,earthquake,2011-06-13T02:22:43.744Z,2013-09-03T11:50:00.000Z,172.81200999999998658,-43.62803000000000253,4.84299999999999997,5.00000000000000000,ML,operator assigned,GROPE,reviewed,manual,nz1dr,19,14,4,0.05700000000000000,259.00000000000000000,0.19231000000000001,0.18800000000000000
3587342,earthquake,2011-06-13T02:21:48.293Z,2013-09-03T11:50:00.000Z,172.79758000000001061,-43.57218000000000302,4.73899999999999988,6.84119999999999973,ML,,GROPE,reviewed,manual,nz1dr,21,11,2,0.02100000000000000,304.00000000000000000,0.07797999999999999,0.19300000000000000
3588891,earthquake,2011-06-13T02:21:44.329Z,2013-09-03T11:50:00.000Z,172.80652000000000612,-43.58299000000000234,4.55600000000000005,5.00000000000000000,ML,operator assigned,GROPE,reviewed,manual,nz1dr,21,11,2,0.02600000000000000,287.00000000000000000,0.14680000000000001,0.04900000000000000
3586848,earthquake,2011-06-13T02:21:23.593Z,2013-09-03T11:50:00.000Z,172.74222000000000321,-43.58968999999999738,5.21400000000000041,10.27979999999999983,ML,,GROPE,reviewed,manual,nz1dr,37,23,3,0.01300000000000000,144.00000000000000000,0.15905000000000000,0.18800000000000000
3528839,earthquake,2011-06-13T02:20:49.260Z,2013-09-03T11:29:00.000Z,172.73772999999999911,-43.57063999999999737,6.00000000000000000,6.91600000000000037,Mw,,GROPE,reviewed,manual,nz1dr,50,42,0,0.00900000000000000,82.00000000000000000,0.23427999999999999,0.00000000000000000
3528822,earthquake,2011-06-13T01:28:51.652Z,2013-09-03T11:29:00.000Z,172.69576000000000704,-43.57515000000000072,3.35599999999999987,8.04289999999999949,ML,,GROPE,reviewed,manual,nz1dr,17,11,9,0.01100000000000000,76.00000000000000000,0.14856000000000000,0.20899999999999999
3528812,earthquake,2011-06-13T01:08:32.013Z,2013-09-03T11:29:00.000Z,172.74323000000001116,-43.56125999999999721,4.39499999999999957,6.44380000000000042,ML,,GROPE,reviewed,manual,nz1dr,25,20,25,0.01000000000000000,158.00000000000000000,0.16467999999999999,0.40899999999999997
3528810,earthquake,2011-06-13T01:01:00.348Z,2013-09-03T11:29:00.000Z,172.75000000000000000,-43.57668000000000319,5.29999999999999982,8.89729999999999954,Mw,,GROPE,reviewed,manual,nz1dr,47,40,0,0.00700000000000000,105.00000000000000000,0.16574000000000000,0.00000000000000000
3528800,earthquake,2011-06-13T00:29:44.238Z,2013-09-03T11:29:00.000Z,172.16895999999999844,-43.36824000000000012,4.00000000000000000,7.35339999999999971,Mw,,GROPE,reviewed,manual,nz1dr,24,20,0,0.10400000000000000,74.00000000000000000,0.28444000000000003,0.00000000000000000
3527476,earthquake,2011-06-10T08:22:25.836Z,2013-09-03T11:27:00.000Z,172.07670999999999140,-43.22382999999999953,3.44300000000000006,7.94019999999999992,ML,,GROPE,reviewed,manual,nz1dr,17,13,15,0.10700000000000000,71.00000000000000000,0.20691000000000001,0.14899999999999999
3526137,earthquake,2011-06-07T15:54:46.593Z,2013-09-03T11:24:00.000Z,172.15041999999999689,-43.49884000000000128,3.47900000000000009,9.12149999999999928,ML,,GROPE,reviewed,manual,nz1dr,26,19,14,0.03600000000000000,45.00000000000000000,0.23580000000000001,0.24700000000000000
3526124,earthquake,2011-06-07T15:15:07.269Z,2013-09-03T11:24:00.000Z,173.16852000000000089,-42.31727999999999668,3.89999999999999991,12.00000000000000000,Mw,operator assigned,GROPE,reviewed,manual,nz1dr,31,26,0,0.29299999999999998,85.00000000000000000,0.18528000000000000,0.00000000000000000
3525481,earthquake,2011-06-06T08:25:20.646Z,2013-09-03T11:23:00.000Z,172.39050000000000296,-43.57645999999999731,3.47500000000000009,10.06119999999999948,ML,,GROPE,reviewed,manual,nz1dr,24,16,16,0.11300000000000000,83.00000000000000000,0.24357999999999999,0.14999999999999999
3525417,earthquake,2011-06-06T05:04:19.760Z,2013-09-03T11:23:00.000Z,172.40156999999999243,-43.57954999999999757,4.09999999999999964,8.84699999999999953,Mw,,GROPE,reviewed,manual,nz1dr,41,32,0,0.02100000000000000,79.00000000000000000,0.22509999999999999,0.00000000000000000
3525316,earthquake,2011-06-05T23:41:59.408Z,2013-09-03T11:22:00.000Z,172.40558999999998946,-43.57403000000000048,3.86299999999999999,10.45490000000000030,ML,,GROPE,reviewed,manual,nz1dr,37,23,21,0.12100000000000000,85.00000000000000000,0.22958000000000001,0.36199999999999999
3525264,earthquake,2011-06-05T21:09:55.312Z,2013-09-03T11:22:00.000Z,172.39426000000000272,-43.58617999999999881,5.09999999999999964,9.00150000000000006,Mw,,GROPE,reviewed,manual,nz1dr,56,45,0,0.01300000000000000,86.00000000000000000,0.20508000000000001,0.00000000000000000
3525222,earthquake,2011-06-05T19:00:39.176Z,2013-09-03T11:22:00.000Z,172.50312999999999874,-43.60233000000000203,3.70299999999999985,10.19580000000000020,ML,,GROPE,reviewed,manual,nz1dr,36,25,19,0.05500000000000000,76.00000000000000000,0.19438000000000000,0.23200000000000001
3524807,earthquake,2011-06-04T22:37:55.723Z,2013-09-03T11:21:00.000Z,172.42169000000001233,-43.62608000000000175,3.89199999999999990,11.03689999999999927,ML,,GROPE,reviewed,manual,nz1dr,46,32,23,0.04300000000000000,93.00000000000000000,0.18790000000000001,0.24399999999999999
3524749,earthquake,2011-06-04T19:45:09.898Z,2013-09-03T11:21:00.000Z,172.41939999999999600,-43.62002999999999986,3.74400000000000022,9.32680000000000042,ML,,GROPE,reviewed,manual,nz1dr,25,15,19,0.09300000000000000,116.00000000000000000,0.22478999999999999,0.19200000000000000
3524257,earthquake,2011-06-03T23:25:04.654Z,2013-09-03T11:21:00.000Z,172.83229000000000042,-43.54827000000000226,3.30500000000000016,9.97000000000000064,ML,,GROPE,reviewed,manual,nz1dr,12,8,10,0.08400000000000001,228.00000000000000000,0.21571000000000001,0.20100000000000001
3524252,earthquake,2011-06-03T23:07:32.708Z,2013-09-03T11:21:00.000Z,172.36001999999999157,-43.62908999999999793,3.60000000000000009,7.28950000000000031,Mw,,GROPE,reviewed,manual,nz1dr,20,14,0,0.03800000000000000,103.00000000000000000,0.22445999999999999,0.00000000000000000
3522574,earthquake,2011-05-31T19:25:04.083Z,2013-08-28T15:08:00.000Z,172.72646000000000299,-43.59029000000000309,3.59799999999999986,7.43250000000000011,ML,,GROPE,reviewed,manual,nz1dr,31,25,15,0.00400000000000000,132.00000000000000000,0.20596999999999999,0.18900000000000000
3522360,earthquake,2011-05-31T08:08:55.617Z,2013-08-28T15:08:00.000Z,172.63336000000001036,-43.56403999999999854,3.64000000000000012,7.87619999999999987,ML,,GROPE,reviewed,manual,nz1dr,26,20,11,0.01400000000000000,64.00000000000000000,0.16252000000000000,0.24299999999999999
3522091,earthquake,2011-05-30T20:26:37.583Z,2013-08-28T15:07:00.000Z,172.31979000000001179,-43.57316999999999751,3.52700000000000014,9.25590000000000046,ML,,GROPE,reviewed,manual,nz1dr,18,14,10,0.10400000000000000,62.00000000000000000,0.20888000000000001,0.15200000000000000
3520523,earthquake,2011-05-28T17:14:09.668Z,2013-08-28T15:06:00.000Z,172.60692000000000235,-43.57549999999999812,3.40300000000000002,5.00000000000000000,ML,operator assigned,GROPE,reviewed,manual,nz1dr,18,14,5,0.01200000000000000,57.00000000000000000,0.17892000000000000,0.30299999999999999
3520410,earthquake,2011-05-28T12:05:20.430Z,2013-08-28T15:05:00.000Z,172.69710000000000605,-43.53875000000000028,3.58700000000000019,10.12480000000000047,ML,,GROPE,reviewed,manual,nz1dr,30,24,20,0.01500000000000000,83.00000000000000000,0.11453000000000001,0.25200000000000000
3519709,earthquake,2011-05-27T03:42:51.124Z,2013-08-28T15:05:00.000Z,170.65862999999998806,-44.46264000000000038,3.79999999999999982,5.00000000000000000,Mw,operator assigned,GROPE,reviewed,manual,nz1dr,19,16,0,0.34799999999999998,118.00000000000000000,0.18190000000000001,0.00000000000000000
3519436,earthquake,2011-05-26T16:36:09.471Z,2013-08-28T15:04:00.000Z,172.69535999999999376,-43.53421000000000163,3.45800000000000018,5.00000000000000000,ML,operator assigned,GROPE,reviewed,manual,nz1dr,14,10,10,0.01100000000000000,133.00000000000000000,0.21837999999999999,0.20100000000000001
3519235,earthquake,2011-05-26T07:09:46.675Z,2013-08-28T15:04:00.000Z,172.69346999999999070,-43.57869999999999777,3.35899999999999999,5.00000000000000000,ML,operator assigned,GROPE,reviewed,manual,nz1dr,21,17,10,0.01200000000000000,85.00000000000000000,0.12379000000000000,0.12800000000000000
3518413,earthquake,2011-05-24T18:00:20.976Z,2013-08-28T15:03:00.000Z,172.70123000000000957,-43.57529999999999859,3.70000000000000018,5.75680000000000014,Mw,,GROPE,reviewed,manual,nz1dr,34,29,0,0.00800000000000000,53.00000000000000000,0.14383000000000001,0.00000000000000000
3518405,earthquake,2011-05-24T17:32:45.442Z,2013-08-28T15:03:00.000Z,172.62787000000000148,-43.58984000000000236,3.35400000000000009,6.67809999999999970,ML,,GROPE,reviewed,manual,nz1dr,21,17,9,0.01400000000000000,65.00000000000000000,0.18135000000000001,0.25400000000000000
3518180,earthquake,2011-05-24T06:51:55.113Z,2013-08-28T15:03:00.000Z,172.66742999999999597,-43.59080000000000155,3.40200000000000014,9.51849999999999952,ML,,GROPE,reviewed,manual,nz1dr,18,15,7,0.03500000000000000,101.00000000000000000,0.13235000000000000,0.29299999999999998
3517499,earthquake,2011-05-22T23:06:47.832Z,2013-08-28T15:02:00.000Z,172.85428999999999178,-43.54104999999999848,3.50499999999999989,6.13030000000000008,ML,,GROPE,reviewed,manual,nz1dr,23,20,10,0.09500000000000000,195.00000000000000000,0.16725999999999999,0.15700000000000000
3517169,earthquake,2011-05-22T07:06:47.553Z,2013-08-28T15:01:00.000Z,172.78255999999998949,-43.48570999999999742,3.48099999999999987,7.44840000000000035,ML,,GROPE,reviewed,manual,nz1dr,25,22,16,0.04800000000000000,158.00000000000000000,0.14782000000000001,0.18800000000000000
3516930,earthquake,2011-05-21T19:56:23.223Z,2013-08-28T15:00:00.000Z,172.42904999999998950,-43.58910000000000196,3.69499999999999984,10.29829999999999934,ML,,GROPE,reviewed,manual,nz1dr,25,22,16,0.11899999999999999,95.00000000000000000,0.16370000000000001,0.21600000000000000
3516770,earthquake,2011-05-21T12:21:20.582Z,2013-08-28T15:00:00.000Z,172.71352999999999156,-43.54663999999999646,3.36600000000000010,9.59890000000000043,ML,,GROPE,reviewed,manual,nz1dr,19,15,5,0.05300000000000000,124.00000000000000000,0.11982000000000000,0.27300000000000002
3515376,earthquake,2011-05-19T05:36:00.281Z,2013-08-28T14:58:00.000Z,172.65279000000001020,-43.58881000000000228,3.39000000000000012,10.27289999999999992,ML,,GROPE,reviewed,manual,nz1dr,34,24,9,0.02000000000000000,93.00000000000000000,0.14920000000000000,0.24099999999999999
3515311,earthquake,2011-05-19T02:42:26.658Z,2013-08-28T14:58:00.000Z,172.52054999999998586,-43.60548000000000002,3.69600000000000017,10.64530000000000065,ML,,GROPE,reviewed,manual,nz1dr,35,25,19,0.06400000000000000,85.00000000000000000,0.14580000000000001,0.21199999999999999
3567373,earthquake,2011-05-17T13:17:54.973Z,2013-08-28T15:10:00.000Z,172.18645000000000778,-43.54623000000000133,3.58000000000000007,9.18859999999999921,ML,,GROPE,reviewed,manual,nz1dr,26,17,15,0.08200000000000000,63.00000000000000000,0.27284000000000003,0.18600000000000000
3514154,earthquake,2011-05-17T01:14:43.772Z,2013-08-28T14:57:00.000Z,172.50128000000000839,-43.60479999999999734,3.33300000000000018,5.00000000000000000,ML,operator assigned,GROPE,reviewed,manual,nz1dr,14,10,12,0.09300000000000000,176.00000000000000000,0.15704000000000001,0.19800000000000001
3514140,earthquake,2011-05-17T00:41:56.760Z,2013-08-28T14:57:00.000Z,172.52102999999999611,-43.59861000000000075,3.89500000000000002,6.83140000000000036,ML,,GROPE,reviewed,manual,nz1dr,31,23,23,0.05900000000000000,103.00000000000000000,0.18964000000000000,0.22800000000000001
3513764,earthquake,2011-05-16T11:20:03.620Z,2013-08-28T14:57:00.000Z,172.18144000000000915,-43.60699999999999932,3.38399999999999990,9.14380000000000059,ML,,GROPE,reviewed,manual,nz1dr,14,10,12,0.06300000000000000,79.00000000000000000,0.39095999999999997,0.16500000000000001
3512875,earthquake,2011-05-15T02:51:31.162Z,2013-08-28T14:56:00.000Z,174.08182999999999652,-43.79894999999999783,3.38200000000000012,33.00000000000000000,ML,operator assigned,GROPE,reviewed,manual,nz1dr,10,5,6,1.03899999999999992,250.00000000000000000,0.30059000000000002,0.28799999999999998
3512539,earthquake,2011-05-14T14:40:32.380Z,2013-08-28T14:56:00.000Z,172.85502999999999929,-43.55978000000000350,3.56800000000000006,8.90489999999999959,ML,,GROPE,reviewed,manual,nz1dr,18,12,15,0.06500000000000000,235.00000000000000000,0.14277999999999999,0.20200000000000001
3512533,earthquake,2011-05-14T14:25:03.531Z,2013-08-28T14:56:00.000Z,172.84911999999999921,-43.55469000000000079,3.79999999999999982,8.92130000000000045,Mw,,GROPE,reviewed,manual,nz1dr,20,17,0,0.06300000000000000,233.00000000000000000,0.12384000000000001,0.00000000000000000
3512495,earthquake,2011-05-14T13:01:40.832Z,2013-08-28T14:56:00.000Z,172.35796999999999457,-43.65467000000000297,3.91699999999999982,9.19780000000000086,ML,,GROPE,reviewed,manual,nz1dr,23,18,29,0.03700000000000000,129.00000000000000000,0.19026999999999999,0.24500000000000000
3512376,earthquake,2011-05-14T07:58:37.252Z,2013-08-28T14:56:00.000Z,172.39784000000000219,-43.55521000000000242,3.36200000000000010,5.00000000000000000,ML,operator assigned,GROPE,reviewed,manual,nz1dr,22,16,12,0.13600000000000001,91.00000000000000000,0.23311000000000001,0.12600000000000000
3511861,earthquake,2011-05-13T10:45:48.763Z,2013-08-28T14:55:00.000Z,172.39742000000001099,-43.56586999999999676,3.53200000000000003,5.00000000000000000,ML,operator assigned,GROPE,reviewed,manual,nz1dr,15,13,12,0.14599999999999999,98.00000000000000000,0.21845999999999999,0.15600000000000000
3511375,earthquake,2011-05-12T12:11:36.765Z,2013-08-28T14:55:00.000Z,172.69649999999998613,-43.51706000000000074,3.55500000000000016,10.78979999999999961,ML,,GROPE,reviewed,manual,nz1dr,21,18,16,0.01400000000000000,151.00000000000000000,0.17105000000000001,0.35599999999999998
3510323,earthquake,2011-05-10T12:08:24.665Z,2013-08-28T14:53:00.000Z,172.73428000000001248,-43.54238000000000142,3.79499999999999993,4.67279999999999962,ML,,GROPE,reviewed,manual,nz1dr,33,26,30,0.03000000000000000,141.00000000000000000,0.13433000000000000,0.21900000000000000
3510029,earthquake,2011-05-09T21:09:19.681Z,2013-08-28T14:53:00.000Z,172.39451999999999998,-43.59147999999999712,4.03800000000000026,12.00000000000000000,ML,operator assigned,GROPE,reviewed,manual,nz1dr,26,19,32,0.10199999999999999,91.00000000000000000,0.22667000000000001,0.24900000000000000
3510022,earthquake,2011-05-09T20:46:17.562Z,2013-08-28T14:53:00.000Z,172.40904000000000451,-43.57820000000000249,3.31000000000000005,9.69880000000000031,ML,,GROPE,reviewed,manual,nz1dr,13,11,5,0.11899999999999999,88.00000000000000000,0.10347000000000001,0.27100000000000002
3509996,earthquake,2011-05-09T19:17:01.280Z,2013-08-28T14:53:00.000Z,172.40342999999998597,-43.58162999999999698,3.37199999999999989,9.46570000000000000,ML,,GROPE,reviewed,manual,nz1dr,13,9,9,0.11400000000000000,95.00000000000000000,0.25889000000000001,0.23300000000000001
3509905,earthquake,2011-05-09T15:04:23.319Z,2013-08-28T14:52:00.000Z,172.40540999999998917,-43.59328000000000003,4.90000000000000036,12.00000000000000000,Mw,operator assigned,GROPE,reviewed,manual,nz1dr,51,46,0,0.01800000000000000,84.00000000000000000,0.19969000000000001,0.00000000000000000
3509593,earthquake,2011-05-08T23:52:18.944Z,2013-08-28T14:52:00.000Z,172.40088000000000079,-43.59192999999999785,3.92499999999999982,11.20229999999999926,ML,,GROPE,reviewed,manual,nz1dr,27,19,22,0.10400000000000000,94.00000000000000000,0.24254999999999999,0.25900000000000001
3509067,earthquake,2011-05-07T20:49:56.270Z,2013-08-28T14:51:00.000Z,172.81740999999999531,-43.53990999999999900,3.58300000000000018,7.39569999999999972,ML,,GROPE,reviewed,manual,nz1dr,21,14,15,0.05300000000000000,243.00000000000000000,0.20491000000000001,0.25500000000000000
3508639,earthquake,2011-05-07T01:23:16.071Z,2013-08-28T14:51:00.000Z,172.66500999999999522,-43.59937999999999647,3.79999999999999982,5.20999999999999996,Mw,,GROPE,reviewed,manual,nz1dr,38,34,0,0.01700000000000000,78.00000000000000000,0.20379000000000000,0.00000000000000000
3507853,earthquake,2011-05-05T10:24:25.141Z,2013-08-28T14:49:00.000Z,172.74816999999998757,-43.59232999999999691,3.33800000000000008,6.30640000000000001,ML,,GROPE,reviewed,manual,nz1dr,20,15,8,0.01800000000000000,207.00000000000000000,0.13733000000000001,0.19300000000000000
3507835,earthquake,2011-05-05T09:24:14.060Z,2013-08-28T14:49:00.000Z,172.72626999999999953,-43.57697000000000287,3.51399999999999979,5.00000000000000000,ML,operator assigned,GROPE,reviewed,manual,nz1dr,30,25,11,0.00900000000000000,87.00000000000000000,0.13818000000000000,0.20200000000000001
3507548,earthquake,2011-05-04T20:54:15.590Z,2013-08-28T14:49:00.000Z,172.70844999999999914,-43.52613000000000198,3.79999999999999982,7.41560000000000041,Mw,,GROPE,reviewed,manual,nz1dr,41,34,0,0.01900000000000000,95.00000000000000000,0.13048999999999999,0.00000000000000000
3507368,earthquake,2011-05-04T10:23:58.327Z,2013-08-28T14:49:00.000Z,172.72765999999998598,-43.58008000000000237,3.32299999999999995,5.58990000000000009,ML,,GROPE,reviewed,manual,nz1dr,18,13,11,0.00600000000000000,104.00000000000000000,0.24987999999999999,0.19100000000000000
3505978,earthquake,2011-05-01T14:57:03.003Z,2013-08-28T14:46:00.000Z,172.62170000000000414,-43.58156000000000319,3.67399999999999993,10.81700000000000017,ML,,GROPE,reviewed,manual,nz1dr,40,28,22,0.00500000000000000,38.00000000000000000,0.16017000000000001,0.22500000000000001
3505455,earthquake,2011-04-30T13:19:18.613Z,2013-08-28T12:33:00.000Z,172.66678999999999178,-43.60352999999999923,3.59600000000000009,9.51290000000000013,ML,,GROPE,reviewed,manual,nz1dr,34,28,19,0.01700000000000000,84.00000000000000000,0.17438000000000001,0.27000000000000002
3505099,earthquake,2011-04-29T19:08:04.165Z,2013-08-28T12:32:00.000Z,171.98679000000001338,-43.18424999999999869,4.90000000000000036,10.72180000000000000,Mw,,GROPE,reviewed,manual,nz1dr,40,33,0,0.14799999999999999,79.00000000000000000,0.14391999999999999,0.00000000000000000
3505072,earthquake,2011-04-29T17:48:02.354Z,2013-08-28T12:32:00.000Z,172.42083999999999833,-43.58836000000000155,3.82200000000000006,10.01030000000000086,ML,,GROPE,reviewed,manual,nz1dr,28,23,19,0.03000000000000000,72.00000000000000000,0.17108999999999999,0.20399999999999999
3504434,earthquake,2011-04-29T02:39:05.047Z,2013-08-28T12:31:00.000Z,172.70252999999999588,-43.57193999999999789,3.32500000000000018,6.22689999999999966,ML,,GROPE,reviewed,manual,nz1dr,22,20,7,0.01000000000000000,86.00000000000000000,0.19635000000000000,0.22300000000000000
3503161,earthquake,2011-04-26T14:42:48.821Z,2013-08-28T12:30:00.000Z,172.14821000000000595,-43.45694999999999908,3.87199999999999989,8.47789999999999999,ML,,GROPE,reviewed,manual,nz1dr,24,21,24,0.04800000000000000,44.00000000000000000,0.22555000000000000,0.24500000000000000
3503303,earthquake,2011-04-26T10:08:15.861Z,2013-08-28T12:30:00.000Z,172.72634999999999650,-43.57992000000000132,3.86699999999999999,5.88769999999999971,ML,,GROPE,reviewed,manual,nz1dr,30,22,11,0.00600000000000000,92.00000000000000000,0.11877000000000000,0.24700000000000000
3503064,earthquake,2011-04-26T10:07:46.206Z,2013-08-28T12:29:00.000Z,172.72066000000000940,-43.58379999999999654,4.04199999999999982,7.10360000000000014,ML,,GROPE,reviewed,manual,nz1dr,29,23,16,0.00400000000000000,51.00000000000000000,0.12238000000000000,0.24600000000000000
3502992,earthquake,2011-04-26T07:16:50.548Z,2013-08-28T12:29:00.000Z,172.76537999999999329,-43.58256999999999692,3.89299999999999979,6.90010000000000012,ML,,GROPE,reviewed,manual,nz1dr,33,26,19,0.00400000000000000,158.00000000000000000,0.13710000000000000,0.23100000000000001
3502715,earthquake,2011-04-25T19:19:52.088Z,2013-08-28T12:29:00.000Z,172.72336000000001377,-43.56839999999999691,3.64900000000000002,7.46570000000000000,ML,,GROPE,reviewed,manual,nz1dr,35,25,19,0.01600000000000000,66.00000000000000000,0.21328000000000000,0.20699999999999999
3502103,earthquake,2011-04-24T13:52:03.700Z,2013-08-28T12:28:00.000Z,172.70284000000000901,-43.58120000000000260,3.41400000000000015,6.06020000000000003,ML,,GROPE,reviewed,manual,nz1dr,23,18,10,0.00500000000000000,71.00000000000000000,0.20668000000000000,0.17199999999999999
3501998,earthquake,2011-04-24T08:51:01.274Z,2013-08-28T12:28:00.000Z,172.49698000000000775,-43.61596999999999724,3.89999999999999991,7.84170000000000034,Mw,,GROPE,reviewed,manual,nz1dr,36,32,0,0.02300000000000000,81.00000000000000000,0.17616999999999999,0.00000000000000000
3501828,earthquake,2011-04-24T00:14:01.400Z,2013-08-28T12:28:00.000Z,172.42733999999998673,-43.57278000000000162,3.61799999999999988,8.56610000000000049,ML,,GROPE,reviewed,manual,nz1dr,18,10,18,0.13100000000000001,88.00000000000000000,0.26534000000000002,0.21299999999999999
3501150,earthquake,2011-04-22T15:23:16.730Z,2013-08-28T12:27:00.000Z,172.70514000000000010,-43.58003999999999678,3.39100000000000001,4.92269999999999985,ML,,GROPE,reviewed,manual,nz1dr,26,16,9,0.00300000000000000,83.00000000000000000,0.19145999999999999,0.18500000000000000
3501014,earthquake,2011-04-22T08:48:03.381Z,2013-08-28T12:27:00.000Z,172.62436999999999898,-43.58144000000000062,3.35000000000000009,9.66990000000000016,ML,,GROPE,reviewed,manual,nz1dr,16,12,8,0.00500000000000000,133.00000000000000000,0.17524999999999999,0.28899999999999998
3500962,earthquake,2011-04-22T06:07:44.641Z,2013-08-28T12:27:00.000Z,172.69901999999999020,-43.56897000000000020,3.40799999999999992,9.31879999999999953,ML,,GROPE,reviewed,manual,nz1dr,27,21,11,0.01400000000000000,80.00000000000000000,0.16023000000000001,0.24800000000000000
3500009,earthquake,2011-04-20T08:11:02.663Z,2013-08-28T12:25:00.000Z,172.74656999999999130,-43.58324999999999960,3.67799999999999994,8.28410000000000046,ML,,GROPE,reviewed,manual,nz1dr,38,24,17,0.01400000000000000,129.00000000000000000,0.19463000000000000,0.23499999999999999
3499813,earthquake,2011-04-19T23:13:05.821Z,2013-08-28T12:25:00.000Z,172.80773999999999546,-43.56146999999999991,3.80799999999999983,7.45040000000000013,ML,,GROPE,reviewed,manual,nz1dr,26,17,16,0.03300000000000000,224.00000000000000000,0.17907999999999999,0.22600000000000001
3499340,earthquake,2011-04-19T01:31:28.850Z,2013-08-28T12:24:00.000Z,172.76553000000001248,-43.53078000000000003,3.79999999999999982,8.17309999999999981,Mw,,GROPE,reviewed,manual,nz1dr,34,27,0,0.03300000000000000,151.00000000000000000,0.18275000000000000,0.00000000000000000
3498959,earthquake,2011-04-18T06:44:31.373Z,2013-08-28T12:23:00.000Z,172.02826999999999202,-43.23828999999999922,3.33099999999999996,10.35149999999999970,ML,,GROPE,reviewed,manual,nz1dr,23,16,8,0.08900000000000000,89.00000000000000000,0.11691000000000000,0.25400000000000000
3498728,earthquake,2011-04-17T21:03:43.338Z,2013-08-28T12:23:00.000Z,172.38471999999998729,-43.54366000000000270,3.43000000000000016,12.00000000000000000,ML,operator assigned,GROPE,reviewed,manual,nz1dr,19,14,14,0.12200000000000000,97.00000000000000000,0.19469000000000000,0.17699999999999999
3498514,earthquake,2011-04-17T11:05:04.407Z,2013-08-28T12:23:00.000Z,172.63092000000000326,-43.57469999999999999,3.40499999999999980,9.45049999999999990,ML,,GROPE,reviewed,manual,nz1dr,25,19,10,0.00600000000000000,63.00000000000000000,0.17954999999999999,0.29599999999999999
3498134,earthquake,2011-04-16T18:12:04.340Z,2013-08-28T12:22:00.000Z,172.61652000000000839,-43.58328000000000202,3.47400000000000020,7.95300000000000029,ML,,GROPE,reviewed,manual,nz1dr,33,23,13,0.00800000000000000,51.00000000000000000,0.14465000000000000,0.20399999999999999
3497920,earthquake,2011-04-16T08:40:42.973Z,2013-08-28T12:22:00.000Z,172.75522000000000844,-43.59622999999999848,3.70000000000000018,9.47700000000000031,Mw,,GROPE,reviewed,manual,nz1dr,31,22,0,0.02000000000000000,179.00000000000000000,0.22287000000000001,0.00000000000000000
3497861,earthquake,2011-04-16T05:59:03.247Z,2013-08-28T12:22:00.000Z,172.76982000000000994,-43.59472999999999843,3.35000000000000009,9.47620000000000040,ML,,GROPE,reviewed,manual,nz1dr,21,15,10,0.02900000000000000,191.00000000000000000,0.22439000000000001,0.20000000000000001
3497860,earthquake,2011-04-16T05:55:37.532Z,2013-08-28T12:22:00.000Z,172.74103999999999814,-43.58391000000000304,3.65499999999999980,6.98209999999999997,ML,,GROPE,reviewed,manual,nz1dr,20,15,5,0.01200000000000000,127.00000000000000000,0.17999999999999999,0.30199999999999999
3497857,earthquake,2011-04-16T05:49:22.715Z,2013-08-28T12:22:00.000Z,172.75789000000000328,-43.59924000000000177,5.00000000000000000,8.95839999999999925,Mw,,GROPE,reviewed,manual,nz1dr,41,32,0,0.02100000000000000,190.00000000000000000,0.17498000000000000,0.00000000000000000
3497641,earthquake,2011-04-15T19:41:30.805Z,2013-08-28T12:21:00.000Z,172.74003999999999337,-43.58440000000000225,3.72100000000000009,8.68529999999999980,ML,,GROPE,reviewed,manual,nz1dr,35,24,13,0.01100000000000000,125.00000000000000000,0.12421000000000000,0.20399999999999999
3496544,earthquake,2011-04-13T17:39:08.303Z,2013-08-28T12:20:00.000Z,172.10156000000000631,-43.20940999999999832,3.59699999999999998,8.21950000000000003,ML,,GROPE,reviewed,manual,nz1dr,21,18,18,0.12700000000000000,73.00000000000000000,0.16008000000000000,0.20100000000000001
3495897,earthquake,2011-04-12T09:36:28.890Z,2013-08-28T12:19:00.000Z,173.54751999999999157,-42.44335000000000235,3.61699999999999999,52.37610000000000099,ML,,GROPE,reviewed,manual,nz1dr,33,29,24,0.02800000000000000,151.00000000000000000,0.15734000000000001,0.25100000000000000
3495305,earthquake,2011-04-11T06:10:15.650Z,2013-08-28T12:18:00.000Z,172.38731000000001359,-43.55250999999999806,3.68400000000000016,5.00000000000000000,ML,operator assigned,GROPE,reviewed,manual,nz1dr,18,13,19,0.13200000000000001,73.00000000000000000,0.22280000000000000,0.18900000000000000
3494468,earthquake,2011-04-09T16:33:45.508Z,2013-08-28T12:17:00.000Z,172.81095999999999435,-43.53484000000000265,3.53699999999999992,6.83439999999999959,ML,,GROPE,reviewed,manual,nz1dr,26,21,16,0.05400000000000000,170.00000000000000000,0.20257000000000000,0.18099999999999999
3493639,earthquake,2011-04-08T01:05:17.541Z,2013-08-28T12:15:00.000Z,172.73501999999999157,-43.59114999999999895,3.44099999999999984,8.83629999999999960,ML,,GROPE,reviewed,manual,nz1dr,27,19,11,0.00800000000000000,140.00000000000000000,0.15883000000000000,0.21199999999999999
3493408,earthquake,2011-04-07T15:12:04.573Z,2013-08-28T12:15:00.000Z,172.63515000000001010,-43.59564999999999912,3.64400000000000013,7.46379999999999999,ML,,GROPE,reviewed,manual,nz1dr,24,19,16,0.01400000000000000,69.00000000000000000,0.20436000000000001,0.20699999999999999
3493402,earthquake,2011-04-07T14:57:13.032Z,2013-08-28T12:15:00.000Z,172.74218999999999369,-43.56638999999999839,3.32299999999999995,8.03209999999999980,ML,,GROPE,reviewed,manual,nz1dr,26,18,10,0.00700000000000000,90.00000000000000000,0.23355999999999999,0.26500000000000001
3492811,earthquake,2011-04-06T15:57:15.458Z,2013-08-28T12:14:00.000Z,172.71190000000001419,-43.52631999999999834,3.70000000000000018,9.88310000000000066,Mw,,GROPE,reviewed,manual,nz1dr,50,32,0,0.02100000000000000,104.00000000000000000,0.20194000000000001,0.00000000000000000
3491938,earthquake,2011-04-05T00:25:52.672Z,2013-08-28T12:13:00.000Z,172.65207000000000903,-43.58823999999999899,3.42600000000000016,6.25860000000000039,ML,,GROPE,reviewed,manual,nz1dr,27,18,12,0.02100000000000000,99.00000000000000000,0.19972999999999999,0.23499999999999999
3491612,earthquake,2011-04-04T09:11:51.272Z,2013-08-28T12:13:00.000Z,172.71184999999999832,-43.57836999999999961,3.30799999999999983,7.33619999999999983,ML,,GROPE,reviewed,manual,nz1dr,28,22,9,0.00300000000000000,69.00000000000000000,0.19602000000000000,0.17199999999999999
3491441,earthquake,2011-04-04T02:23:42.540Z,2013-08-28T12:13:00.000Z,172.77013999999999783,-43.55503000000000213,3.70000000000000018,9.46010000000000062,Mw,,GROPE,reviewed,manual,nz1dr,45,31,0,0.02000000000000000,136.00000000000000000,0.17576000000000000,0.00000000000000000
3491416,earthquake,2011-04-04T01:31:13.256Z,2013-08-28T12:13:00.000Z,169.94002000000000407,-44.31331000000000131,3.35599999999999987,12.00000000000000000,ML,operator assigned,GROPE,reviewed,manual,nz1dr,14,12,12,0.19000000000000000,67.00000000000000000,0.28915999999999997,0.21900000000000000
3491399,earthquake,2011-04-04T00:46:59.999Z,2013-08-28T12:13:00.000Z,172.71424999999999272,-43.53638999999999726,3.36699999999999999,6.27749999999999986,ML,,GROPE,reviewed,manual,nz1dr,19,13,13,0.02500000000000000,112.00000000000000000,0.28225000000000000,0.15400000000000000
3490352,earthquake,2011-04-01T22:21:03.926Z,2013-08-28T12:12:00.000Z,172.64554999999998586,-43.59078000000000230,3.70000000000000018,5.00000000000000000,Mw,operator assigned,GROPE,reviewed,manual,nz1dr,21,19,0,0.01800000000000000,66.00000000000000000,0.22584000000000001,0.00000000000000000
3490039,earthquake,2011-04-01T07:02:02.174Z,2013-08-28T12:11:00.000Z,172.70142000000001303,-43.56891999999999854,3.31300000000000017,9.14799999999999969,ML,,GROPE,reviewed,manual,nz1dr,21,17,7,0.01300000000000000,127.00000000000000000,0.21819000000000000,0.31800000000000000
3489759,earthquake,2011-03-31T17:54:35.494Z,2013-08-21T16:47:00.000Z,172.70817999999999870,-43.58355999999999852,3.54700000000000015,7.12450000000000028,ML,,GROPE,reviewed,manual,nz1dr,22,16,14,0.00300000000000000,69.00000000000000000,0.18890999999999999,0.18500000000000000
3489751,earthquake,2011-03-31T17:28:03.265Z,2013-08-21T16:47:00.000Z,172.65984000000000265,-43.59107999999999805,3.78399999999999981,5.31989999999999963,ML,,GROPE,reviewed,manual,nz1dr,21,17,20,0.02100000000000000,107.00000000000000000,0.28315000000000001,0.27200000000000002
3488798,earthquake,2011-03-30T11:53:57.823Z,2013-08-21T16:47:00.000Z,172.73401000000001204,-43.54137000000000057,3.73799999999999999,8.53950000000000031,ML,,GROPE,reviewed,manual,nz1dr,37,30,22,0.03100000000000000,109.00000000000000000,0.17671999999999999,0.25800000000000001
3488713,earthquake,2011-03-30T07:40:25.900Z,2013-08-21T16:46:00.000Z,172.17336000000000240,-43.53923999999999950,3.89999999999999991,9.59500000000000064,Mw,,GROPE,reviewed,manual,nz1dr,23,19,0,0.07099999999999999,99.00000000000000000,0.23080999999999999,0.00000000000000000
3488262,earthquake,2011-03-29T10:09:45.996Z,2013-08-21T16:46:00.000Z,172.26227000000000089,-43.62501000000000317,3.34200000000000008,7.50790000000000024,ML,,GROPE,reviewed,manual,nz1dr,16,10,12,0.06500000000000000,122.00000000000000000,0.27407999999999999,0.16100000000000000
3486348,earthquake,2011-03-27T09:41:13.405Z,2013-08-21T16:45:00.000Z,171.87886000000000308,-43.43352000000000146,3.87599999999999989,8.99849999999999994,ML,,GROPE,reviewed,manual,nz1dr,16,13,22,0.10100000000000001,104.00000000000000000,0.24834999999999999,0.22500000000000001
3485729,earthquake,2011-03-26T04:29:03.103Z,2013-08-21T16:44:00.000Z,172.88715999999999440,-43.57249999999999801,3.78699999999999992,9.84040000000000070,ML,,GROPE,reviewed,manual,nz1dr,35,22,23,0.08500000000000001,200.00000000000000000,0.17127000000000001,0.20799999999999999
3485713,earthquake,2011-03-26T03:51:22.929Z,2013-08-21T16:44:00.000Z,172.73996999999999957,-43.55541999999999803,3.43599999999999994,7.67870000000000008,ML,,GROPE,reviewed,manual,nz1dr,45,30,9,0.01600000000000000,97.00000000000000000,0.19630000000000000,0.23400000000000001
3485418,earthquake,2011-03-25T13:11:35.866Z,2013-08-21T16:43:00.000Z,172.76342999999999961,-43.48340000000000316,3.89999999999999991,11.02650000000000041,Mw,,GROPE,reviewed,manual,nz1dr,25,20,0,0.03400000000000000,130.00000000000000000,0.13907000000000000,0.00000000000000000
3485309,earthquake,2011-03-25T07:25:13.990Z,2013-08-21T16:43:00.000Z,172.51201000000000363,-43.59696999999999889,3.34600000000000009,5.00000000000000000,ML,operator assigned,GROPE,reviewed,manual,nz1dr,14,10,9,0.08699999999999999,85.00000000000000000,0.16847999999999999,0.15400000000000000
3484597,earthquake,2011-03-24T11:03:59.554Z,2013-08-21T16:42:00.000Z,172.67867000000001099,-43.59064000000000050,3.99299999999999988,10.02999999999999936,ML,,GROPE,reviewed,manual,nz1dr,38,26,28,0.02400000000000000,62.00000000000000000,0.14443000000000000,0.27700000000000002
3484548,earthquake,2011-03-24T08:24:33.044Z,2013-08-21T16:42:00.000Z,172.72121000000001345,-43.59387999999999863,3.67099999999999982,8.55700000000000038,ML,,GROPE,reviewed,manual,nz1dr,37,23,16,0.01500000000000000,102.00000000000000000,0.16388000000000000,0.19800000000000001
3484493,earthquake,2011-03-24T05:25:27.267Z,2013-08-21T16:42:00.000Z,172.67911000000000854,-43.58384999999999820,3.41100000000000003,3.81079999999999997,ML,,GROPE,reviewed,manual,nz1dr,35,19,9,0.02200000000000000,60.00000000000000000,0.23819000000000001,0.20399999999999999
3482749,earthquake,2011-03-22T20:06:21.293Z,2013-08-21T16:41:00.000Z,172.76447999999999183,-43.56624000000000052,3.56499999999999995,5.00000000000000000,ML,operator assigned,GROPE,reviewed,manual,nz1dr,20,13,17,0.01100000000000000,188.00000000000000000,0.18615000000000001,0.21500000000000000
3481489,earthquake,2011-03-20T08:47:40.788Z,2013-08-21T16:39:00.000Z,172.70059000000000538,-43.51698999999999984,4.50000000000000000,11.64899999999999913,Mw,,GROPE,reviewed,manual,nz1dr,47,38,0,0.01400000000000000,71.00000000000000000,0.18103000000000000,0.00000000000000000
3481316,earthquake,2011-03-20T00:39:22.175Z,2013-08-21T16:39:00.000Z,169.96943999999999164,-44.28940000000000055,4.38999999999999968,5.00000000000000000,ML,operator assigned,GROPE,reviewed,manual,nz1dr,20,13,24,0.18300000000000000,113.00000000000000000,0.21900000000000000,0.25100000000000000
3481318,earthquake,2011-03-20T00:34:58.444Z,2013-08-21T16:39:00.000Z,169.92006000000000654,-44.32300999999999647,4.22799999999999976,5.00000000000000000,ML,operator assigned,GROPE,reviewed,manual,nz1dr,26,15,21,0.20000000000000001,67.00000000000000000,0.22777000000000000,0.24399999999999999
3481313,earthquake,2011-03-20T00:33:54.598Z,2013-08-21T16:39:00.000Z,169.93621999999999161,-44.34841999999999729,4.00000000000000000,5.00000000000000000,Mw,operator assigned,GROPE,reviewed,manual,nz1dr,25,20,0,0.14799999999999999,66.00000000000000000,0.20827000000000001,0.00000000000000000
3481306,earthquake,2011-03-20T00:10:22.158Z,2013-08-21T16:39:00.000Z,169.89751000000001113,-44.29314000000000107,4.29999999999999982,5.00000000000000000,Mw,operator assigned,GROPE,reviewed,manual,nz1dr,33,21,0,0.14899999999999999,70.00000000000000000,0.24856000000000000,0.00000000000000000
3480955,earthquake,2011-03-19T07:24:46.569Z,2013-08-21T16:38:00.000Z,172.65307999999998856,-43.58077999999999719,3.44499999999999984,3.67969999999999997,ML,,GROPE,reviewed,manual,nz1dr,16,13,6,0.02200000000000000,89.00000000000000000,0.14838999999999999,0.21099999999999999
3480475,earthquake,2011-03-18T07:59:05.057Z,2013-08-21T16:38:00.000Z,172.64379999999999882,-43.58688999999999680,3.74699999999999989,6.75870000000000015,ML,,GROPE,reviewed,manual,nz1dr,30,24,18,0.01800000000000000,63.00000000000000000,0.19123000000000001,0.28100000000000003
3480323,earthquake,2011-03-18T01:07:46.482Z,2013-08-21T16:37:00.000Z,172.61753999999999110,-43.57173000000000229,3.33599999999999985,5.00000000000000000,ML,operator assigned,GROPE,reviewed,manual,nz1dr,21,15,6,0.00600000000000000,52.00000000000000000,0.13111999999999999,0.33600000000000002
3480254,earthquake,2011-03-17T22:18:47.324Z,2013-08-21T16:37:00.000Z,172.68987999999998806,-43.56842000000000326,3.35300000000000020,8.21850000000000058,ML,,GROPE,reviewed,manual,nz1dr,17,11,10,0.01900000000000000,98.00000000000000000,0.17448000000000000,0.23899999999999999
3479124,earthquake,2011-03-15T13:57:58.985Z,2013-08-21T16:35:00.000Z,172.48686000000000718,-43.61110000000000042,3.74600000000000000,6.74640000000000040,ML,,GROPE,reviewed,manual,nz1dr,28,15,25,0.08200000000000000,113.00000000000000000,0.18489000000000000,0.21099999999999999
3479122,earthquake,2011-03-15T13:50:11.970Z,2013-08-21T16:35:00.000Z,172.74604999999999677,-43.52541999999999689,3.40799999999999992,5.17630000000000035,ML,,GROPE,reviewed,manual,nz1dr,35,15,13,0.02000000000000000,173.00000000000000000,0.25644000000000000,0.22700000000000001
3478461,earthquake,2011-03-14T07:29:27.870Z,2013-08-21T16:34:00.000Z,172.72505000000001019,-43.57934999999999803,3.87400000000000011,8.64339999999999975,ML,,GROPE,reviewed,manual,nz1dr,43,25,24,0.01200000000000000,58.00000000000000000,0.15215000000000001,0.27900000000000003
3478149,earthquake,2011-03-13T16:14:14.260Z,2013-08-21T16:33:00.000Z,172.84301999999999566,-43.54276000000000124,4.20000000000000018,8.34570000000000078,Mw,,GROPE,reviewed,manual,nz1dr,29,16,0,0.06500000000000000,191.00000000000000000,0.21575000000000000,0.00000000000000000
3477969,earthquake,2011-03-13T06:55:35.919Z,2013-08-21T16:33:00.000Z,172.13605999999998630,-43.60497999999999763,3.44200000000000017,6.39639999999999986,ML,,GROPE,reviewed,manual,nz1dr,22,15,20,0.03800000000000000,96.00000000000000000,0.14768999999999999,0.15900000000000000
3477587,earthquake,2011-03-12T11:46:21.517Z,2013-08-21T16:32:00.000Z,172.62954999999999472,-43.58596000000000004,3.76600000000000001,6.85350000000000037,ML,,GROPE,reviewed,manual,nz1dr,39,29,24,0.01100000000000000,55.00000000000000000,0.16453000000000001,0.24700000000000000
3477509,earthquake,2011-03-12T07:58:38.096Z,2013-08-21T16:32:00.000Z,172.72800000000000864,-43.57757000000000147,3.33899999999999997,8.14470000000000027,ML,,GROPE,reviewed,manual,nz1dr,31,21,12,0.01500000000000000,46.00000000000000000,0.14604000000000000,0.17299999999999999
3477465,earthquake,2011-03-12T05:54:48.171Z,2013-08-21T16:32:00.000Z,172.74258000000000379,-43.62154000000000309,4.05799999999999983,8.49820000000000064,ML,,GROPE,reviewed,manual,nz1dr,54,29,38,0.01800000000000000,89.00000000000000000,0.20094000000000001,0.30099999999999999
3477154,earthquake,2011-03-11T13:37:10.228Z,2013-08-21T16:31:00.000Z,172.72064000000000306,-43.59279000000000082,4.11800000000000033,9.32680000000000042,ML,,GROPE,reviewed,manual,nz1dr,35,23,37,0.01400000000000000,84.00000000000000000,0.16839999999999999,0.30599999999999999
3477049,earthquake,2011-03-11T08:33:11.997Z,2013-08-21T16:31:00.000Z,172.63230999999998971,-43.58395999999999759,3.58199999999999985,3.11370000000000013,ML,,GROPE,reviewed,manual,nz1dr,24,16,11,0.01000000000000000,81.00000000000000000,0.19972999999999999,0.30099999999999999
3476966,earthquake,2011-03-11T04:23:43.804Z,2013-08-21T16:30:00.000Z,172.57528999999999542,-43.61366999999999905,3.37000000000000011,4.40369999999999973,ML,,GROPE,reviewed,manual,nz1dr,27,15,12,0.03500000000000000,99.00000000000000000,0.15032000000000001,0.23699999999999999
3476923,earthquake,2011-03-11T02:15:56.389Z,2013-08-21T16:30:00.000Z,172.80549999999999500,-43.55931000000000353,3.52300000000000013,10.21330000000000027,ML,,GROPE,reviewed,manual,nz1dr,28,16,19,0.03300000000000000,180.00000000000000000,0.18973999999999999,0.20200000000000001
3476706,earthquake,2011-03-10T17:11:23.737Z,2013-08-21T16:29:00.000Z,172.80649999999999977,-43.52700000000000102,3.87100000000000000,6.93960000000000043,ML,,GROPE,reviewed,manual,nz1dr,32,19,30,0.05800000000000000,185.00000000000000000,0.18959000000000001,0.22700000000000001
3476658,earthquake,2011-03-10T15:00:39.831Z,2013-08-21T16:29:00.000Z,172.72339999999999804,-43.57883999999999958,3.70000000000000018,4.37410000000000032,Mw,,GROPE,reviewed,manual,nz1dr,33,23,0,0.01100000000000000,48.00000000000000000,0.10488000000000000,0.00000000000000000
3476623,earthquake,2011-03-10T13:04:36.297Z,2013-08-21T16:29:00.000Z,172.75121999999998934,-43.57175999999999760,3.37000000000000011,8.39329999999999998,ML,,GROPE,reviewed,manual,nz1dr,21,12,7,0.01600000000000000,134.00000000000000000,0.12897000000000000,0.28899999999999998
3476510,earthquake,2011-03-10T07:07:11.096Z,2013-08-21T16:29:00.000Z,172.71184999999999832,-43.54290000000000305,4.29999999999999982,7.48010000000000019,Mw,,GROPE,reviewed,manual,nz1dr,38,27,0,0.02600000000000000,109.00000000000000000,0.17297999999999999,0.00000000000000000
3476370,earthquake,2011-03-10T00:05:32.117Z,2013-08-21T16:28:00.000Z,172.67595000000000027,-43.56284999999999741,3.65099999999999980,5.00000000000000000,ML,operator assigned,GROPE,reviewed,manual,nz1dr,29,18,21,0.03000000000000000,96.00000000000000000,0.16975999999999999,0.25600000000000001
3476154,earthquake,2011-03-09T13:50:36.973Z,2013-08-21T16:28:00.000Z,173.92078000000000770,-42.37187999999999732,3.38799999999999990,18.61700000000000088,ML,,GROPE,reviewed,manual,nz1dr,37,26,17,0.28499999999999998,160.00000000000000000,0.20255999999999999,0.19300000000000000
3476153,earthquake,2011-03-09T13:48:37.607Z,2013-08-21T16:28:00.000Z,172.63362000000000762,-43.57735999999999876,3.60000000000000009,7.73120000000000029,Mw,,GROPE,reviewed,manual,nz1dr,33,22,0,0.00800000000000000,58.00000000000000000,0.22739999999999999,0.00000000000000000
3476132,earthquake,2011-03-09T12:48:49.518Z,2013-08-21T16:28:00.000Z,172.62483000000000288,-43.57262000000000057,3.65399999999999991,7.81899999999999995,ML,,GROPE,reviewed,manual,nz1dr,27,18,19,0.00400000000000000,84.00000000000000000,0.15978999999999999,0.24299999999999999
3476072,earthquake,2011-03-09T09:46:52.402Z,2013-08-21T16:28:00.000Z,172.72016999999999598,-43.57950999999999908,3.30799999999999983,7.15310000000000024,ML,,GROPE,reviewed,manual,nz1dr,23,13,10,0.00800000000000000,109.00000000000000000,0.19819999999999999,0.23200000000000001
3476066,earthquake,2011-03-09T09:29:51.439Z,2013-08-21T16:28:00.000Z,172.69531000000000631,-43.54561999999999955,3.36900000000000022,8.73160000000000025,ML,,GROPE,reviewed,manual,nz1dr,22,13,9,0.03700000000000000,152.00000000000000000,0.17504000000000000,0.20699999999999999
3476046,earthquake,2011-03-09T08:35:59.349Z,2013-08-21T16:28:00.000Z,172.70580000000001064,-43.54852999999999952,3.66699999999999982,7.94069999999999965,ML,,GROPE,reviewed,manual,nz1dr,30,18,20,0.02700000000000000,99.00000000000000000,0.17149000000000000,0.27300000000000002
3475927,earthquake,2011-03-09T02:54:40.337Z,2013-08-21T16:27:00.000Z,172.69524000000001251,-43.54793000000000092,3.34699999999999998,7.83509999999999973,ML,,GROPE,reviewed,manual,nz1dr,23,16,12,0.02200000000000000,86.00000000000000000,0.16022000000000000,0.23100000000000001
3475871,earthquake,2011-03-09T00:18:55.441Z,2013-08-21T16:27:00.000Z,172.63857999999999038,-43.56754000000000104,3.79999999999999982,5.21089999999999964,Mw,,GROPE,reviewed,manual,nz1dr,29,22,0,0.01100000000000000,58.00000000000000000,0.18559999999999999,0.00000000000000000
3475772,earthquake,2011-03-08T20:25:03.794Z,2013-08-21T16:27:00.000Z,172.69277999999999906,-43.55266999999999911,3.45199999999999996,5.38499999999999979,ML,,GROPE,reviewed,manual,nz1dr,25,16,12,0.02600000000000000,90.00000000000000000,0.17554000000000000,0.20799999999999999
3475605,earthquake,2011-03-08T11:56:40.242Z,2013-08-21T16:27:00.000Z,172.63541000000000736,-43.60840999999999923,3.68999999999999995,9.34909999999999997,ML,,GROPE,reviewed,manual,nz1dr,30,18,25,0.00700000000000000,59.00000000000000000,0.13217000000000001,0.23599999999999999
3475554,earthquake,2011-03-08T09:44:12.202Z,2013-08-21T16:26:00.000Z,172.16658000000001039,-43.49392000000000280,3.58800000000000008,9.83070000000000022,ML,,GROPE,reviewed,manual,nz1dr,22,19,21,0.04700000000000000,66.00000000000000000,0.17341000000000001,0.26900000000000002
3475540,earthquake,2011-03-08T09:03:03.623Z,2013-08-21T16:26:00.000Z,172.62839999999999918,-43.58570999999999884,3.89999999999999991,6.64480000000000004,Mw,,GROPE,reviewed,manual,nz1dr,37,25,0,0.01000000000000000,52.00000000000000000,0.23079000000000000,0.00000000000000000
3475426,earthquake,2011-03-08T03:40:41.611Z,2013-08-21T16:26:00.000Z,172.69406000000000745,-43.54601000000000255,3.54700000000000015,8.21439999999999948,ML,,GROPE,reviewed,manual,nz1dr,23,15,12,0.03700000000000000,86.00000000000000000,0.16369000000000000,0.28499999999999998
3475389,earthquake,2011-03-08T01:47:34.166Z,2013-08-21T16:26:00.000Z,172.68752000000000635,-43.61496999999999957,3.79300000000000015,11.42050000000000054,ML,,GROPE,reviewed,manual,nz1dr,38,21,21,0.02800000000000000,51.00000000000000000,0.13772999999999999,0.29699999999999999
3475302,earthquake,2011-03-07T21:09:34.810Z,2013-08-21T16:25:00.000Z,172.43712999999999624,-43.64856000000000336,3.71399999999999997,10.20330000000000048,ML,,GROPE,reviewed,manual,nz1dr,26,16,19,0.09100000000000000,137.00000000000000000,0.12819000000000000,0.19400000000000001
3475246,earthquake,2011-03-07T18:30:13.544Z,2013-08-21T16:25:00.000Z,172.73116999999999166,-43.54941999999999780,3.35000000000000009,7.27629999999999999,ML,,GROPE,reviewed,manual,nz1dr,23,13,11,0.02500000000000000,167.00000000000000000,0.18031000000000000,0.25300000000000000
3475164,earthquake,2011-03-07T14:01:55.661Z,2013-08-21T16:25:00.000Z,172.63632000000001199,-43.58605000000000018,3.53200000000000003,3.75930000000000009,ML,,GROPE,reviewed,manual,nz1dr,26,18,14,0.01400000000000000,75.00000000000000000,0.18415999999999999,0.24399999999999999
3475108,earthquake,2011-03-07T10:53:20.647Z,2013-08-21T16:25:00.000Z,172.74796000000000618,-43.55169000000000068,3.30699999999999994,9.93989999999999974,ML,,GROPE,reviewed,manual,nz1dr,20,11,8,0.02600000000000000,185.00000000000000000,0.09229000000000000,0.13000000000000000
3475099,earthquake,2011-03-07T10:26:45.809Z,2013-08-21T16:25:00.000Z,172.75130999999998949,-43.55537000000000347,3.89999999999999991,9.99160000000000004,Mw,,GROPE,reviewed,manual,nz1dr,41,26,0,0.01400000000000000,162.00000000000000000,0.16821000000000000,0.00000000000000000
3474870,earthquake,2011-03-06T23:42:03.073Z,2013-08-21T16:24:00.000Z,172.51247000000000753,-43.60074000000000183,3.41400000000000015,6.22869999999999990,ML,,GROPE,reviewed,manual,nz1dr,25,14,13,0.05700000000000000,127.00000000000000000,0.14868000000000001,0.18600000000000000
3474836,earthquake,2011-03-06T21:55:07.247Z,2013-08-21T16:24:00.000Z,172.08129999999999882,-43.20206000000000301,3.54000000000000004,5.00000000000000000,ML,operator assigned,GROPE,reviewed,manual,nz1dr,19,16,14,0.12900000000000000,69.00000000000000000,0.26884000000000002,0.27100000000000002
3474649,earthquake,2011-03-06T12:45:14.898Z,2013-08-21T16:23:00.000Z,171.85062999999999533,-43.59573000000000320,3.45999999999999996,2.00000000000000000,ML,operator assigned,GROPE,reviewed,manual,nz1dr,16,11,19,0.30099999999999999,153.00000000000000000,0.17169000000000001,0.18700000000000000
3474560,earthquake,2011-03-06T08:13:34.432Z,2013-08-21T16:23:00.000Z,172.20905999999999381,-43.53629999999999711,3.39699999999999980,9.43319999999999936,ML,,GROPE,reviewed,manual,nz1dr,30,18,17,0.09000000000000000,88.00000000000000000,0.25117000000000000,0.17699999999999999
3474473,earthquake,2011-03-06T03:43:33.682Z,2013-08-21T16:23:00.000Z,173.86292000000000257,-42.34114000000000289,4.70000000000000018,19.74380000000000024,Mw,,GROPE,reviewed,manual,nz1dr,42,37,0,0.15900000000000000,150.00000000000000000,0.26396999999999998,0.00000000000000000
3474455,earthquake,2011-03-06T02:45:25.938Z,2013-08-21T16:23:00.000Z,172.61913999999998737,-43.58104999999999762,3.32399999999999984,8.89949999999999974,ML,,GROPE,reviewed,manual,nz1dr,26,13,10,0.00500000000000000,64.00000000000000000,0.15595999999999999,0.18200000000000000
3474338,earthquake,2011-03-05T20:00:16.653Z,2013-08-21T16:23:00.000Z,172.70560000000000400,-43.54171000000000191,3.64800000000000013,8.19909999999999961,ML,,GROPE,reviewed,manual,nz1dr,54,22,16,0.02200000000000000,100.00000000000000000,0.15848000000000001,0.25300000000000000
3474155,earthquake,2011-03-05T10:00:37.185Z,2013-08-21T16:22:00.000Z,172.71476999999998725,-43.54695999999999856,3.72199999999999998,9.38380000000000081,ML,,GROPE,reviewed,manual,nz1dr,57,30,22,0.03000000000000000,101.00000000000000000,0.15897000000000000,0.27700000000000002
3474151,earthquake,2011-03-05T09:45:39.525Z,2013-08-21T16:22:00.000Z,172.73366999999998939,-43.57025999999999755,3.64699999999999980,7.45509999999999984,ML,,GROPE,reviewed,manual,nz1dr,69,27,17,0.01200000000000000,50.00000000000000000,0.16850000000000001,0.29599999999999999
3474118,earthquake,2011-03-05T07:54:45.095Z,2013-08-21T16:22:00.000Z,172.75577999999998724,-43.53972999999999871,3.75899999999999990,6.97130000000000027,ML,,GROPE,reviewed,manual,nz1dr,44,21,23,0.03000000000000000,121.00000000000000000,0.18901999999999999,0.26200000000000001
3474093,earthquake,2011-03-05T06:34:02.799Z,2013-08-21T16:22:00.000Z,172.72443999999998709,-43.54793000000000092,4.59999999999999964,9.74789999999999957,Mw,,GROPE,reviewed,manual,nz1dr,102,44,0,0.02900000000000000,90.00000000000000000,0.21149000000000001,0.00000000000000000
3474036,earthquake,2011-03-05T03:39:31.628Z,2013-08-21T16:22:00.000Z,172.71308999999999401,-43.57641999999999882,3.91900000000000004,7.90460000000000029,ML,,GROPE,reviewed,manual,nz1dr,73,29,25,0.02600000000000000,48.00000000000000000,0.17047999999999999,0.28100000000000003
3473999,earthquake,2011-03-05T01:29:42.774Z,2013-08-21T16:22:00.000Z,172.49172999999998979,-43.60276999999999958,3.53699999999999992,5.00000000000000000,ML,operator assigned,GROPE,reviewed,manual,nz1dr,53,22,19,0.05300000000000000,86.00000000000000000,0.18098000000000000,0.18300000000000000
3473979,earthquake,2011-03-05T00:19:34.593Z,2013-08-21T16:22:00.000Z,172.48122000000000753,-43.60819999999999652,3.42300000000000004,2.00000000000000000,ML,operator assigned,GROPE,reviewed,manual,nz1dr,33,21,15,0.05700000000000000,115.00000000000000000,0.15054999999999999,0.18300000000000000
3473934,earthquake,2011-03-04T21:49:06.201Z,2013-08-21T16:22:00.000Z,172.61997999999999820,-43.58364999999999867,4.08699999999999974,4.46879999999999988,ML,,GROPE,reviewed,manual,nz1dr,34,28,29,0.00800000000000000,65.00000000000000000,0.25559999999999999,0.29299999999999998
3473930,earthquake,2011-03-04T21:32:30.874Z,2013-08-21T16:22:00.000Z,171.82971000000000572,-43.60211999999999932,3.65600000000000014,5.00000000000000000,ML,operator assigned,GROPE,reviewed,manual,nz1dr,17,11,14,0.31400000000000000,238.00000000000000000,0.26033000000000001,0.13700000000000001
3473841,earthquake,2011-03-04T17:14:38.867Z,2013-08-21T16:21:00.000Z,172.64242999999999029,-43.59651999999999816,3.54499999999999993,7.27789999999999981,ML,,GROPE,reviewed,manual,nz1dr,32,18,14,0.01200000000000000,54.00000000000000000,0.16020000000000001,0.29299999999999998
3473437,earthquake,2011-03-03T21:35:24.762Z,2013-08-21T16:20:00.000Z,172.50862000000000762,-43.59770000000000323,3.61600000000000010,6.80949999999999989,ML,,GROPE,reviewed,manual,nz1dr,26,15,14,0.08599999999999999,86.00000000000000000,0.27500999999999998,0.16700000000000001
3473377,earthquake,2011-03-03T18:56:08.590Z,2013-08-21T16:20:00.000Z,172.72381999999998925,-43.56166000000000338,3.44099999999999984,9.65690000000000026,ML,,GROPE,reviewed,manual,nz1dr,26,13,13,0.02500000000000000,155.00000000000000000,0.14712000000000000,0.22200000000000000
3473351,earthquake,2011-03-03T17:49:57.833Z,2013-08-21T16:20:00.000Z,172.64963000000000193,-43.61325000000000074,3.61200000000000010,8.20390000000000086,ML,,GROPE,reviewed,manual,nz1dr,36,19,20,0.00600000000000000,60.00000000000000000,0.14130000000000001,0.23300000000000001
3473273,earthquake,2011-03-03T14:24:20.495Z,2013-08-21T16:20:00.000Z,172.64860999999999081,-43.58532999999999902,3.54300000000000015,3.80629999999999979,ML,,GROPE,reviewed,manual,nz1dr,29,18,18,0.02100000000000000,84.00000000000000000,0.16444000000000000,0.23899999999999999
3473100,earthquake,2011-03-03T05:53:08.546Z,2013-08-21T16:20:00.000Z,172.67213000000000989,-43.58726999999999663,3.90799999999999992,4.02949999999999964,ML,,GROPE,reviewed,manual,nz1dr,33,23,23,0.02900000000000000,66.00000000000000000,0.19927000000000000,0.24500000000000000
3473028,earthquake,2011-03-03T02:16:52.020Z,2013-08-21T16:19:00.000Z,172.72299000000001001,-43.57773000000000252,3.57500000000000018,6.27920000000000034,ML,,GROPE,reviewed,manual,nz1dr,33,19,17,0.01900000000000000,91.00000000000000000,0.17835000000000001,0.25700000000000001
3472826,earthquake,2011-03-02T16:28:36.917Z,2013-08-21T16:19:00.000Z,172.72240999999999644,-43.52205000000000013,3.62500000000000000,10.47439999999999927,ML,,GROPE,reviewed,manual,nz1dr,25,16,16,0.02900000000000000,120.00000000000000000,0.19436000000000000,0.30199999999999999
3472777,earthquake,2011-03-02T13:59:32.558Z,2013-08-21T16:19:00.000Z,172.63370000000000459,-43.58409000000000333,3.41000000000000014,3.88850000000000007,ML,,GROPE,reviewed,manual,nz1dr,21,14,14,0.01100000000000000,81.00000000000000000,0.23124000000000000,0.20300000000000001
3472775,earthquake,2011-03-02T13:55:05.076Z,2013-08-21T16:19:00.000Z,172.72724999999999795,-43.58868999999999971,3.92799999999999994,10.38620000000000054,ML,,GROPE,reviewed,manual,nz1dr,34,25,35,0.02100000000000000,110.00000000000000000,0.14285000000000000,0.27300000000000002
3472753,earthquake,2011-03-02T12:48:49.555Z,2013-08-21T16:19:00.000Z,172.49896000000001095,-43.58906000000000347,3.41100000000000003,5.00000000000000000,ML,operator assigned,GROPE,reviewed,manual,nz1dr,17,12,20,0.08699999999999999,126.00000000000000000,0.14033000000000001,0.17199999999999999
3472717,earthquake,2011-03-02T10:52:54.408Z,2013-08-21T16:19:00.000Z,172.74690000000001078,-43.54907999999999646,3.38200000000000012,7.05609999999999982,ML,,GROPE,reviewed,manual,nz1dr,20,14,13,0.02100000000000000,124.00000000000000000,0.14590000000000000,0.20000000000000001
3472361,earthquake,2011-03-01T18:22:19.267Z,2013-08-21T16:18:00.000Z,172.69977000000000089,-43.54607000000000028,3.55500000000000016,7.35459999999999958,ML,,GROPE,reviewed,manual,nz1dr,33,17,15,0.02200000000000000,145.00000000000000000,0.19230000000000000,0.26500000000000001
3472177,earthquake,2011-03-01T09:42:08.993Z,2013-08-21T16:18:00.000Z,172.65503000000001066,-43.60990000000000322,4.09999999999999964,8.91530000000000022,Mw,,GROPE,reviewed,manual,nz1dr,54,38,0,0.00800000000000000,38.00000000000000000,0.18038000000000001,0.00000000000000000
3472166,earthquake,2011-03-01T09:12:12.521Z,2013-08-21T16:18:00.000Z,172.65299999999999159,-43.57056999999999647,3.53299999999999992,4.94570000000000043,ML,,GROPE,reviewed,manual,nz1dr,31,20,11,0.02100000000000000,66.00000000000000000,0.24313000000000001,0.16800000000000001
3472058,earthquake,2011-03-01T04:17:57.050Z,2013-08-21T16:18:00.000Z,172.72324000000000410,-43.54993999999999943,3.66000000000000014,8.25189999999999912,ML,,GROPE,reviewed,manual,nz1dr,32,19,11,0.02800000000000000,103.00000000000000000,0.25080999999999998,0.29699999999999999
3471902,earthquake,2011-02-28T20:53:16.701Z,2013-08-14T16:09:00.000Z,172.75029000000000678,-43.52107999999999777,3.37500000000000000,5.00000000000000000,ML,operator assigned,GROPE,reviewed,manual,nz1dr,21,12,8,0.04800000000000000,201.00000000000000000,0.16403999999999999,0.14399999999999999
3471892,earthquake,2011-02-28T20:28:40.686Z,2013-08-14T16:08:00.000Z,172.71074999999999022,-43.55635999999999797,3.55900000000000016,5.90540000000000020,ML,,GROPE,reviewed,manual,nz1dr,30,15,14,0.03200000000000000,137.00000000000000000,0.18185999999999999,0.20599999999999999
3471884,earthquake,2011-02-28T20:10:13.562Z,2013-08-14T16:08:00.000Z,172.73217999999999961,-43.57444000000000273,4.09999999999999964,6.34499999999999975,Mw,,GROPE,reviewed,manual,nz1dr,48,26,0,0.01400000000000000,88.00000000000000000,0.17068000000000000,0.00000000000000000
3471850,earthquake,2011-02-28T18:40:38.839Z,2013-08-14T16:08:00.000Z,172.72809000000000879,-43.57292999999999950,3.67799999999999994,7.38919999999999977,ML,,GROPE,reviewed,manual,nz1dr,41,22,20,0.01600000000000000,101.00000000000000000,0.17426000000000000,0.26500000000000001
3471829,earthquake,2011-02-28T17:37:37.294Z,2013-08-14T16:08:00.000Z,172.70261999999999603,-43.54346999999999923,3.70800000000000018,7.17539999999999978,ML,,GROPE,reviewed,manual,nz1dr,29,15,15,0.04300000000000000,150.00000000000000000,0.17502999999999999,0.25300000000000000
3471744,earthquake,2011-02-28T12:52:48.870Z,2013-08-14T16:08:00.000Z,172.69193999999998823,-43.58861999999999881,3.33000000000000007,5.71609999999999996,ML,,GROPE,reviewed,manual,nz1dr,31,16,11,0.04000000000000000,80.00000000000000000,0.18068000000000001,0.21299999999999999
3471684,earthquake,2011-02-28T09:44:36.517Z,2013-08-14T16:08:00.000Z,172.67911000000000854,-43.58558000000000021,3.89500000000000002,7.96780000000000044,ML,,GROPE,reviewed,manual,nz1dr,45,24,27,0.03400000000000000,84.00000000000000000,0.15611000000000000,0.28599999999999998
3471675,earthquake,2011-02-28T09:15:12.129Z,2013-08-14T16:08:00.000Z,172.69166999999998779,-43.59140000000000015,3.57399999999999984,6.27880000000000038,ML,,GROPE,reviewed,manual,nz1dr,30,15,16,0.03800000000000000,77.00000000000000000,0.19450999999999999,0.22100000000000000
3471657,earthquake,2011-02-28T08:11:37.400Z,2013-08-14T16:08:00.000Z,172.72417999999998983,-43.54972999999999672,3.56300000000000017,6.12859999999999960,ML,,GROPE,reviewed,manual,nz1dr,33,17,19,0.02800000000000000,156.00000000000000000,0.17644000000000001,0.20499999999999999
3471594,earthquake,2011-02-28T04:56:57.538Z,2013-08-14T16:07:00.000Z,172.61683999999999628,-43.58939999999999770,3.34900000000000020,6.17989999999999995,ML,,GROPE,reviewed,manual,nz1dr,25,14,12,0.01400000000000000,64.00000000000000000,0.17227999999999999,0.25800000000000001
3471588,earthquake,2011-02-28T04:34:40.667Z,2013-08-14T16:07:00.000Z,172.71891999999999712,-43.58850999999999942,3.68800000000000017,8.62870000000000026,ML,,GROPE,reviewed,manual,nz1dr,39,22,17,0.02400000000000000,72.00000000000000000,0.14591000000000001,0.27400000000000002
3471551,earthquake,2011-02-28T02:37:40.523Z,2013-08-14T16:07:00.000Z,172.70199999999999818,-43.57592999999999961,3.70299999999999985,5.00000000000000000,ML,operator assigned,GROPE,reviewed,manual,nz1dr,38,20,18,0.03400000000000000,96.00000000000000000,0.14949999999999999,0.22300000000000000
3471522,earthquake,2011-02-28T01:12:09.792Z,2013-08-14T16:07:00.000Z,172.70506000000000313,-43.55606999999999829,3.34699999999999998,8.02079999999999949,ML,,GROPE,reviewed,manual,nz1dr,19,13,9,0.03900000000000000,147.00000000000000000,0.14457999999999999,0.18300000000000000
3471476,earthquake,2011-02-27T22:43:04.828Z,2013-08-14T16:07:00.000Z,172.75025999999999726,-43.58980999999999995,3.30500000000000016,8.76229999999999976,ML,,GROPE,reviewed,manual,nz1dr,22,16,7,0.01200000000000000,184.00000000000000000,0.22581999999999999,0.26500000000000001
3471453,earthquake,2011-02-27T21:43:56.907Z,2013-08-14T16:07:00.000Z,172.72252000000000294,-43.58212000000000330,3.83899999999999997,8.46059999999999945,ML,,GROPE,reviewed,manual,nz1dr,35,20,20,0.02000000000000000,81.00000000000000000,0.24798000000000001,0.25700000000000001
3471449,earthquake,2011-02-27T21:35:43.444Z,2013-08-14T16:07:00.000Z,172.72780000000000200,-43.59248000000000189,4.00000000000000000,9.10050000000000026,Mw,,GROPE,reviewed,manual,nz1dr,41,29,0,0.01700000000000000,91.00000000000000000,0.21157999999999999,0.00000000000000000
3471424,earthquake,2011-02-27T20:20:35.587Z,2013-08-14T16:07:00.000Z,172.68175999999999704,-43.56904999999999717,3.53500000000000014,7.27289999999999992,ML,,GROPE,reviewed,manual,nz1dr,29,17,11,0.04200000000000000,104.00000000000000000,0.17493000000000000,0.29399999999999998
3471398,earthquake,2011-02-27T18:55:30.686Z,2013-08-14T16:07:00.000Z,172.72373999999999228,-43.56266000000000105,3.70000000000000018,7.74080000000000013,Mw,,GROPE,reviewed,manual,nz1dr,41,26,0,0.02100000000000000,81.00000000000000000,0.25162000000000001,0.00000000000000000
3471393,earthquake,2011-02-27T18:37:59.221Z,2013-08-14T16:07:00.000Z,172.63666000000000622,-43.57459000000000060,3.34200000000000008,3.56380000000000008,ML,,GROPE,reviewed,manual,nz1dr,22,15,11,0.01000000000000000,80.00000000000000000,0.20630000000000001,0.24199999999999999
3471175,earthquake,2011-02-27T07:40:10.016Z,2013-08-14T16:06:00.000Z,172.56345999999999208,-43.61833000000000027,3.31800000000000006,5.00000000000000000,ML,operator assigned,GROPE,reviewed,manual,nz1dr,13,8,5,0.03400000000000000,158.00000000000000000,0.16653000000000001,0.11700000000000001
3471128,earthquake,2011-02-27T05:20:52.339Z,2013-08-14T16:06:00.000Z,172.67148000000000252,-43.47657999999999845,3.36399999999999988,8.37410000000000032,ML,,GROPE,reviewed,manual,nz1dr,17,10,10,0.02100000000000000,174.00000000000000000,0.19309999999999999,0.17699999999999999
3471093,earthquake,2011-02-27T03:21:20.725Z,2013-08-14T16:06:00.000Z,172.69231999999999516,-43.59206999999999965,3.69200000000000017,4.87720000000000020,ML,,GROPE,reviewed,manual,nz1dr,29,17,17,0.02900000000000000,76.00000000000000000,0.24259000000000000,0.25800000000000001
3471031,earthquake,2011-02-27T00:03:50.223Z,2013-08-14T16:06:00.000Z,172.70703000000000316,-43.50130000000000052,3.47100000000000009,7.86139999999999972,ML,,GROPE,reviewed,manual,nz1dr,13,8,16,0.05700000000000000,182.00000000000000000,0.23477000000000001,0.21400000000000000
3470939,earthquake,2011-02-26T18:55:14.550Z,2013-08-14T16:05:00.000Z,172.65240000000000009,-43.58404999999999774,3.33599999999999985,6.67560000000000020,ML,,GROPE,reviewed,manual,nz1dr,24,8,6,0.02300000000000000,101.00000000000000000,0.15179999999999999,0.32100000000000001
3470883,earthquake,2011-02-26T15:54:21.784Z,2013-08-14T16:05:00.000Z,172.74707000000000789,-43.58341999999999672,3.45500000000000007,11.37589999999999968,ML,,GROPE,reviewed,manual,nz1dr,23,10,11,0.01400000000000000,172.00000000000000000,0.18145000000000000,0.15600000000000000
3470794,earthquake,2011-02-26T10:51:03.732Z,2013-08-14T16:05:00.000Z,172.42984000000001288,-43.56504000000000332,3.77599999999999980,11.36940000000000062,ML,,GROPE,reviewed,manual,nz1dr,27,12,18,0.03300000000000000,92.00000000000000000,0.18855000000000000,0.19100000000000000
3470708,earthquake,2011-02-26T06:36:19.272Z,2013-08-14T16:05:00.000Z,172.74369999999998981,-43.49531999999999954,3.54599999999999982,7.44359999999999999,ML,,GROPE,reviewed,manual,nz1dr,17,6,16,0.07700000000000000,223.00000000000000000,0.26544000000000001,0.19300000000000000
3470629,earthquake,2011-02-26T02:33:50.112Z,2013-08-14T16:05:00.000Z,172.73767000000000849,-43.54502000000000095,3.30299999999999994,9.70180000000000042,ML,,GROPE,reviewed,manual,nz1dr,12,8,9,0.02600000000000000,183.00000000000000000,0.16861999999999999,0.21800000000000000
3470602,earthquake,2011-02-26T01:07:15.213Z,2013-08-14T16:04:00.000Z,172.64298999999999751,-43.59667999999999921,3.48399999999999999,3.99140000000000006,ML,,GROPE,reviewed,manual,nz1dr,21,11,13,0.02500000000000000,173.00000000000000000,0.24038000000000001,0.23799999999999999
3470519,earthquake,2011-02-25T20:23:34.001Z,2013-08-14T16:04:00.000Z,172.64995999999999299,-43.57809999999999917,3.55799999999999983,4.76079999999999970,ML,,GROPE,reviewed,manual,nz1dr,19,16,15,0.02000000000000000,114.00000000000000000,0.16525999999999999,0.23200000000000001
3470469,earthquake,2011-02-25T17:52:28.451Z,2013-08-14T16:04:00.000Z,172.59789000000000669,-43.58252999999999844,3.70000000000000018,8.68379999999999974,Mw,,GROPE,reviewed,manual,nz1dr,25,21,0,0.01900000000000000,56.00000000000000000,0.18501999999999999,0.00000000000000000
3470448,earthquake,2011-02-25T16:49:37.269Z,2013-08-14T16:04:00.000Z,172.54219000000000506,-43.59252999999999645,3.79400000000000004,8.61359999999999992,ML,,GROPE,reviewed,manual,nz1dr,21,17,23,0.06100000000000000,73.00000000000000000,0.15464000000000000,0.16700000000000001
3470376,earthquake,2011-02-25T12:55:27.783Z,2013-08-14T16:04:00.000Z,172.69184999999998809,-43.59488999999999947,3.45699999999999985,10.60960000000000036,ML,,GROPE,reviewed,manual,nz1dr,20,17,13,0.05600000000000000,153.00000000000000000,0.17177000000000001,0.20399999999999999
3470295,earthquake,2011-02-25T08:35:44.883Z,2013-08-14T16:04:00.000Z,172.58744999999998981,-43.58619999999999806,3.33300000000000018,5.00000000000000000,ML,operator assigned,GROPE,reviewed,manual,nz1dr,17,13,8,0.02800000000000000,89.00000000000000000,0.15454000000000001,0.21900000000000000
3470254,earthquake,2011-02-25T06:14:49.362Z,2013-08-14T16:04:00.000Z,172.66548000000000229,-43.61645999999999646,3.89999999999999991,10.02519999999999989,Mw,,GROPE,reviewed,manual,nz1dr,30,23,0,0.04400000000000000,104.00000000000000000,0.11819000000000000,0.00000000000000000
3470224,earthquake,2011-02-25T04:46:08.985Z,2013-08-15T14:32:00.000Z,172.77080000000000837,-43.54729999999999990,3.43299999999999983,5.00000000000000000,ML,operator assigned,GROPE,reviewed,manual,nz1dr,8,6,7,0.10800000000000000,276.00000000000000000,0.28119000000000000,0.30199999999999999
3470222,earthquake,2011-02-25T04:40:11.065Z,2013-08-14T16:03:00.000Z,172.63211000000001150,-43.57896000000000214,4.20000000000000018,6.76360000000000028,Mw,,GROPE,reviewed,manual,nz1dr,28,24,0,0.00700000000000000,67.00000000000000000,0.13011000000000000,0.00000000000000000
3470172,earthquake,2011-02-25T02:07:10.204Z,2013-08-14T16:03:00.000Z,172.80585999999999558,-43.56591000000000236,3.60099999999999998,12.00000000000000000,ML,operator assigned,GROPE,reviewed,manual,nz1dr,15,13,17,0.13300000000000001,175.00000000000000000,0.11554000000000000,0.17499999999999999
3470049,earthquake,2011-02-24T20:34:58.492Z,2013-08-14T16:03:00.000Z,172.71205000000000496,-43.57948999999999984,3.72900000000000009,7.14590000000000014,ML,,GROPE,reviewed,manual,nz1dr,14,8,18,0.03100000000000000,185.00000000000000000,0.21893000000000001,0.25300000000000000
3470035,earthquake,2011-02-24T19:51:23.760Z,2013-08-14T16:03:00.000Z,172.65312000000000126,-43.56051000000000073,3.33700000000000019,8.19759999999999955,ML,,GROPE,reviewed,manual,nz1dr,11,6,7,0.02200000000000000,200.00000000000000000,0.15390999999999999,0.17499999999999999
3470033,earthquake,2011-02-24T19:46:16.027Z,2013-08-14T16:03:00.000Z,172.68494999999998640,-43.57408000000000214,3.36200000000000010,7.81130000000000013,ML,,GROPE,reviewed,manual,nz1dr,11,6,10,0.04500000000000000,211.00000000000000000,0.13513000000000000,0.22300000000000000
3469968,earthquake,2011-02-24T16:27:35.623Z,2013-08-14T16:03:00.000Z,172.63998000000000843,-43.58059000000000083,3.83199999999999985,3.80980000000000008,ML,,GROPE,reviewed,manual,nz1dr,18,12,19,0.01300000000000000,169.00000000000000000,0.27224999999999999,0.23000000000000001
3469964,earthquake,2011-02-24T16:17:44.090Z,2013-08-14T16:02:00.000Z,172.60352000000000317,-43.59044000000000096,3.37800000000000011,3.94240000000000013,ML,,GROPE,reviewed,manual,nz1dr,12,7,11,0.02000000000000000,118.00000000000000000,0.19216000000000000,0.26800000000000002
3469868,earthquake,2011-02-24T11:35:50.814Z,2013-08-14T16:02:00.000Z,172.60345000000000937,-43.59922999999999860,3.72199999999999998,6.64369999999999994,ML,,GROPE,reviewed,manual,nz1dr,13,8,19,0.02700000000000000,129.00000000000000000,0.19491000000000000,0.27500000000000002
3469862,earthquake,2011-02-24T11:15:04.639Z,2013-08-14T16:02:00.000Z,172.71277000000000612,-43.56924000000000063,3.35099999999999998,7.58809999999999985,ML,,GROPE,reviewed,manual,nz1dr,11,6,8,0.06400000000000000,245.00000000000000000,0.15445999999999999,0.21400000000000000
3469855,earthquake,2011-02-24T10:48:00.377Z,2013-08-14T16:02:00.000Z,172.74387999999999010,-43.53589000000000198,3.67099999999999982,6.01649999999999974,ML,,GROPE,reviewed,manual,nz1dr,12,8,21,0.04500000000000000,226.00000000000000000,0.25169999999999998,0.20999999999999999
3469807,earthquake,2011-02-24T08:25:17.885Z,2013-08-14T16:02:00.000Z,172.65711999999999193,-43.58084999999999809,3.71899999999999986,5.90099999999999980,ML,,GROPE,reviewed,manual,nz1dr,18,12,18,0.02800000000000000,130.00000000000000000,0.22733000000000000,0.23499999999999999
3469798,earthquake,2011-02-24T07:56:26.336Z,2013-08-14T16:02:00.000Z,172.63345000000001050,-43.57094000000000023,3.45400000000000018,7.61629999999999985,ML,,GROPE,reviewed,manual,nz1dr,13,7,10,0.00800000000000000,193.00000000000000000,0.17083000000000001,0.17699999999999999
3469780,earthquake,2011-02-24T07:07:45.303Z,2013-08-14T16:02:00.000Z,172.64938000000000784,-43.58012000000000086,3.65200000000000014,6.89670000000000005,ML,,GROPE,reviewed,manual,nz1dr,14,9,13,0.02000000000000000,137.00000000000000000,0.20371000000000000,0.21800000000000000
3469758,earthquake,2011-02-24T05:56:04.905Z,2013-08-14T16:02:00.000Z,172.73274000000000683,-43.57354000000000127,3.45599999999999996,6.77299999999999969,ML,,GROPE,reviewed,manual,nz1dr,13,8,11,0.07099999999999999,226.00000000000000000,0.20768000000000000,0.20699999999999999
3469757,earthquake,2011-02-24T05:51:33.421Z,2013-08-14T16:02:00.000Z,172.69784999999998831,-43.53761999999999688,4.01700000000000035,6.16809999999999992,ML,,GROPE,reviewed,manual,nz1dr,21,16,23,0.01500000000000000,160.00000000000000000,0.16556000000000001,0.28899999999999998
3677552,earthquake,2011-02-24T05:51:06.187Z,2013-08-14T16:13:00.000Z,172.63202000000001135,-43.56072000000000344,3.44600000000000017,5.52960000000000029,ML,,GROPE,reviewed,manual,nz1dr,14,10,7,0.00900000000000000,183.00000000000000000,0.20523000000000000,0.35899999999999999
3469702,earthquake,2011-02-24T02:54:30.415Z,2013-08-14T16:01:00.000Z,172.65317999999999188,-43.57999999999999829,3.48799999999999999,8.01960000000000051,ML,,GROPE,reviewed,manual,nz1dr,9,6,11,0.02200000000000000,199.00000000000000000,0.13789000000000001,0.19300000000000000
3469677,earthquake,2011-02-24T02:35:54.999Z,2013-08-14T16:01:00.000Z,172.60201000000000704,-43.58653000000000333,3.62300000000000022,2.00000000000000000,ML,operator assigned,GROPE,reviewed,manual,nz1dr,13,9,16,0.01800000000000000,107.00000000000000000,0.14232000000000000,0.24099999999999999
3469647,earthquake,2011-02-24T01:18:52.166Z,2013-08-14T16:01:00.000Z,172.63208000000000197,-43.60479999999999734,3.63700000000000001,4.19320000000000004,ML,,GROPE,reviewed,manual,nz1dr,16,10,14,0.02900000000000000,161.00000000000000000,0.19423000000000001,0.17899999999999999
3469623,earthquake,2011-02-24T00:02:15.904Z,2013-08-14T16:01:00.000Z,172.70462000000000558,-43.56275999999999726,3.31899999999999995,7.09780000000000033,ML,,GROPE,reviewed,manual,nz1dr,8,5,9,0.05900000000000000,216.00000000000000000,0.16661000000000001,0.23699999999999999
3469622,earthquake,2011-02-24T00:00:25.784Z,2013-08-14T16:01:00.000Z,172.73634000000001265,-43.66199999999999903,3.49400000000000022,8.05429999999999957,ML,,GROPE,reviewed,manual,nz1dr,13,9,9,0.07500000000000000,254.00000000000000000,0.29376000000000002,0.23599999999999999
3469608,earthquake,2011-02-23T23:22:52.799Z,2013-08-14T16:01:00.000Z,172.70747000000000071,-43.56855000000000189,3.65399999999999991,9.30460000000000065,ML,,GROPE,reviewed,manual,nz1dr,20,12,15,0.04500000000000000,218.00000000000000000,0.13677000000000000,0.27400000000000002
3469599,earthquake,2011-02-23T22:58:23.782Z,2013-08-14T16:01:00.000Z,172.74889999999999191,-43.59158000000000044,3.48399999999999999,10.64780000000000015,ML,,GROPE,reviewed,manual,nz1dr,13,8,10,0.09300000000000000,237.00000000000000000,0.24465000000000001,0.17699999999999999
3469568,earthquake,2011-02-23T21:31:21.003Z,2013-08-14T16:01:00.000Z,172.62907000000001290,-43.59340999999999866,3.41199999999999992,5.00000000000000000,ML,operator assigned,GROPE,reviewed,manual,nz1dr,11,8,8,0.01800000000000000,167.00000000000000000,0.27954000000000001,0.22400000000000000
3469552,earthquake,2011-02-23T20:52:19.896Z,2013-08-14T16:01:00.000Z,172.64904999999998836,-43.60047000000000139,3.97199999999999998,11.17960000000000065,ML,,GROPE,reviewed,manual,nz1dr,22,17,31,0.03100000000000000,79.00000000000000000,0.17100000000000001,0.28000000000000003
3666814,earthquake,2011-02-23T20:46:47.065Z,2013-08-14T16:13:00.000Z,172.60517999999999006,-43.59966000000000008,4.16099999999999959,4.19519999999999982,ML,,GROPE,reviewed,manual,nz1dr,20,15,34,0.02700000000000000,133.00000000000000000,0.20666000000000001,0.31800000000000000
3666805,earthquake,2011-02-23T20:45:00.161Z,2013-08-14T16:13:00.000Z,172.68236999999999171,-43.58442999999999756,3.81999999999999984,5.00000000000000000,ML,operator assigned,GROPE,reviewed,manual,nz1dr,11,7,3,0.04000000000000000,159.00000000000000000,0.16034000000000001,0.25300000000000000
3469548,earthquake,2011-02-23T20:44:33.041Z,2013-08-27T14:37:00.000Z,172.62691000000000940,-43.59978999999999871,4.29999999999999982,6.34199999999999964,Mw,,GROPE,reviewed,manual,nz1dr,30,26,0,0.02400000000000000,72.00000000000000000,0.22997999999999999,0.00000000000000000
3469540,earthquake,2011-02-23T20:20:12.603Z,2013-08-14T16:01:00.000Z,172.75432000000000698,-43.55154000000000281,3.57900000000000018,6.15090000000000003,ML,,GROPE,reviewed,manual,nz1dr,25,20,18,0.05700000000000000,161.00000000000000000,0.13125999999999999,0.18900000000000000
3469512,earthquake,2011-02-23T19:02:58.399Z,2013-08-14T16:01:00.000Z,172.60668999999998618,-43.58713000000000193,3.37000000000000011,4.57150000000000034,ML,,GROPE,reviewed,manual,nz1dr,12,9,9,0.01600000000000000,116.00000000000000000,0.12981000000000001,0.22100000000000000
3469500,earthquake,2011-02-23T18:23:02.901Z,2013-08-14T16:01:00.000Z,172.62487999999999033,-43.58903000000000105,3.46499999999999986,5.00000000000000000,ML,operator assigned,GROPE,reviewed,manual,nz1dr,13,9,7,0.01300000000000000,152.00000000000000000,0.18064000000000000,0.27400000000000002
3469457,earthquake,2011-02-23T16:15:30.992Z,2013-08-14T16:01:00.000Z,172.75991999999999393,-43.58418000000000347,3.63799999999999990,6.78249999999999975,ML,,GROPE,reviewed,manual,nz1dr,21,17,16,0.03600000000000000,169.00000000000000000,0.14341000000000001,0.17799999999999999
3469446,earthquake,2011-02-23T15:36:33.417Z,2013-08-14T16:01:00.000Z,172.49556000000001177,-43.58017000000000252,3.31599999999999984,6.25809999999999977,ML,,GROPE,reviewed,manual,nz1dr,15,12,9,0.09300000000000000,80.00000000000000000,0.17229000000000000,0.14199999999999999
3469433,earthquake,2011-02-23T14:49:05.551Z,2013-08-14T16:00:00.000Z,172.52982000000000085,-43.58619000000000199,3.64100000000000001,8.78790000000000049,ML,,GROPE,reviewed,manual,nz1dr,17,15,15,0.05400000000000000,66.00000000000000000,0.20563000000000001,0.17399999999999999
3469432,earthquake,2011-02-23T14:46:06.391Z,2013-08-14T16:00:00.000Z,172.70778000000001384,-43.57365000000000066,3.47900000000000009,8.94909999999999961,ML,,GROPE,reviewed,manual,nz1dr,17,15,11,0.06100000000000000,159.00000000000000000,0.19214999999999999,0.18900000000000000
3469428,earthquake,2011-02-23T14:30:46.441Z,2013-08-14T16:00:00.000Z,172.53397000000001071,-43.60620000000000118,3.42300000000000004,5.00000000000000000,ML,operator assigned,GROPE,reviewed,manual,nz1dr,15,12,13,0.07099999999999999,80.00000000000000000,0.17215000000000000,0.20899999999999999
3469414,earthquake,2011-02-23T13:50:49.262Z,2013-08-14T16:00:00.000Z,172.74363999999999919,-43.57303000000000281,3.33300000000000018,6.62100000000000044,ML,,GROPE,reviewed,manual,nz1dr,17,13,8,0.08699999999999999,169.00000000000000000,0.16008000000000000,0.19400000000000001
3469412,earthquake,2011-02-23T13:46:17.265Z,2013-08-14T16:00:00.000Z,172.51437000000001376,-43.59380999999999773,3.46200000000000019,5.00000000000000000,ML,operator assigned,GROPE,reviewed,manual,nz1dr,14,12,12,0.08100000000000000,84.00000000000000000,0.14051000000000000,0.15900000000000000
3469411,earthquake,2011-02-23T13:41:01.954Z,2013-08-14T16:00:00.000Z,172.75455999999999790,-43.54574000000000211,3.61699999999999999,7.13750000000000018,ML,,GROPE,reviewed,manual,nz1dr,17,14,14,0.09000000000000000,177.00000000000000000,0.16900999999999999,0.19900000000000001
3469360,earthquake,2011-02-23T11:12:56.115Z,2013-08-14T16:00:00.000Z,172.70633000000000834,-43.55416000000000309,3.79999999999999982,8.54669999999999952,Mw,,GROPE,reviewed,manual,nz1dr,31,26,0,0.03200000000000000,122.00000000000000000,0.19819999999999999,0.00000000000000000
3469332,earthquake,2011-02-23T09:54:56.874Z,2013-08-14T16:00:00.000Z,172.65183999999999287,-43.61520000000000152,3.45699999999999985,8.60670000000000002,ML,,GROPE,reviewed,manual,nz1dr,20,14,10,0.04400000000000000,142.00000000000000000,0.20513000000000001,0.15800000000000000
3469330,earthquake,2011-02-23T09:45:57.546Z,2013-08-14T16:00:00.000Z,172.70366000000001350,-43.54417999999999722,3.60099999999999998,6.19449999999999967,ML,,GROPE,reviewed,manual,nz1dr,24,17,18,0.02300000000000000,129.00000000000000000,0.12908000000000000,0.18700000000000000
3469327,earthquake,2011-02-23T09:39:14.206Z,2013-08-14T16:00:00.000Z,172.69408999999998855,-43.55682000000000187,3.39400000000000013,8.26169999999999938,ML,,GROPE,reviewed,manual,nz1dr,18,12,11,0.05200000000000000,128.00000000000000000,0.20551000000000000,0.19400000000000001
3469319,earthquake,2011-02-23T09:13:43.964Z,2013-08-14T16:00:00.000Z,172.64914999999999168,-43.58088999999999658,3.45500000000000007,6.72550000000000026,ML,,GROPE,reviewed,manual,nz1dr,22,16,11,0.02000000000000000,141.00000000000000000,0.21479999999999999,0.28100000000000003
3469313,earthquake,2011-02-23T08:54:37.568Z,2013-08-14T16:00:00.000Z,172.64249000000000933,-43.59803999999999746,3.88399999999999990,5.04539999999999988,ML,,GROPE,reviewed,manual,nz1dr,26,21,23,0.02600000000000000,75.00000000000000000,0.18890999999999999,0.28999999999999998
3469250,earthquake,2011-02-23T05:39:42.388Z,2013-08-14T15:59:00.000Z,172.69568000000001007,-43.51471999999999696,4.04399999999999959,11.33430000000000071,ML,,GROPE,reviewed,manual,nz1dr,27,20,27,0.02500000000000000,162.00000000000000000,0.12325000000000000,0.21800000000000000
3469229,earthquake,2011-02-23T04:44:14.077Z,2013-08-14T15:59:00.000Z,172.65817000000001258,-43.58196999999999832,3.40600000000000014,3.96570000000000000,ML,,GROPE,reviewed,manual,nz1dr,17,12,10,0.02600000000000000,152.00000000000000000,0.22159999999999999,0.24199999999999999
3469199,earthquake,2011-02-23T03:19:16.805Z,2013-08-14T15:59:00.000Z,172.63985999999999876,-43.58686999999999756,3.49800000000000022,5.76860000000000017,ML,,GROPE,reviewed,manual,nz1dr,20,15,11,0.01600000000000000,91.00000000000000000,0.17882000000000001,0.22600000000000001
3469186,earthquake,2011-02-23T02:43:20.536Z,2013-08-14T15:59:00.000Z,172.63938999999999169,-43.59450999999999965,3.98200000000000021,8.08990000000000009,ML,,GROPE,reviewed,manual,nz1dr,32,24,24,0.02200000000000000,71.00000000000000000,0.16309999999999999,0.25600000000000001
3469181,earthquake,2011-02-23T02:26:41.028Z,2013-08-14T15:59:00.000Z,172.62352000000001340,-43.60349000000000075,3.35499999999999998,7.72029999999999994,ML,,GROPE,reviewed,manual,nz1dr,18,13,9,0.02700000000000000,98.00000000000000000,0.14738999999999999,0.27200000000000002
3469179,earthquake,2011-02-23T02:22:10.846Z,2013-08-14T15:59:00.000Z,172.70691999999999666,-43.53041999999999945,3.87800000000000011,8.99540000000000006,ML,,GROPE,reviewed,manual,nz1dr,28,22,28,0.01800000000000000,126.00000000000000000,0.15493999999999999,0.22300000000000000
3486686,earthquake,2011-02-23T02:21:25.315Z,2013-08-14T16:10:00.000Z,172.59764000000001261,-43.61269000000000062,3.30399999999999983,5.00000000000000000,ML,operator assigned,GROPE,reviewed,manual,nz1dr,10,5,5,0.04100000000000000,148.00000000000000000,0.12094000000000001,0.25200000000000000
3469160,earthquake,2011-02-23T01:31:37.423Z,2013-08-14T15:59:00.000Z,172.71659999999999968,-43.59067000000000291,3.87500000000000000,7.95600000000000041,ML,,GROPE,reviewed,manual,nz1dr,27,20,18,0.01100000000000000,119.00000000000000000,0.11788000000000000,0.19200000000000000
3469157,earthquake,2011-02-23T01:23:51.590Z,2013-08-14T15:59:00.000Z,172.65384000000000242,-43.59252000000000038,3.53500000000000014,5.47189999999999976,ML,,GROPE,reviewed,manual,nz1dr,18,12,14,0.02800000000000000,106.00000000000000000,0.11747000000000000,0.22300000000000000
3469148,earthquake,2011-02-23T00:59:17.177Z,2013-08-14T15:59:00.000Z,172.64528999999998859,-43.58711999999999875,4.00000000000000000,4.48730000000000029,Mw,,GROPE,reviewed,manual,nz1dr,30,23,0,0.01900000000000000,66.00000000000000000,0.18242000000000000,0.00000000000000000
3469088,earthquake,2011-02-22T22:15:37.587Z,2013-08-14T15:59:00.000Z,172.62623999999999569,-43.58718999999999966,3.69300000000000006,4.91579999999999995,ML,,GROPE,reviewed,manual,nz1dr,16,10,18,0.01100000000000000,88.00000000000000000,0.28571000000000002,0.28000000000000003
3469067,earthquake,2011-02-22T21:10:15.068Z,2013-08-14T15:58:00.000Z,172.73749000000000819,-43.55608999999999753,3.59699999999999998,8.06479999999999997,ML,,GROPE,reviewed,manual,nz1dr,17,9,13,0.04900000000000000,214.00000000000000000,0.12427000000000001,0.17899999999999999
3469061,earthquake,2011-02-22T20:52:48.725Z,2013-08-14T15:58:00.000Z,172.63068999999998709,-43.60224999999999795,3.92499999999999982,5.00000000000000000,ML,operator assigned,GROPE,reviewed,manual,nz1dr,15,10,26,0.02700000000000000,101.00000000000000000,0.23368000000000000,0.24099999999999999
3469044,earthquake,2011-02-22T20:00:12.774Z,2013-08-14T15:58:00.000Z,172.62599000000000160,-43.59199999999999875,3.35400000000000009,4.66990000000000016,ML,,GROPE,reviewed,manual,nz1dr,11,7,10,0.01600000000000000,93.00000000000000000,0.16361000000000001,0.23799999999999999
3469038,earthquake,2011-02-22T19:43:06.646Z,2013-08-14T15:58:00.000Z,172.59513999999998646,-43.59033999999999764,3.68400000000000016,7.83859999999999957,ML,,GROPE,reviewed,manual,nz1dr,16,10,16,0.02500000000000000,105.00000000000000000,0.26249000000000000,0.23499999999999999
3469034,earthquake,2011-02-22T19:30:20.877Z,2013-08-14T15:58:00.000Z,172.62937999999999761,-43.59496000000000038,4.20000000000000018,4.74800000000000022,Mw,,GROPE,reviewed,manual,nz1dr,21,16,0,0.01900000000000000,86.00000000000000000,0.27328000000000002,0.00000000000000000
3740988,earthquake,2011-02-22T19:29:25.578Z,2013-08-14T16:17:00.000Z,172.61635999999998603,-43.57721000000000089,3.42099999999999982,5.00000000000000000,ML,operator assigned,GROPE,reviewed,manual,nz1dr,10,6,8,0.00500000000000000,98.00000000000000000,0.14019000000000001,0.25800000000000001
3469026,earthquake,2011-02-22T19:02:53.135Z,2013-08-14T15:58:00.000Z,172.62038000000001148,-43.60363999999999862,3.40899999999999981,5.00000000000000000,ML,operator assigned,GROPE,reviewed,manual,nz1dr,10,6,8,0.02700000000000000,163.00000000000000000,0.18457999999999999,0.18900000000000000
3469017,earthquake,2011-02-22T18:44:48.820Z,2013-08-14T15:58:00.000Z,172.63543999999998846,-43.57307000000000130,3.67899999999999983,5.68079999999999963,ML,,GROPE,reviewed,manual,nz1dr,11,7,16,0.01000000000000000,189.00000000000000000,0.14530999999999999,0.40899999999999997
3469010,earthquake,2011-02-22T18:28:58.908Z,2013-08-14T15:58:00.000Z,172.67644999999998845,-43.58549000000000007,3.35599999999999987,7.21030000000000015,ML,,GROPE,reviewed,manual,nz1dr,10,6,11,0.04000000000000000,208.00000000000000000,0.14030999999999999,0.19800000000000001
3740314,earthquake,2011-02-22T17:01:02.215Z,2013-08-14T16:17:00.000Z,172.64641000000000304,-43.58102000000000231,4.04699999999999971,5.00000000000000000,ML,operator assigned,GROPE,reviewed,manual,nz1dr,8,5,5,0.01800000000000000,109.00000000000000000,0.14674000000000001,0.09000000000000000
3740294,earthquake,2011-02-22T17:00:36.917Z,2013-08-14T16:17:00.000Z,172.64276000000000977,-43.58652000000000015,3.98300000000000010,5.00000000000000000,ML,operator assigned,GROPE,reviewed,manual,nz1dr,9,7,2,0.01800000000000000,129.00000000000000000,0.13902000000000000,0.19100000000000000
3468980,earthquake,2011-02-22T17:00:20.899Z,2013-08-27T14:34:00.000Z,172.65440000000000964,-43.59011000000000280,4.29999999999999982,5.96590000000000042,Mw,,GROPE,reviewed,manual,nz1dr,29,22,0,0.02700000000000000,70.00000000000000000,0.27907999999999999,0.00000000000000000
3468970,earthquake,2011-02-22T16:30:06.236Z,2013-08-14T15:58:00.000Z,172.69798000000000116,-43.55160999999999660,3.33400000000000007,5.00000000000000000,ML,operator assigned,GROPE,reviewed,manual,nz1dr,12,8,9,0.02700000000000000,214.00000000000000000,0.19747999999999999,0.23699999999999999
3739907,earthquake,2011-02-22T16:21:47.944Z,2013-08-14T16:17:00.000Z,172.63960000000000150,-43.57267000000000223,3.39000000000000012,5.00180000000000025,ML,,GROPE,reviewed,manual,nz1dr,12,8,10,0.01300000000000000,119.00000000000000000,0.16400000000000001,0.23799999999999999
3468958,earthquake,2011-02-22T15:56:55.298Z,2013-08-14T15:58:00.000Z,172.62569999999999482,-43.58644000000000318,3.40700000000000003,5.00000000000000000,ML,operator assigned,GROPE,reviewed,manual,nz1dr,13,8,10,0.01000000000000000,96.00000000000000000,0.21446999999999999,0.34499999999999997
3468955,earthquake,2011-02-22T15:44:48.313Z,2013-08-14T15:58:00.000Z,172.62592000000000780,-43.57929000000000030,3.97800000000000020,8.78550000000000075,ML,,GROPE,reviewed,manual,nz1dr,23,18,34,0.00400000000000000,75.00000000000000000,0.18140000000000001,0.26500000000000001
3468947,earthquake,2011-02-22T15:18:22.672Z,2013-08-14T15:58:00.000Z,172.70437999999998624,-43.55416999999999916,3.72400000000000020,9.34299999999999997,ML,,GROPE,reviewed,manual,nz1dr,15,9,19,0.02700000000000000,214.00000000000000000,0.22112000000000001,0.23000000000000001
3468942,earthquake,2011-02-22T15:06:59.303Z,2013-08-14T15:58:00.000Z,172.61110999999999649,-43.56577000000000055,3.65200000000000014,7.34459999999999980,ML,,GROPE,reviewed,manual,nz1dr,12,8,16,0.01400000000000000,120.00000000000000000,0.09191000000000001,0.26400000000000001
3468941,earthquake,2011-02-22T15:00:37.105Z,2013-08-14T15:58:00.000Z,172.63982999999998924,-43.58662999999999954,3.56599999999999984,4.25429999999999975,ML,,GROPE,reviewed,manual,nz1dr,16,10,16,0.01600000000000000,91.00000000000000000,0.19098999999999999,0.26900000000000002
3468940,earthquake,2011-02-22T14:57:20.537Z,2013-08-14T15:58:00.000Z,172.71808999999998946,-43.55062999999999818,3.41900000000000004,7.57070000000000043,ML,,GROPE,reviewed,manual,nz1dr,12,8,11,0.03100000000000000,215.00000000000000000,0.18024000000000001,0.27900000000000003
3468936,earthquake,2011-02-22T14:47:58.643Z,2013-08-14T15:58:00.000Z,172.60881000000000540,-43.58362000000000336,3.36399999999999988,3.62029999999999985,ML,,GROPE,reviewed,manual,nz1dr,12,7,12,0.01300000000000000,110.00000000000000000,0.14859000000000000,0.23400000000000001
3468934,earthquake,2011-02-22T14:41:24.132Z,2013-08-14T15:58:00.000Z,172.73447999999999070,-43.55861000000000161,3.79700000000000015,7.75929999999999964,ML,,GROPE,reviewed,manual,nz1dr,13,8,15,0.02900000000000000,212.00000000000000000,0.14718999999999999,0.41499999999999998
3468933,earthquake,2011-02-22T14:37:43.802Z,2013-08-14T15:58:00.000Z,172.69149999999999068,-43.55293000000000347,3.73099999999999987,7.46509999999999962,ML,,GROPE,reviewed,manual,nz1dr,16,12,22,0.02600000000000000,171.00000000000000000,0.17508000000000001,0.22500000000000001
3468932,earthquake,2011-02-22T14:35:08.307Z,2013-08-14T15:58:00.000Z,172.67633000000000720,-43.58550999999999931,3.98300000000000010,7.74160000000000004,ML,,GROPE,reviewed,manual,nz1dr,18,13,30,0.04000000000000000,131.00000000000000000,0.20422000000000001,0.34000000000000002
3468931,earthquake,2011-02-22T14:30:15.078Z,2013-08-27T14:34:00.000Z,172.66675000000000750,-43.60023999999999944,4.20000000000000018,3.40779999999999994,Mw,,GROPE,reviewed,manual,nz1dr,23,18,0,0.04000000000000000,93.00000000000000000,0.25450000000000000,0.00000000000000000
3468930,earthquake,2011-02-22T14:26:51.934Z,2013-08-14T15:58:00.000Z,172.61779999999998836,-43.55539999999999878,3.33000000000000007,5.28179999999999961,ML,,GROPE,reviewed,manual,nz1dr,10,6,9,0.02100000000000000,188.00000000000000000,0.15085000000000001,0.20999999999999999
3468918,earthquake,2011-02-22T14:04:39.515Z,2013-08-27T14:33:00.000Z,172.67737999999999943,-43.58126000000000033,4.20000000000000018,5.00000000000000000,Mw,operator assigned,GROPE,reviewed,manual,nz1dr,30,24,0,0.04000000000000000,59.00000000000000000,0.16681000000000001,0.00000000000000000
3468906,earthquake,2011-02-22T13:31:56.987Z,2013-08-14T15:58:00.000Z,172.69810000000001082,-43.58883000000000152,3.76100000000000012,6.91899999999999959,ML,,GROPE,reviewed,manual,nz1dr,12,8,16,0.02800000000000000,147.00000000000000000,0.15168999999999999,0.17399999999999999
3468905,earthquake,2011-02-22T13:26:03.617Z,2013-08-14T15:58:00.000Z,172.68613999999999464,-43.59093000000000018,3.76299999999999990,8.72070000000000078,ML,,GROPE,reviewed,manual,nz1dr,14,10,18,0.04800000000000000,202.00000000000000000,0.17249999999999999,0.23300000000000001
3468900,earthquake,2011-02-22T13:09:22.440Z,2013-08-14T15:57:00.000Z,172.55609000000001174,-43.59875000000000256,3.41500000000000004,5.00000000000000000,ML,operator assigned,GROPE,reviewed,manual,nz1dr,11,7,9,0.05400000000000000,116.00000000000000000,0.20088000000000000,0.31300000000000000
3737174,earthquake,2011-02-22T12:57:21.863Z,2013-08-14T16:16:00.000Z,172.60567000000000348,-43.56669999999999732,3.38300000000000001,4.98650000000000038,ML,,GROPE,reviewed,manual,nz1dr,12,8,8,0.01600000000000000,120.00000000000000000,0.20401000000000000,0.25900000000000001
3468892,earthquake,2011-02-22T12:49:06.435Z,2013-08-14T15:57:00.000Z,172.62719999999998777,-43.58028999999999797,3.41100000000000003,5.00000000000000000,ML,operator assigned,GROPE,reviewed,manual,nz1dr,11,7,10,0.00500000000000000,189.00000000000000000,0.24046999999999999,0.27100000000000002
3468883,earthquake,2011-02-22T12:21:23.634Z,2013-08-14T15:57:00.000Z,172.61027999999998883,-43.60293999999999670,3.86200000000000010,4.64749999999999996,ML,,GROPE,reviewed,manual,nz1dr,15,11,25,0.02800000000000000,101.00000000000000000,0.24709999999999999,0.26300000000000001
3468875,earthquake,2011-02-22T11:57:45.009Z,2013-08-14T15:57:00.000Z,172.66677999999998860,-43.57755000000000223,3.93599999999999994,4.25399999999999956,ML,,GROPE,reviewed,manual,nz1dr,19,16,26,0.03200000000000000,114.00000000000000000,0.18645999999999999,0.23799999999999999
3736632,earthquake,2011-02-22T11:51:46.376Z,2013-08-14T16:16:00.000Z,172.67867000000001099,-43.56250000000000000,3.38499999999999979,8.22310000000000052,ML,,GROPE,reviewed,manual,nz1dr,11,7,11,0.04300000000000000,166.00000000000000000,0.17634000000000000,0.22200000000000000
3468873,earthquake,2011-02-22T11:49:21.636Z,2013-08-14T15:57:00.000Z,172.64417000000000257,-43.58914000000000044,4.00000000000000000,3.98879999999999990,Mw,,GROPE,reviewed,manual,nz1dr,19,14,0,0.02000000000000000,99.00000000000000000,0.21543999999999999,0.00000000000000000
3736267,earthquake,2011-02-22T11:48:18.778Z,2013-08-14T16:16:00.000Z,172.62715000000000032,-43.58760000000000190,3.43199999999999994,5.00000000000000000,ML,operator assigned,GROPE,reviewed,manual,nz1dr,9,5,11,0.01200000000000000,186.00000000000000000,0.23222000000000001,0.26600000000000001
3468871,earthquake,2011-02-22T11:43:47.502Z,2013-08-14T15:57:00.000Z,172.69721999999998729,-43.58751999999999782,3.48099999999999987,6.35939999999999994,ML,,GROPE,reviewed,manual,nz1dr,11,7,13,0.03000000000000000,159.00000000000000000,0.16939000000000001,0.22800000000000001
3469083,earthquake,2011-02-22T11:32:49.523Z,2013-08-14T15:58:00.000Z,172.64894000000001029,-43.58375999999999806,3.53900000000000015,6.16260000000000030,ML,,GROPE,reviewed,manual,nz1dr,13,9,13,0.02000000000000000,180.00000000000000000,0.22034000000000001,0.21900000000000000
3468863,earthquake,2011-02-22T11:18:13.334Z,2013-08-27T14:32:00.000Z,172.62041999999999575,-43.58456000000000330,3.89999999999999991,4.91739999999999977,Mw,,GROPE,reviewed,manual,nz1dr,16,12,0,0.00800000000000000,146.00000000000000000,0.29392000000000001,0.00000000000000000
3736113,earthquake,2011-02-22T11:15:59.217Z,2013-08-14T16:16:00.000Z,172.61941999999999098,-43.59429999999999694,3.44700000000000006,5.00000000000000000,ML,operator assigned,GROPE,reviewed,manual,nz1dr,10,7,11,0.01800000000000000,160.00000000000000000,0.18842999999999999,0.28199999999999997
3468861,earthquake,2011-02-22T11:15:00.672Z,2013-08-14T15:57:00.000Z,172.53702000000001249,-43.59544000000000352,3.39000000000000012,5.00000000000000000,ML,operator assigned,GROPE,reviewed,manual,nz1dr,9,6,8,0.06500000000000000,163.00000000000000000,0.26790999999999998,0.29199999999999998
3736087,earthquake,2011-02-22T11:05:02.022Z,2013-08-14T16:16:00.000Z,172.60121000000000890,-43.61690999999999718,3.63700000000000001,6.43599999999999994,ML,,GROPE,reviewed,manual,nz1dr,12,8,16,0.04400000000000000,136.00000000000000000,0.14388000000000001,0.24900000000000000
3735731,earthquake,2011-02-22T11:04:22.598Z,2013-08-14T16:16:00.000Z,172.69022000000001071,-43.54955000000000354,3.52099999999999991,6.89499999999999957,ML,,GROPE,reviewed,manual,nz1dr,12,8,11,0.04700000000000000,212.00000000000000000,0.21560000000000001,0.21099999999999999
3468858,earthquake,2011-02-22T11:02:16.537Z,2013-08-14T15:57:00.000Z,172.73125999999999181,-43.59944999999999737,4.09999999999999964,10.79100000000000037,Mw,,GROPE,reviewed,manual,nz1dr,23,20,0,0.01100000000000000,222.00000000000000000,0.18837000000000001,0.00000000000000000
3468853,earthquake,2011-02-22T10:52:26.119Z,2013-08-14T15:57:00.000Z,172.62941000000000713,-43.57392000000000110,3.69499999999999984,5.00000000000000000,ML,operator assigned,GROPE,reviewed,manual,nz1dr,12,8,16,0.00500000000000000,191.00000000000000000,0.27100999999999997,0.30199999999999999
3468849,earthquake,2011-02-22T10:36:35.651Z,2013-08-14T15:57:00.000Z,172.66766000000001213,-43.57056999999999647,3.47999999999999998,5.74350000000000005,ML,,GROPE,reviewed,manual,nz1dr,19,14,12,0.03300000000000000,88.00000000000000000,0.19361000000000000,0.19900000000000001
3468837,earthquake,2011-02-22T10:05:26.121Z,2013-08-14T15:57:00.000Z,172.52402000000000726,-43.57607999999999748,3.92899999999999983,8.05530000000000079,ML,,GROPE,reviewed,manual,nz1dr,18,12,29,0.04500000000000000,92.00000000000000000,0.22695000000000001,0.22400000000000000
3733691,earthquake,2011-02-22T09:50:32.956Z,2013-08-14T16:16:00.000Z,172.63430999999999926,-43.59125999999999834,3.58499999999999996,5.00000000000000000,ML,operator assigned,GROPE,reviewed,manual,nz1dr,10,6,14,0.01700000000000000,191.00000000000000000,0.23129000000000000,0.21299999999999999
3468828,earthquake,2011-02-22T09:43:03.781Z,2013-08-14T15:57:00.000Z,172.66057000000000698,-43.58861999999999881,3.46300000000000008,7.16340000000000021,ML,,GROPE,reviewed,manual,nz1dr,10,6,13,0.03000000000000000,134.00000000000000000,0.18293999999999999,0.17499999999999999
3468826,earthquake,2011-02-22T09:40:40.276Z,2013-08-14T15:57:00.000Z,172.59979000000001292,-43.58937000000000239,3.56099999999999994,5.00000000000000000,ML,operator assigned,GROPE,reviewed,manual,nz1dr,10,6,13,0.02100000000000000,110.00000000000000000,0.21376000000000001,0.25000000000000000
3733208,earthquake,2011-02-22T09:18:55.453Z,2013-08-14T16:16:00.000Z,172.65316999999998870,-43.59154999999999802,3.79999999999999982,5.00000000000000000,ML,operator assigned,GROPE,reviewed,manual,nz1dr,11,9,7,0.02700000000000000,185.00000000000000000,0.18279999999999999,0.27900000000000003
3468820,earthquake,2011-02-22T09:18:38.577Z,2013-08-14T15:57:00.000Z,172.62187000000000126,-43.59398999999999802,3.83800000000000008,5.00000000000000000,ML,operator assigned,GROPE,reviewed,manual,nz1dr,12,7,17,0.01800000000000000,166.00000000000000000,0.33888000000000001,0.27300000000000002
3468819,earthquake,2011-02-22T09:16:07.084Z,2013-08-14T15:57:00.000Z,172.62286000000000286,-43.59197000000000344,3.93500000000000005,4.91349999999999998,ML,,GROPE,reviewed,manual,nz1dr,17,13,23,0.01600000000000000,150.00000000000000000,0.25808999999999999,0.28299999999999997
3468812,earthquake,2011-02-22T08:58:51.677Z,2013-08-14T15:57:00.000Z,172.69042999999999211,-43.59008000000000038,3.66500000000000004,7.65460000000000029,ML,,GROPE,reviewed,manual,nz1dr,11,7,16,0.03200000000000000,149.00000000000000000,0.17085000000000000,0.17699999999999999
3468805,earthquake,2011-02-22T08:38:32.098Z,2013-08-14T15:57:00.000Z,172.66562999999999306,-43.58964999999999890,4.00699999999999967,5.00000000000000000,ML,operator assigned,GROPE,reviewed,manual,nz1dr,18,12,29,0.03400000000000000,130.00000000000000000,0.21826000000000001,0.26800000000000002
3468797,earthquake,2011-02-22T08:21:06.838Z,2013-08-14T15:57:00.000Z,172.61813000000000784,-43.57853999999999672,4.29999999999999982,8.16920000000000002,Mw,,GROPE,reviewed,manual,nz1dr,19,13,0,0.00400000000000000,77.00000000000000000,0.16971000000000000,0.00000000000000000
3468796,earthquake,2011-02-22T08:15:17.810Z,2013-08-14T15:57:00.000Z,172.71088000000000306,-43.54711999999999961,3.54899999999999993,5.00000000000000000,ML,operator assigned,GROPE,reviewed,manual,nz1dr,10,6,15,0.07000000000000001,217.00000000000000000,0.15387999999999999,0.22700000000000001
3732694,earthquake,2011-02-22T08:04:35.971Z,2013-08-14T16:15:00.000Z,172.63057000000000585,-43.58881000000000228,3.63300000000000001,5.00000000000000000,ML,operator assigned,GROPE,reviewed,manual,nz1dr,12,8,12,0.01400000000000000,158.00000000000000000,0.29748999999999998,0.29399999999999998
3468787,earthquake,2011-02-22T07:47:22.641Z,2013-08-14T15:57:00.000Z,172.66170999999999935,-43.57374999999999687,3.61500000000000021,5.32650000000000023,ML,,GROPE,reviewed,manual,nz1dr,14,9,15,0.02800000000000000,100.00000000000000000,0.15465999999999999,0.41399999999999998
3468786,earthquake,2011-02-22T07:42:21.086Z,2013-08-14T15:57:00.000Z,172.74202999999999975,-43.54901999999999873,3.80699999999999994,5.55839999999999979,ML,,GROPE,reviewed,manual,nz1dr,10,6,22,0.05500000000000000,211.00000000000000000,0.28222000000000003,0.22800000000000001
3468785,earthquake,2011-02-22T07:39:30.574Z,2013-08-14T15:57:00.000Z,172.67715000000001169,-43.61379000000000161,3.39000000000000012,8.75769999999999982,ML,,GROPE,reviewed,manual,nz1dr,10,6,12,0.05400000000000000,210.00000000000000000,0.13410000000000000,0.21400000000000000
3468779,earthquake,2011-02-22T07:22:45.656Z,2013-08-14T15:57:00.000Z,172.57550000000000523,-43.58948999999999785,3.37400000000000011,5.00000000000000000,ML,operator assigned,GROPE,reviewed,manual,nz1dr,14,9,13,0.03700000000000000,109.00000000000000000,0.24848000000000001,0.15900000000000000
3468773,earthquake,2011-02-22T07:06:36.112Z,2013-08-14T15:57:00.000Z,172.67900000000000205,-43.58088999999999658,3.45900000000000007,5.72109999999999985,ML,,GROPE,reviewed,manual,nz1dr,14,9,13,0.04100000000000000,112.00000000000000000,0.22966000000000000,0.19800000000000001
3468769,earthquake,2011-02-22T06:54:45.026Z,2013-08-14T15:57:00.000Z,172.57881000000000427,-43.58711999999999875,3.40399999999999991,5.74570000000000025,ML,,GROPE,reviewed,manual,nz1dr,10,5,10,0.03400000000000000,107.00000000000000000,0.10894000000000000,0.25400000000000000
3468767,earthquake,2011-02-22T06:49:21.206Z,2013-08-14T15:57:00.000Z,172.62131999999999721,-43.57435999999999865,3.51200000000000001,7.33429999999999982,ML,,GROPE,reviewed,manual,nz1dr,18,14,15,0.00200000000000000,106.00000000000000000,0.15178000000000000,0.21900000000000000
3732097,earthquake,2011-02-22T06:44:39.315Z,2013-08-14T16:15:00.000Z,172.76000999999999408,-43.55669000000000324,3.73700000000000010,5.00000000000000000,ML,operator assigned,GROPE,reviewed,manual,nz1dr,10,6,4,0.05900000000000000,231.00000000000000000,0.24945999999999999,0.20300000000000001
3468765,earthquake,2011-02-22T06:43:32.475Z,2013-08-14T15:57:00.000Z,172.70493999999999346,-43.59185999999999694,4.40000000000000036,7.33670000000000044,Mw,,GROPE,reviewed,manual,nz1dr,23,19,0,0.02300000000000000,135.00000000000000000,0.20976000000000000,0.00000000000000000
3732076,earthquake,2011-02-22T06:36:41.786Z,2013-08-14T16:15:00.000Z,172.62009000000000469,-43.58771000000000129,3.30799999999999983,5.00000000000000000,ML,operator assigned,GROPE,reviewed,manual,nz1dr,8,4,5,0.01200000000000000,158.00000000000000000,0.32723999999999998,0.27000000000000002
3468758,earthquake,2011-02-22T06:28:29.463Z,2013-08-14T15:57:00.000Z,172.65299999999999159,-43.59351000000000198,4.40000000000000036,5.75820000000000043,Mw,,GROPE,reviewed,manual,nz1dr,27,19,0,0.02800000000000000,81.00000000000000000,0.29297000000000001,0.00000000000000000
3468757,earthquake,2011-02-22T06:25:38.715Z,2013-08-14T15:57:00.000Z,172.61602999999999497,-43.60352000000000317,3.39999999999999991,4.62800000000000011,ML,,GROPE,reviewed,manual,nz1dr,13,8,11,0.02800000000000000,130.00000000000000000,0.12939999999999999,0.25700000000000001
3468754,earthquake,2011-02-22T06:17:46.069Z,2013-08-14T15:57:00.000Z,172.68369000000001279,-43.57775999999999783,3.50800000000000001,4.48780000000000001,ML,,GROPE,reviewed,manual,nz1dr,11,7,12,0.04400000000000000,173.00000000000000000,0.16667000000000001,0.24199999999999999
3730008,earthquake,2011-02-22T06:16:26.460Z,2013-08-14T16:15:00.000Z,172.58457999999998833,-43.60546999999999684,3.36500000000000021,6.66849999999999987,ML,,GROPE,reviewed,manual,nz1dr,12,7,11,0.04000000000000000,110.00000000000000000,0.16799000000000000,0.24199999999999999
3468753,earthquake,2011-02-22T06:15:26.398Z,2013-08-14T15:57:00.000Z,172.74834999999998786,-43.51366999999999763,3.83000000000000007,10.14719999999999978,ML,,GROPE,reviewed,manual,nz1dr,15,8,17,0.02800000000000000,251.00000000000000000,0.14729000000000000,0.21600000000000000
3468751,earthquake,2011-02-22T06:11:58.496Z,2013-08-15T13:48:00.000Z,172.62874999999999659,-43.58661000000000030,3.39000000000000012,5.00000000000000000,ML,operator assigned,GROPE,reviewed,manual,nz1dr,9,4,12,0.01100000000000000,190.00000000000000000,0.28359000000000001,0.25100000000000000
3729982,earthquake,2011-02-22T06:05:06.059Z,2013-08-14T16:15:00.000Z,172.69862000000000535,-43.53634999999999877,3.61600000000000010,7.50820000000000043,ML,,GROPE,reviewed,manual,nz1dr,14,9,15,0.04200000000000000,145.00000000000000000,0.21224000000000001,0.24900000000000000
3729951,earthquake,2011-02-22T06:04:21.208Z,2013-08-14T16:15:00.000Z,172.61585999999999785,-43.59705000000000297,3.47100000000000009,5.00000000000000000,ML,operator assigned,GROPE,reviewed,manual,nz1dr,11,7,9,0.02100000000000000,152.00000000000000000,0.18643000000000001,0.26100000000000001
3468746,earthquake,2011-02-22T05:59:36.066Z,2013-08-14T15:57:00.000Z,172.66978000000000293,-43.61106000000000193,4.29999999999999982,8.33580000000000076,Mw,,GROPE,reviewed,manual,nz1dr,29,21,0,0.04000000000000000,99.00000000000000000,0.20663000000000001,0.00000000000000000
3468855,earthquake,2011-02-22T05:47:59.758Z,2013-08-14T15:57:00.000Z,172.63434000000000879,-43.58156999999999925,3.41299999999999981,2.90289999999999981,ML,,GROPE,reviewed,manual,nz1dr,11,6,10,0.01000000000000000,138.00000000000000000,0.11967000000000000,0.25400000000000000
3468738,earthquake,2011-02-22T05:39:21.494Z,2013-08-14T15:57:00.000Z,172.57857000000001335,-43.60558000000000334,3.39100000000000001,8.24990000000000023,ML,,GROPE,reviewed,manual,nz1dr,13,8,11,0.04400000000000000,112.00000000000000000,0.15784000000000001,0.21199999999999999
3729391,earthquake,2011-02-22T05:18:38.823Z,2013-08-14T16:15:00.000Z,172.72816000000000258,-43.54146000000000072,3.48700000000000010,6.12999999999999989,ML,,GROPE,reviewed,manual,nz1dr,12,8,14,0.04500000000000000,208.00000000000000000,0.23447000000000001,0.19200000000000000
3468729,earthquake,2011-02-22T05:17:22.317Z,2013-08-14T15:57:00.000Z,172.61207999999999174,-43.59161000000000286,3.94600000000000017,8.97620000000000040,ML,,GROPE,reviewed,manual,nz1dr,18,10,20,0.01700000000000000,83.00000000000000000,0.20582000000000000,0.23200000000000001
3468728,earthquake,2011-02-22T05:14:21.972Z,2013-08-14T15:57:00.000Z,172.62880000000001246,-43.59342999999999790,3.52300000000000013,3.65830000000000011,ML,,GROPE,reviewed,manual,nz1dr,11,7,12,0.01800000000000000,137.00000000000000000,0.18323999999999999,0.20599999999999999
3468725,earthquake,2011-02-22T05:07:12.416Z,2013-08-14T15:57:00.000Z,172.62955999999999790,-43.60148999999999830,3.55600000000000005,7.16150000000000020,ML,,GROPE,reviewed,manual,nz1dr,11,7,12,0.02600000000000000,139.00000000000000000,0.23205000000000001,0.23999999999999999
3729352,earthquake,2011-02-22T05:04:08.832Z,2013-08-14T16:15:00.000Z,172.62064000000000874,-43.58872000000000213,3.81199999999999983,9.00319999999999965,ML,,GROPE,reviewed,manual,nz1dr,18,13,16,0.01200000000000000,94.00000000000000000,0.15634000000000001,0.25300000000000000
3468722,earthquake,2011-02-22T05:03:11.561Z,2013-08-14T15:56:00.000Z,172.64332999999999174,-43.61630999999999858,4.00000000000000000,7.90719999999999956,Mw,,GROPE,reviewed,manual,nz1dr,16,11,0,0.04300000000000000,92.00000000000000000,0.23809000000000000,0.00000000000000000
3729332,earthquake,2011-02-22T04:57:25.910Z,2013-08-14T16:15:00.000Z,172.61995999999999185,-43.60343999999999909,3.31999999999999984,5.94339999999999957,ML,,GROPE,reviewed,manual,nz1dr,7,4,4,0.02700000000000000,162.00000000000000000,0.14366000000000001,0.32300000000000001
3468720,earthquake,2011-02-22T04:56:51.525Z,2013-08-14T15:56:00.000Z,172.69603000000000748,-43.56289000000000300,3.60000000000000009,8.54729999999999990,Mw,,GROPE,reviewed,manual,nz1dr,18,11,0,0.05100000000000000,142.00000000000000000,0.20857999999999999,0.00000000000000000
3729316,earthquake,2011-02-22T04:54:07.056Z,2013-08-14T16:15:00.000Z,172.70672999999999320,-43.54599999999999937,3.44399999999999995,6.59349999999999969,ML,,GROPE,reviewed,manual,nz1dr,10,6,7,0.04900000000000000,184.00000000000000000,0.12836000000000000,0.25900000000000001
3729292,earthquake,2011-02-22T04:53:48.847Z,2013-08-14T16:15:00.000Z,172.60982000000001335,-43.59015000000000128,3.60000000000000009,8.85670000000000002,ML,,GROPE,reviewed,manual,nz1dr,14,8,15,0.01700000000000000,98.00000000000000000,0.17867000000000000,0.25000000000000000
3729282,earthquake,2011-02-22T04:50:05.091Z,2013-08-14T16:15:00.000Z,172.70345000000000368,-43.54800999999999789,3.39900000000000002,6.11359999999999992,ML,,GROPE,reviewed,manual,nz1dr,11,6,7,0.05200000000000000,181.00000000000000000,0.25518000000000002,0.17599999999999999
3468716,earthquake,2011-02-22T04:46:51.042Z,2013-08-14T15:56:00.000Z,172.58906999999999243,-43.57713999999999999,3.34900000000000020,5.19550000000000001,ML,,GROPE,reviewed,manual,nz1dr,13,7,11,0.02500000000000000,142.00000000000000000,0.15650000000000000,0.24199999999999999
3468715,earthquake,2011-02-22T04:30:25.843Z,2013-08-14T15:56:00.000Z,172.73662999999999101,-43.55073999999999756,3.52599999999999980,6.61920000000000019,ML,,GROPE,reviewed,manual,nz1dr,13,9,15,0.03600000000000000,202.00000000000000000,0.27011000000000002,0.20100000000000001
3468709,earthquake,2011-02-22T04:29:43.401Z,2013-08-14T15:56:00.000Z,172.69939999999999714,-43.53378000000000014,3.37199999999999989,9.08999999999999986,ML,,GROPE,reviewed,manual,nz1dr,14,9,9,0.03900000000000000,151.00000000000000000,0.24973000000000001,0.26200000000000001
3468705,earthquake,2011-02-22T04:19:06.248Z,2013-08-14T15:56:00.000Z,172.62838999999999601,-43.57551999999999737,4.20000000000000018,5.28939999999999966,Mw,,GROPE,reviewed,manual,nz1dr,22,17,0,0.00400000000000000,75.00000000000000000,0.19184999999999999,0.00000000000000000
3468696,earthquake,2011-02-22T03:59:58.053Z,2013-08-14T15:56:00.000Z,172.66767999999999006,-43.48190000000000310,3.35599999999999987,5.00000000000000000,ML,operator assigned,GROPE,reviewed,manual,nz1dr,11,7,13,0.04000000000000000,136.00000000000000000,0.21178000000000000,0.27700000000000002
3468689,earthquake,2011-02-22T03:46:54.263Z,2013-08-14T15:56:00.000Z,172.63023000000001161,-43.57862999999999687,4.07399999999999984,7.26069999999999993,ML,,GROPE,reviewed,manual,nz1dr,23,18,30,0.00600000000000000,74.00000000000000000,0.12545999999999999,0.28199999999999997
3728064,earthquake,2011-02-22T03:46:43.709Z,2013-08-14T16:14:00.000Z,172.60970000000000368,-43.58277999999999963,3.92399999999999993,6.05119999999999969,ML,,GROPE,reviewed,manual,nz1dr,12,10,9,0.01200000000000000,97.00000000000000000,0.20512000000000000,0.41699999999999998
3468688,earthquake,2011-02-22T03:43:54.076Z,2013-08-14T15:56:00.000Z,172.73273000000000366,-43.53929999999999723,3.70400000000000018,7.77470000000000017,ML,,GROPE,reviewed,manual,nz1dr,18,14,18,0.03800000000000000,199.00000000000000000,0.20893999999999999,0.21400000000000000
3728140,earthquake,2011-02-22T03:35:03.732Z,2013-08-14T16:14:00.000Z,172.65906000000001086,-43.57840999999999809,3.56599999999999984,3.21439999999999992,ML,,GROPE,reviewed,manual,nz1dr,11,7,13,0.02600000000000000,112.00000000000000000,0.12272000000000000,0.23000000000000001
3468682,earthquake,2011-02-22T03:32:23.378Z,2013-08-14T15:56:00.000Z,172.70312999999998738,-43.54169000000000267,3.79999999999999982,6.59989999999999988,Mw,,GROPE,reviewed,manual,nz1dr,18,12,0,0.02100000000000000,153.00000000000000000,0.19458000000000000,0.00000000000000000
3468679,earthquake,2011-02-22T03:24:04.845Z,2013-08-14T15:56:00.000Z,172.64212000000000558,-43.59732999999999947,4.00000000000000000,5.00000000000000000,Mw,operator assigned,GROPE,reviewed,manual,nz1dr,23,14,0,0.02500000000000000,75.00000000000000000,0.19381000000000001,0.00000000000000000
3728103,earthquake,2011-02-22T03:23:54.290Z,2013-08-15T13:44:00.000Z,172.70892000000000621,-43.54673999999999978,3.52499999999999991,7.38729999999999976,ML,,GROPE,reviewed,manual,nz1dr,13,11,9,0.03400000000000000,163.00000000000000000,0.14152000000000001,0.37200000000000000
3726073,earthquake,2011-02-22T03:06:31.057Z,2013-08-14T16:14:00.000Z,172.65753000000000839,-43.59394000000000347,3.52499999999999991,3.00430000000000019,ML,,GROPE,reviewed,manual,nz1dr,14,10,9,0.03100000000000000,110.00000000000000000,0.20210000000000000,0.19800000000000001
3726072,earthquake,2011-02-22T03:05:54.208Z,2013-08-14T16:14:00.000Z,172.62198000000000775,-43.58229000000000042,3.48300000000000010,5.00000000000000000,ML,operator assigned,GROPE,reviewed,manual,nz1dr,8,4,4,0.00600000000000000,163.00000000000000000,0.19719999999999999,0.22600000000000001
3726070,earthquake,2011-02-22T03:05:27.586Z,2013-08-14T16:14:00.000Z,172.61673999999999296,-43.57636999999999716,3.92099999999999982,7.40760000000000041,ML,,GROPE,reviewed,manual,nz1dr,13,9,5,0.00500000000000000,132.00000000000000000,0.18237999999999999,0.26300000000000001
3468672,earthquake,2011-02-22T03:04:09.291Z,2013-08-14T15:56:00.000Z,172.59698000000000206,-43.56638000000000233,4.50000000000000000,4.54530000000000012,Mw,,GROPE,reviewed,manual,nz1dr,31,26,0,0.02100000000000000,74.00000000000000000,0.37798999999999999,0.00000000000000000
3725574,earthquake,2011-02-22T02:55:06.143Z,2013-08-14T16:14:00.000Z,172.62869000000000597,-43.58773000000000053,3.65300000000000002,5.56329999999999991,ML,,GROPE,reviewed,manual,nz1dr,18,12,12,0.01200000000000000,92.00000000000000000,0.16649000000000000,0.24299999999999999
3725562,earthquake,2011-02-22T02:53:14.696Z,2013-08-14T16:14:00.000Z,172.71050999999999931,-43.56378000000000128,3.35599999999999987,6.00239999999999974,ML,,GROPE,reviewed,manual,nz1dr,12,7,4,0.01700000000000000,178.00000000000000000,0.25374000000000002,0.20300000000000001
3725557,earthquake,2011-02-22T02:52:45.889Z,2013-08-14T16:14:00.000Z,172.70716999999999075,-43.58415999999999713,3.76200000000000001,6.08140000000000036,ML,,GROPE,reviewed,manual,nz1dr,16,10,14,0.00300000000000000,127.00000000000000000,0.19964000000000001,0.20200000000000001
3725554,earthquake,2011-02-22T02:52:24.958Z,2013-08-14T16:14:00.000Z,172.61091999999999302,-43.58169999999999789,3.33199999999999985,6.31789999999999985,ML,,GROPE,reviewed,manual,nz1dr,14,9,5,0.01000000000000000,97.00000000000000000,0.11852000000000000,0.30399999999999999
3725533,earthquake,2011-02-22T02:49:19.092Z,2013-08-14T16:14:00.000Z,172.75499999999999545,-43.58041000000000054,3.34399999999999986,5.00000000000000000,ML,operator assigned,GROPE,reviewed,manual,nz1dr,9,6,4,0.08799999999999999,228.00000000000000000,0.20970000000000000,0.21800000000000000
3468666,earthquake,2011-02-22T02:48:18.941Z,2013-08-14T15:56:00.000Z,172.62615999999999872,-43.59458999999999662,4.09999999999999964,9.61480000000000068,Mw,,GROPE,reviewed,manual,nz1dr,27,21,0,0.01800000000000000,80.00000000000000000,0.22359000000000001,0.00000000000000000
3725489,earthquake,2011-02-22T02:44:46.108Z,2013-08-14T16:14:00.000Z,172.62268000000000256,-43.59076000000000306,3.32900000000000018,6.01240000000000041,ML,,GROPE,reviewed,manual,nz1dr,10,5,4,0.01400000000000000,166.00000000000000000,0.12196000000000000,0.23100000000000001
3725485,earthquake,2011-02-22T02:43:59.721Z,2013-08-14T16:14:00.000Z,172.61339000000000965,-43.57283999999999935,3.44899999999999984,5.00000000000000000,ML,operator assigned,GROPE,reviewed,manual,nz1dr,11,6,4,0.00800000000000000,132.00000000000000000,0.16222000000000000,0.20999999999999999
3468664,earthquake,2011-02-22T02:43:02.791Z,2013-08-14T15:56:00.000Z,172.75377000000000294,-43.57132000000000005,4.09999999999999964,7.35559999999999992,Mw,,GROPE,reviewed,manual,nz1dr,31,23,0,0.03400000000000000,174.00000000000000000,0.16657000000000000,0.00000000000000000
3468660,earthquake,2011-02-22T02:37:07.049Z,2013-08-14T15:56:00.000Z,172.62111999999999057,-43.56938000000000244,3.31499999999999995,5.15639999999999965,ML,,GROPE,reviewed,manual,nz1dr,15,9,8,0.00300000000000000,92.00000000000000000,0.22361000000000000,0.19000000000000000
3724955,earthquake,2011-02-22T02:34:50.563Z,2013-08-14T16:14:00.000Z,172.67068000000000438,-43.57934999999999803,3.35199999999999987,5.63980000000000015,ML,,GROPE,reviewed,manual,nz1dr,16,11,9,0.02800000000000000,98.00000000000000000,0.12248000000000001,0.27200000000000002
3724947,earthquake,2011-02-22T02:32:45.683Z,2013-08-14T16:14:00.000Z,172.63588999999998919,-43.58292000000000144,3.46200000000000019,5.28950000000000031,ML,,GROPE,reviewed,manual,nz1dr,16,12,9,0.01100000000000000,89.00000000000000000,0.15318000000000001,0.17100000000000001
3724449,earthquake,2011-02-22T02:21:56.989Z,2013-08-14T16:14:00.000Z,172.65487999999999147,-43.58500000000000085,3.59500000000000020,5.00000000000000000,ML,operator assigned,GROPE,reviewed,manual,nz1dr,5,3,3,0.02500000000000000,152.00000000000000000,0.06455000000000000,0.24900000000000000
3468651,earthquake,2011-02-22T02:21:42.305Z,2013-08-14T15:56:00.000Z,172.63833999999999946,-43.58852999999999867,4.17499999999999982,2.84419999999999984,ML,,GROPE,reviewed,manual,nz1dr,16,12,18,0.01700000000000000,93.00000000000000000,0.15432000000000001,0.23400000000000001
3724459,earthquake,2011-02-22T02:21:22.130Z,2013-08-14T16:14:00.000Z,172.61841000000001145,-43.59684000000000026,3.48300000000000010,7.17729999999999979,ML,,GROPE,reviewed,manual,nz1dr,15,10,6,0.02100000000000000,135.00000000000000000,0.18468000000000001,0.27700000000000002
3722358,earthquake,2011-02-22T02:08:52.029Z,2013-08-14T16:13:00.000Z,172.58985999999998739,-43.57945000000000135,3.30600000000000005,5.00000000000000000,ML,operator assigned,GROPE,reviewed,manual,nz1dr,6,3,2,0.02400000000000000,264.00000000000000000,0.08294000000000000,0.23200000000000001
3468645,earthquake,2011-02-22T02:08:30.206Z,2013-08-14T15:56:00.000Z,172.61104000000000269,-43.60040000000000049,3.74900000000000011,8.23049999999999926,ML,,GROPE,reviewed,manual,nz1dr,21,14,20,0.02600000000000000,86.00000000000000000,0.20232000000000000,0.20000000000000001
3468642,earthquake,2011-02-22T02:04:16.581Z,2013-08-14T15:56:00.000Z,172.62233000000000516,-43.61126999999999754,3.65300000000000002,7.27219999999999978,ML,,GROPE,reviewed,manual,nz1dr,18,12,14,0.03500000000000000,102.00000000000000000,0.25091000000000002,0.16700000000000001
3722322,earthquake,2011-02-22T02:03:53.397Z,2013-08-14T16:13:00.000Z,172.62308999999999060,-43.59013999999999811,3.37699999999999978,5.00000000000000000,ML,operator assigned,GROPE,reviewed,manual,nz1dr,9,5,8,0.01400000000000000,167.00000000000000000,0.22187000000000001,0.26700000000000002
3722311,earthquake,2011-02-22T02:03:08.069Z,2013-08-14T16:13:00.000Z,172.62029000000001133,-43.59582999999999942,3.52999999999999980,5.00000000000000000,ML,operator assigned,GROPE,reviewed,manual,nz1dr,13,10,12,0.02000000000000000,95.00000000000000000,0.14176000000000000,0.20300000000000001
3722262,earthquake,2011-02-22T02:00:15.107Z,2013-08-14T16:13:00.000Z,172.59128999999998655,-43.60486000000000217,3.43900000000000006,5.04330000000000034,ML,,GROPE,reviewed,manual,nz1dr,12,8,8,0.03700000000000000,117.00000000000000000,0.10313000000000000,0.28999999999999998
3722216,earthquake,2011-02-22T01:59:42.173Z,2013-08-14T16:13:00.000Z,172.62656000000001200,-43.59662000000000148,3.50099999999999989,5.00000000000000000,ML,operator assigned,GROPE,reviewed,manual,nz1dr,8,4,4,0.02000000000000000,177.00000000000000000,0.21732000000000001,0.17100000000000001
3722210,earthquake,2011-02-22T01:58:49.443Z,2013-08-14T16:13:00.000Z,172.61757000000000062,-43.61010000000000275,3.62100000000000000,5.09529999999999994,ML,,GROPE,reviewed,manual,nz1dr,10,5,8,0.03400000000000000,139.00000000000000000,0.13883999999999999,0.22200000000000000
3721796,earthquake,2011-02-22T01:57:50.942Z,2013-08-14T16:13:00.000Z,172.63588999999998919,-43.57392999999999716,4.06400000000000006,5.14590000000000014,ML,,GROPE,reviewed,manual,nz1dr,21,16,20,0.01000000000000000,81.00000000000000000,0.13483999999999999,0.25000000000000000
3721783,earthquake,2011-02-22T01:57:24.024Z,2013-08-14T16:13:00.000Z,172.59599000000000046,-43.59747000000000128,3.30399999999999983,4.90080000000000027,ML,,GROPE,reviewed,manual,nz1dr,9,5,4,0.02900000000000000,144.00000000000000000,0.14663000000000001,0.25100000000000000
3721774,earthquake,2011-02-22T01:55:38.861Z,2013-08-14T16:13:00.000Z,172.59569999999999368,-43.59241999999999706,4.33600000000000030,6.04959999999999987,ML,,GROPE,reviewed,manual,nz1dr,8,5,44,0.02600000000000000,143.00000000000000000,0.17713999999999999,0.27100000000000002
3721763,earthquake,2011-02-22T01:55:35.191Z,2013-08-14T16:13:00.000Z,172.57056000000000040,-43.59535999999999945,3.91999999999999993,4.90979999999999972,ML,,GROPE,reviewed,manual,nz1dr,8,6,4,0.04300000000000000,139.00000000000000000,0.06075000000000000,0.44800000000000001
3721759,earthquake,2011-02-22T01:54:52.235Z,2013-08-14T16:13:00.000Z,172.58146999999999593,-43.61903999999999826,3.57399999999999984,5.00000000000000000,ML,operator assigned,GROPE,reviewed,manual,nz1dr,9,6,4,0.05200000000000000,157.00000000000000000,0.21440999999999999,0.20100000000000001
3721752,earthquake,2011-02-22T01:54:42.747Z,2013-08-14T16:13:00.000Z,172.61666999999999916,-43.56334999999999980,3.63700000000000001,3.92620000000000013,ML,,GROPE,reviewed,manual,nz1dr,12,7,4,0.00700000000000000,130.00000000000000000,0.14724999999999999,0.23400000000000001
3721723,earthquake,2011-02-22T01:54:14.268Z,2013-08-14T16:13:00.000Z,172.65685999999999467,-43.54334999999999667,3.87000000000000011,5.74770000000000003,ML,,GROPE,reviewed,manual,nz1dr,8,4,4,0.03400000000000000,246.00000000000000000,0.05506000000000000,0.15900000000000000
3721720,earthquake,2011-02-22T01:53:53.847Z,2013-08-14T16:13:00.000Z,172.66526999999999248,-43.59832000000000107,3.58499999999999996,5.00000000000000000,ML,operator assigned,GROPE,reviewed,manual,nz1dr,7,4,2,0.03800000000000000,200.00000000000000000,0.06733000000000000,0.24099999999999999
3721712,earthquake,2011-02-22T01:53:49.797Z,2013-08-14T16:13:00.000Z,172.62924000000001001,-43.56174000000000035,3.41999999999999993,5.00000000000000000,ML,operator assigned,GROPE,reviewed,manual,nz1dr,6,4,2,0.00700000000000000,167.00000000000000000,0.09308000000000000,0.27700000000000002
3721694,earthquake,2011-02-22T01:53:29.199Z,2013-08-14T16:13:00.000Z,172.63963000000001102,-43.57614999999999839,3.79099999999999993,5.71600000000000019,ML,,GROPE,reviewed,manual,nz1dr,10,6,2,0.01200000000000000,180.00000000000000000,0.07335000000000000,0.24199999999999999
3721668,earthquake,2011-02-22T01:53:13.354Z,2013-08-14T16:13:00.000Z,172.64043000000000916,-43.60181000000000040,3.68100000000000005,5.52700000000000014,ML,,GROPE,reviewed,manual,nz1dr,10,6,2,0.02800000000000000,159.00000000000000000,0.09803000000000001,0.32800000000000001
3714849,earthquake,2011-02-22T01:53:05.212Z,2013-08-14T16:13:00.000Z,172.65102999999999156,-43.59546000000000276,3.61900000000000022,5.00000000000000000,ML,operator assigned,GROPE,reviewed,manual,nz1dr,10,6,2,0.02800000000000000,134.00000000000000000,0.11260000000000001,0.22500000000000001
3510175,earthquake,2011-02-22T01:52:49.158Z,2013-08-14T16:12:00.000Z,172.63818000000000552,-43.58988000000000085,3.85700000000000021,5.21089999999999964,ML,,GROPE,reviewed,manual,nz1dr,14,10,2,0.01700000000000000,139.00000000000000000,0.11771000000000000,0.30900000000000000
3510143,earthquake,2011-02-22T01:52:37.591Z,2013-08-14T16:12:00.000Z,172.65621999999999048,-43.57932000000000272,4.21799999999999997,3.86699999999999999,ML,,GROPE,reviewed,manual,nz1dr,25,14,3,0.02400000000000000,96.00000000000000000,0.26068000000000002,0.19900000000000001
3510165,earthquake,2011-02-22T01:52:12.493Z,2013-08-14T16:12:00.000Z,172.64019999999999300,-43.59299000000000035,4.44099999999999984,9.01670000000000016,ML,,GROPE,reviewed,manual,nz1dr,21,10,4,0.02100000000000000,98.00000000000000000,0.20064000000000001,0.23699999999999999
3510134,earthquake,2011-02-22T01:51:09.857Z,2013-08-14T16:12:00.000Z,172.62812999999999874,-43.58984000000000236,4.98200000000000021,6.95340000000000025,ML,,GROPE,reviewed,manual,nz1dr,35,21,3,0.01400000000000000,118.00000000000000000,0.23172000000000001,0.19600000000000001
3509752,earthquake,2011-02-22T01:51:05.469Z,2013-08-14T16:12:00.000Z,172.60267999999999233,-43.55572999999999695,4.35400000000000009,3.70190000000000019,ML,,GROPE,reviewed,manual,nz1dr,20,11,2,0.01900000000000000,137.00000000000000000,0.26462000000000002,0.29599999999999999
3468635,earthquake,2011-02-22T01:50:29.800Z,2013-08-14T15:56:00.000Z,172.63362000000000762,-43.59044000000000096,5.59999999999999964,6.62270000000000003,Mw,,GROPE,reviewed,manual,nz1dr,40,36,0,0.01600000000000000,76.00000000000000000,0.20322000000000001,0.00000000000000000
3468630,earthquake,2011-02-22T01:39:59.005Z,2013-08-14T15:56:00.000Z,172.72568000000001120,-43.52553999999999945,4.00000000000000000,7.83619999999999983,ML,,GROPE,reviewed,manual,nz1dr,21,16,34,0.01700000000000000,168.00000000000000000,0.17230999999999999,0.26100000000000001
3506301,earthquake,2011-02-22T01:38:22.885Z,2013-08-14T16:12:00.000Z,172.62891999999999371,-43.60336999999999819,3.37900000000000000,2.80319999999999991,ML,,GROPE,reviewed,manual,nz1dr,12,6,4,0.02700000000000000,175.00000000000000000,0.12271000000000000,0.15600000000000000
3506289,earthquake,2011-02-22T01:38:08.463Z,2013-08-14T16:12:00.000Z,172.60090999999999894,-43.59454999999999814,3.43800000000000017,5.00000000000000000,ML,operator assigned,GROPE,reviewed,manual,nz1dr,13,6,9,0.02400000000000000,142.00000000000000000,0.17443000000000000,0.30299999999999999
3506282,earthquake,2011-02-22T01:37:26.046Z,2013-08-14T16:12:00.000Z,172.62413000000000807,-43.58868999999999971,3.43100000000000005,3.61909999999999998,ML,,GROPE,reviewed,manual,nz1dr,18,11,11,0.01200000000000000,163.00000000000000000,0.24576000000000001,0.28999999999999998
3496837,earthquake,2011-02-22T01:23:26.886Z,2013-08-14T16:11:00.000Z,172.81768999999999892,-43.55960000000000321,3.80399999999999983,4.36340000000000039,ML,,GROPE,reviewed,manual,nz1dr,20,13,15,0.08100000000000000,217.00000000000000000,0.18465999999999999,0.19500000000000001
3496304,earthquake,2011-02-22T01:20:56.518Z,2013-08-14T16:11:00.000Z,172.69640999999998598,-43.58265999999999707,4.49699999999999989,8.63049999999999962,ML,,GROPE,reviewed,manual,nz1dr,27,20,63,0.03400000000000000,97.00000000000000000,0.11415000000000000,0.26000000000000001
3468622,earthquake,2011-02-22T01:20:09.619Z,2013-08-14T15:56:00.000Z,172.70394999999999186,-43.58764000000000038,4.40000000000000036,6.56730000000000036,Mw,,GROPE,reviewed,manual,nz1dr,20,12,0,0.02700000000000000,131.00000000000000000,0.19799000000000000,0.00000000000000000
3495829,earthquake,2011-02-22T01:16:23.806Z,2013-08-14T16:11:00.000Z,172.73870999999999754,-43.53027000000000157,3.48700000000000010,7.81620000000000026,ML,,GROPE,reviewed,manual,nz1dr,14,7,2,0.02200000000000000,213.00000000000000000,0.16927000000000000,0.16500000000000001
3495817,earthquake,2011-02-22T01:15:54.665Z,2013-08-14T16:11:00.000Z,172.63393999999999551,-43.59487000000000023,4.29999999999999982,4.95120000000000005,Mw,,GROPE,reviewed,manual,nz1dr,31,21,0,0.02000000000000000,77.00000000000000000,0.17618000000000000,0.00000000000000000
3495812,earthquake,2011-02-22T01:15:43.051Z,2013-08-14T16:11:00.000Z,172.67526000000000863,-43.55566000000000315,3.96799999999999997,7.67140000000000022,ML,,GROPE,reviewed,manual,nz1dr,15,9,6,0.03500000000000000,157.00000000000000000,0.19366000000000000,0.25900000000000001
3495789,earthquake,2011-02-22T01:04:47.745Z,2013-08-14T16:11:00.000Z,172.75803999999999405,-43.54914000000000129,3.40700000000000003,5.45120000000000005,ML,,GROPE,reviewed,manual,nz1dr,19,8,10,0.04500000000000000,230.00000000000000000,0.18032000000000001,0.19100000000000000
3495309,earthquake,2011-02-22T01:02:42.996Z,2013-08-14T16:11:00.000Z,172.64879999999999427,-43.58668000000000120,3.36299999999999999,3.33809999999999985,ML,,GROPE,reviewed,manual,nz1dr,11,5,7,0.02100000000000000,197.00000000000000000,0.10130000000000000,0.24399999999999999
3468616,earthquake,2011-02-22T00:59:49.865Z,2013-08-14T15:56:00.000Z,172.81043999999999983,-43.63551999999999964,3.33099999999999996,10.30429999999999957,ML,,GROPE,reviewed,manual,nz1dr,17,9,6,0.09100000000000000,262.00000000000000000,0.26971000000000001,0.21800000000000000
3492065,earthquake,2011-02-22T00:52:16.455Z,2013-08-14T16:11:00.000Z,172.64612999999999943,-43.59393000000000029,3.72500000000000009,6.25180000000000025,ML,,GROPE,reviewed,manual,nz1dr,15,9,7,0.02400000000000000,103.00000000000000000,0.13206000000000001,0.27600000000000002
3492049,earthquake,2011-02-22T00:52:08.890Z,2013-08-14T16:11:00.000Z,172.71715000000000373,-43.56468999999999880,3.55399999999999983,7.52510000000000012,ML,,GROPE,reviewed,manual,nz1dr,23,13,8,0.01700000000000000,188.00000000000000000,0.19303000000000001,0.20899999999999999
3491538,earthquake,2011-02-22T00:47:51.094Z,2013-08-14T16:11:00.000Z,172.72954999999998904,-43.51957000000000164,3.94600000000000017,7.47240000000000038,ML,,GROPE,reviewed,manual,nz1dr,23,15,31,0.01100000000000000,176.00000000000000000,0.19302000000000000,0.24900000000000000
3491527,earthquake,2011-02-22T00:46:38.620Z,2013-08-14T16:11:00.000Z,172.63730000000001041,-43.59931999999999874,4.28899999999999970,6.58910000000000018,ML,,GROPE,reviewed,manual,nz1dr,30,16,42,0.02500000000000000,77.00000000000000000,0.32333000000000001,0.33400000000000002
3489977,earthquake,2011-02-22T00:43:07.450Z,2013-08-14T16:10:00.000Z,172.72338999999999487,-43.56170999999999793,3.54000000000000004,9.06320000000000014,ML,,GROPE,reviewed,manual,nz1dr,18,11,15,0.02200000000000000,193.00000000000000000,0.28455999999999998,0.32800000000000001
3489956,earthquake,2011-02-22T00:40:48.273Z,2013-08-14T16:10:00.000Z,172.77764999999999418,-43.58265000000000100,3.30200000000000005,5.00000000000000000,ML,operator assigned,GROPE,reviewed,manual,nz1dr,12,5,6,0.05000000000000000,241.00000000000000000,0.18196000000000001,0.26300000000000001
3489907,earthquake,2011-02-22T00:36:29.836Z,2013-08-14T16:10:00.000Z,172.62076999999999316,-43.60399999999999920,3.41800000000000015,5.00000000000000000,ML,operator assigned,GROPE,reviewed,manual,nz1dr,18,11,9,0.02800000000000000,136.00000000000000000,0.30016999999999999,0.22500000000000001
3489501,earthquake,2011-02-22T00:34:54.659Z,2013-08-14T16:10:00.000Z,172.63448999999999955,-43.61634000000000100,3.55100000000000016,13.21930000000000049,ML,,GROPE,reviewed,manual,nz1dr,14,8,16,0.04100000000000000,171.00000000000000000,0.13281000000000001,0.23400000000000001
3489483,earthquake,2011-02-22T00:33:59.569Z,2013-08-14T16:10:00.000Z,172.64276000000000977,-43.59929999999999950,3.51100000000000012,5.00000000000000000,ML,operator assigned,GROPE,reviewed,manual,nz1dr,18,10,11,0.02700000000000000,125.00000000000000000,0.27570000000000000,0.25100000000000000
3489489,earthquake,2011-02-22T00:33:24.807Z,2013-08-14T16:10:00.000Z,172.66337999999998942,-43.58178999999999803,3.31499999999999995,5.00000000000000000,ML,operator assigned,GROPE,reviewed,manual,nz1dr,10,6,5,0.03000000000000000,109.00000000000000000,0.20361000000000001,0.10100000000000001
3488658,earthquake,2011-02-22T00:32:25.452Z,2013-08-14T16:10:00.000Z,172.74240000000000350,-43.54921999999999827,4.20500000000000007,5.37260000000000026,ML,,GROPE,reviewed,manual,nz1dr,23,16,43,0.04000000000000000,213.00000000000000000,0.20669000000000001,0.21600000000000000
3488653,earthquake,2011-02-22T00:31:57.942Z,2013-08-14T16:10:00.000Z,172.65676999999999452,-43.58767000000000280,3.49800000000000022,5.81460000000000043,ML,,GROPE,reviewed,manual,nz1dr,11,6,4,0.02700000000000000,114.00000000000000000,0.10433000000000001,0.06300000000000000
3468601,earthquake,2011-02-22T00:31:05.725Z,2013-08-14T15:56:00.000Z,172.75025999999999726,-43.58970000000000056,4.10700000000000021,9.55700000000000038,ML,,GROPE,reviewed,manual,nz1dr,29,19,31,0.02700000000000000,221.00000000000000000,0.15594000000000000,0.29499999999999998
3488159,earthquake,2011-02-22T00:25:27.025Z,2013-08-14T16:10:00.000Z,172.69115999999999644,-43.58042999999999978,3.41900000000000004,5.00000000000000000,ML,operator assigned,GROPE,reviewed,manual,nz1dr,15,9,10,0.01300000000000000,114.00000000000000000,0.24796000000000001,0.23100000000000001
3488148,earthquake,2011-02-22T00:25:00.762Z,2013-08-14T16:10:00.000Z,172.68196000000000367,-43.57880999999999716,3.45999999999999996,4.40599999999999969,ML,,GROPE,reviewed,manual,nz1dr,17,9,10,0.02000000000000000,118.00000000000000000,0.11204000000000000,0.21600000000000000
3488145,earthquake,2011-02-22T00:24:20.435Z,2013-08-14T16:10:00.000Z,172.67006000000000654,-43.57806000000000068,3.68699999999999983,6.04209999999999958,ML,,GROPE,reviewed,manual,nz1dr,17,11,12,0.02900000000000000,116.00000000000000000,0.19494000000000000,0.29199999999999998
3470057,earthquake,2011-02-22T00:23:01.416Z,2013-08-14T16:03:00.000Z,172.75049000000001342,-43.57918000000000092,4.30499999999999972,6.63919999999999977,ML,,GROPE,reviewed,manual,nz1dr,27,17,37,0.03000000000000000,220.00000000000000000,0.17338999999999999,0.32200000000000001
3488140,earthquake,2011-02-22T00:22:54.976Z,2013-08-14T16:10:00.000Z,172.64869999999999095,-43.60472000000000037,3.57699999999999996,5.68430000000000035,ML,,GROPE,reviewed,manual,nz1dr,17,10,5,0.03400000000000000,146.00000000000000000,0.17607000000000000,0.26000000000000001
3468595,earthquake,2011-02-22T00:21:25.786Z,2013-08-14T15:56:00.000Z,172.78738000000001307,-43.55051000000000272,4.09100000000000019,7.58439999999999959,ML,,GROPE,reviewed,manual,nz1dr,25,16,32,0.05800000000000000,238.00000000000000000,0.25369999999999998,0.26900000000000002
3681813,earthquake,2011-02-22T00:18:56.671Z,2013-08-14T16:13:00.000Z,172.66444000000001324,-43.52740000000000009,3.44899999999999984,5.00000000000000000,ML,operator assigned,GROPE,reviewed,manual,nz1dr,10,6,10,0.02200000000000000,170.00000000000000000,0.41892000000000001,0.19900000000000001
3484494,earthquake,2011-02-22T00:18:46.977Z,2013-08-14T16:10:00.000Z,172.69088999999999601,-43.56620000000000203,3.52400000000000002,8.50270000000000081,ML,,GROPE,reviewed,manual,nz1dr,14,8,15,0.02000000000000000,160.00000000000000000,0.19733999999999999,0.23699999999999999
3484483,earthquake,2011-02-22T00:17:14.202Z,2013-08-14T16:10:00.000Z,172.61984000000001060,-43.59356999999999971,3.73300000000000010,5.00000000000000000,ML,operator assigned,GROPE,reviewed,manual,nz1dr,14,7,18,0.02700000000000000,134.00000000000000000,0.20785000000000001,0.25000000000000000
3484477,earthquake,2011-02-22T00:16:31.031Z,2013-08-14T16:10:00.000Z,172.68950000000000955,-43.56286000000000058,3.42700000000000005,7.70300000000000029,ML,,GROPE,reviewed,manual,nz1dr,12,7,8,0.02300000000000000,164.00000000000000000,0.26027000000000000,0.20899999999999999
3484472,earthquake,2011-02-22T00:15:49.884Z,2013-08-14T16:10:00.000Z,172.69191000000000713,-43.57423000000000002,3.43000000000000016,5.00000000000000000,ML,operator assigned,GROPE,reviewed,manual,nz1dr,13,6,8,0.01400000000000000,140.00000000000000000,0.29818000000000000,0.26200000000000001
3484468,earthquake,2011-02-22T00:14:53.994Z,2013-08-14T16:10:00.000Z,172.71486999999999057,-43.58614000000000033,3.70400000000000018,7.18130000000000024,ML,,GROPE,reviewed,manual,nz1dr,11,8,3,0.00600000000000000,185.00000000000000000,0.11969000000000000,0.16700000000000001
3483490,earthquake,2011-02-22T00:14:37.258Z,2013-08-14T16:10:00.000Z,172.69474999999999909,-43.55382000000000176,3.85300000000000020,7.89160000000000039,ML,,GROPE,reviewed,manual,nz1dr,21,15,21,0.02900000000000000,153.00000000000000000,0.20926000000000000,0.22900000000000001
3483483,earthquake,2011-02-22T00:13:05.567Z,2013-08-14T16:10:00.000Z,172.65977000000000885,-43.59322000000000230,3.75400000000000000,5.00000000000000000,ML,operator assigned,GROPE,reviewed,manual,nz1dr,16,8,13,0.03700000000000000,118.00000000000000000,0.26995999999999998,0.27100000000000002
3483427,earthquake,2011-02-22T00:12:32.320Z,2013-08-14T16:10:00.000Z,172.69658999999998628,-43.55371000000000237,3.68400000000000016,5.00000000000000000,ML,operator assigned,GROPE,reviewed,manual,nz1dr,16,11,10,0.02900000000000000,182.00000000000000000,0.23924999999999999,0.14000000000000001
3483371,earthquake,2011-02-22T00:12:13.068Z,2013-08-14T16:10:00.000Z,172.68983000000000061,-43.58173000000000030,3.56300000000000017,5.00000000000000000,ML,operator assigned,GROPE,reviewed,manual,nz1dr,18,9,5,0.01400000000000000,109.00000000000000000,0.20870000000000000,0.18900000000000000
3483104,earthquake,2011-02-22T00:11:27.874Z,2013-08-14T16:10:00.000Z,172.70333999999999719,-43.55431999999999704,3.62000000000000011,5.00000000000000000,ML,operator assigned,GROPE,reviewed,manual,nz1dr,12,7,7,0.02700000000000000,193.00000000000000000,0.26117000000000001,0.27600000000000002
3468590,earthquake,2011-02-22T00:10:46.328Z,2013-08-14T15:56:00.000Z,172.71244999999998981,-43.54719000000000051,4.03399999999999981,6.27259999999999973,ML,,GROPE,reviewed,manual,nz1dr,20,12,23,0.04500000000000000,182.00000000000000000,0.14276000000000000,0.29299999999999998
3482411,earthquake,2011-02-22T00:08:15.296Z,2013-08-14T16:10:00.000Z,172.65637000000000967,-43.59953000000000145,4.68100000000000005,7.39309999999999956,ML,,GROPE,reviewed,manual,nz1dr,24,14,3,0.04000000000000000,82.00000000000000000,0.20644000000000001,0.14000000000000001
3482405,earthquake,2011-02-22T00:07:47.698Z,2013-08-14T16:10:00.000Z,172.77850000000000819,-43.52683999999999997,4.33600000000000030,5.00000000000000000,ML,operator assigned,GROPE,reviewed,manual,nz1dr,15,11,3,0.06000000000000000,258.00000000000000000,0.13152000000000000,0.23899999999999999
3481949,earthquake,2011-02-22T00:06:56.754Z,2013-08-14T16:10:00.000Z,172.79308000000000334,-43.56031999999999726,4.36399999999999988,7.09459999999999980,ML,,GROPE,reviewed,manual,nz1dr,12,6,3,0.06400000000000000,286.00000000000000000,0.15593000000000001,0.20000000000000001
3481944,earthquake,2011-02-22T00:06:14.502Z,2013-08-14T16:10:00.000Z,172.75506999999998925,-43.53314999999999912,4.11899999999999977,6.45220000000000038,ML,,GROPE,reviewed,manual,nz1dr,14,10,2,0.04900000000000000,255.00000000000000000,0.12418999999999999,0.18500000000000000
3481939,earthquake,2011-02-22T00:05:36.943Z,2013-08-14T16:10:00.000Z,172.65694999999999482,-43.58971999999999980,4.59299999999999997,5.00000000000000000,ML,operator assigned,GROPE,reviewed,manual,nz1dr,13,8,2,0.03300000000000000,119.00000000000000000,0.15886000000000000,0.17499999999999999
3468581,earthquake,2011-02-22T00:04:19.315Z,2013-08-14T15:56:00.000Z,172.66228000000000975,-43.58849000000000018,5.50000000000000000,5.75030000000000019,Mw,,GROPE,reviewed,manual,nz1dr,35,29,0,0.03500000000000000,68.00000000000000000,0.22273000000000001,0.00000000000000000
3481853,earthquake,2011-02-22T00:04:02.417Z,2013-08-14T16:10:00.000Z,172.70787000000001399,-43.57780000000000342,3.52700000000000014,5.00000000000000000,ML,operator assigned,GROPE,reviewed,manual,nz1dr,13,7,4,0.00400000000000000,181.00000000000000000,0.26085999999999998,0.16100000000000000
3481784,earthquake,2011-02-22T00:03:08.697Z,2013-08-14T16:10:00.000Z,172.69771000000000072,-43.58362999999999943,3.66500000000000004,6.90979999999999972,ML,,GROPE,reviewed,manual,nz1dr,11,6,8,0.05600000000000000,215.00000000000000000,0.24895999999999999,0.20200000000000001
3468580,earthquake,2011-02-22T00:02:14.652Z,2013-08-14T15:56:00.000Z,172.68056999999998880,-43.57903999999999911,3.45299999999999985,5.90589999999999993,ML,,GROPE,reviewed,manual,nz1dr,13,7,3,0.02100000000000000,117.00000000000000000,0.12912000000000001,0.11799999999999999
3481778,earthquake,2011-02-22T00:01:54.307Z,2013-08-14T16:09:00.000Z,172.66837000000001012,-43.58906000000000347,3.88600000000000012,5.00000000000000000,ML,operator assigned,GROPE,reviewed,manual,nz1dr,12,6,8,0.03100000000000000,119.00000000000000000,0.23180999999999999,0.28100000000000003
3481760,earthquake,2011-02-22T00:00:43.638Z,2013-08-14T16:09:00.000Z,172.71120999999999412,-43.56647000000000247,3.72000000000000020,5.36160000000000014,ML,,GROPE,reviewed,manual,nz1dr,10,6,4,0.01500000000000000,209.00000000000000000,0.12828999999999999,0.26800000000000002
3481751,earthquake,2011-02-22T00:00:31.226Z,2013-08-14T16:09:00.000Z,172.69771000000000072,-43.55290999999999713,3.65499999999999980,5.57359999999999989,ML,,GROPE,reviewed,manual,nz1dr,11,6,5,0.02900000000000000,186.00000000000000000,0.17635000000000001,0.19900000000000001
3481744,earthquake,2011-02-21T23:59:36.393Z,2013-08-14T16:09:00.000Z,172.69426000000001409,-43.58418999999999954,4.12699999999999978,4.96720000000000006,ML,,GROPE,reviewed,manual,nz1dr,13,6,8,0.01100000000000000,119.00000000000000000,0.18164000000000000,0.28199999999999997
3480405,earthquake,2011-02-21T23:59:29.340Z,2013-08-14T16:09:00.000Z,172.69783000000001039,-43.58899999999999864,3.77800000000000002,7.39730000000000043,ML,,GROPE,reviewed,manual,nz1dr,11,6,4,0.01100000000000000,149.00000000000000000,0.21238000000000001,0.09700000000000000
3480394,earthquake,2011-02-21T23:57:30.396Z,2013-08-14T16:09:00.000Z,172.95322999999999070,-43.88654999999999973,4.24500000000000011,26.27830000000000155,ML,,GROPE,reviewed,manual,nz1dr,9,5,3,0.28100000000000003,334.00000000000000000,0.28377999999999998,0.15500000000000000
3468577,earthquake,2011-02-21T23:56:54.617Z,2013-08-14T15:56:00.000Z,172.66882000000001085,-43.58628000000000213,4.86300000000000043,5.00000000000000000,ML,operator assigned,GROPE,reviewed,manual,nz1dr,29,19,34,0.03800000000000000,104.00000000000000000,0.23144999999999999,0.31200000000000000
3480367,earthquake,2011-02-21T23:56:45.697Z,2013-08-14T16:09:00.000Z,172.67372000000000298,-43.54934999999999690,3.93199999999999994,5.00000000000000000,ML,operator assigned,GROPE,reviewed,manual,nz1dr,7,3,3,0.15900000000000000,206.00000000000000000,0.10929000000000000,0.18900000000000000
3479923,earthquake,2011-02-21T23:56:04.407Z,2013-08-14T16:09:00.000Z,172.66555999999999926,-43.55919999999999703,4.41000000000000014,5.00000000000000000,ML,operator assigned,GROPE,reviewed,manual,nz1dr,10,4,8,0.14899999999999999,204.00000000000000000,0.14232000000000000,0.19800000000000001
3480365,earthquake,2011-02-21T23:55:53.250Z,2013-08-14T16:09:00.000Z,172.77530999999999040,-43.57126999999999839,4.22200000000000042,5.00000000000000000,ML,operator assigned,GROPE,reviewed,manual,nz1dr,8,3,4,0.16300000000000001,238.00000000000000000,0.32207000000000002,0.10500000000000000
3479909,earthquake,2011-02-21T23:54:45.509Z,2013-08-14T16:09:00.000Z,172.68279000000001133,-43.59252999999999645,4.16800000000000015,6.65739999999999998,ML,,GROPE,reviewed,manual,nz1dr,18,10,3,0.02200000000000000,109.00000000000000000,0.25433000000000000,0.12800000000000000
3479899,earthquake,2011-02-21T23:54:27.340Z,2013-08-14T16:09:00.000Z,172.80700999999999112,-43.53694000000000131,4.53800000000000026,5.00000000000000000,ML,operator assigned,GROPE,reviewed,manual,nz1dr,20,12,4,0.08400000000000001,241.00000000000000000,0.31067000000000000,0.12500000000000000
3479893,earthquake,2011-02-21T23:53:32.719Z,2013-08-14T16:09:00.000Z,172.73076000000000363,-43.55855999999999995,4.80100000000000016,7.10789999999999988,ML,,GROPE,reviewed,manual,nz1dr,20,12,3,0.02800000000000000,204.00000000000000000,0.22044000000000000,0.11600000000000001
3468575,earthquake,2011-02-21T23:51:42.320Z,2013-08-14T15:56:00.000Z,172.67848000000000752,-43.58212999999999937,6.20000000000000018,5.41429999999999989,Mw,,GROPE,reviewed,manual,nz1dr,40,36,0,0.02200000000000000,72.00000000000000000,0.26146999999999998,0.00000000000000000
3468091,earthquake,2011-02-21T00:13:09.281Z,2013-08-14T15:55:00.000Z,173.00439000000000078,-42.59557999999999822,3.39199999999999990,33.00000000000000000,ML,operator assigned,GROPE,reviewed,manual,nz1dr,23,19,14,0.57199999999999995,134.00000000000000000,0.28689999999999999,0.27200000000000002
3468032,earthquake,2011-02-20T21:38:18.301Z,2013-08-14T15:55:00.000Z,172.42180999999999358,-43.40675000000000239,3.56400000000000006,8.69110000000000049,ML,,GROPE,reviewed,manual,nz1dr,22,16,15,0.06400000000000000,83.00000000000000000,0.14188000000000001,0.18800000000000000
3467888,earthquake,2011-02-20T14:25:15.496Z,2013-08-14T15:55:00.000Z,172.40210999999999331,-43.40413000000000210,3.73300000000000010,8.11880000000000024,ML,,GROPE,reviewed,manual,nz1dr,28,19,24,0.07600000000000000,66.00000000000000000,0.18507999999999999,0.16800000000000001
3467704,earthquake,2011-02-20T05:34:50.170Z,2013-08-14T15:54:00.000Z,172.40018000000000598,-43.41031999999999869,3.64699999999999980,9.66389999999999993,ML,,GROPE,reviewed,manual,nz1dr,25,17,18,0.09700000000000000,78.00000000000000000,0.14334000000000000,0.15300000000000000
3467671,earthquake,2011-02-20T03:48:27.624Z,2013-08-14T15:54:00.000Z,172.40298000000001366,-43.40476999999999919,3.70000000000000018,7.68020000000000014,Mw,,GROPE,reviewed,manual,nz1dr,29,18,0,0.07500000000000000,67.00000000000000000,0.17421000000000000,0.00000000000000000
3466477,earthquake,2011-02-17T18:43:29.585Z,2013-08-14T15:52:00.000Z,172.52968000000001325,-43.60110999999999848,3.84799999999999986,8.96260000000000012,ML,,GROPE,reviewed,manual,nz1dr,23,17,20,0.06500000000000000,78.00000000000000000,0.14766000000000001,0.20000000000000001
3465057,earthquake,2011-02-14T20:29:30.518Z,2013-08-14T15:50:00.000Z,172.17909000000000219,-43.50610000000000355,3.61900000000000022,9.67600000000000016,ML,,GROPE,reviewed,manual,nz1dr,19,14,13,0.05800000000000000,64.00000000000000000,0.19849000000000000,0.23400000000000001
3462779,earthquake,2011-02-10T03:16:35.349Z,2013-08-14T15:47:00.000Z,172.40860000000000696,-43.59541000000000111,3.60000000000000009,11.22020000000000017,Mw,,GROPE,reviewed,manual,nz1dr,30,23,0,0.02000000000000000,87.00000000000000000,0.21980000000000000,0.00000000000000000
3460390,earthquake,2011-02-05T02:50:37.642Z,2013-08-14T15:44:00.000Z,171.62251000000000545,-43.56871000000000294,3.80100000000000016,5.00000000000000000,ML,operator assigned,GROPE,reviewed,manual,nz1dr,17,13,15,0.38700000000000001,104.00000000000000000,0.15103000000000000,0.17699999999999999
3460304,earthquake,2011-02-04T22:08:41.671Z,2013-08-14T15:44:00.000Z,172.12273999999999319,-43.45618999999999943,3.41400000000000015,5.00000000000000000,ML,operator assigned,GROPE,reviewed,manual,nz1dr,13,10,13,0.14299999999999999,105.00000000000000000,0.23002000000000000,0.18500000000000000
3460266,earthquake,2011-02-04T20:02:27.240Z,2013-08-14T15:44:00.000Z,173.79085000000000605,-42.48843000000000103,3.79999999999999982,2.00000000000000000,Mw,operator assigned,GROPE,reviewed,manual,nz1dr,35,31,0,0.10100000000000001,161.00000000000000000,0.25341999999999998,0.00000000000000000
3460019,earthquake,2011-02-04T05:17:46.051Z,2013-08-14T15:43:00.000Z,172.35005000000001019,-43.63980000000000103,3.76100000000000012,8.93130000000000024,ML,,GROPE,reviewed,manual,nz1dr,16,13,19,0.04400000000000000,106.00000000000000000,0.19589999999999999,0.19400000000000001
3460014,earthquake,2011-02-04T04:56:28.711Z,2013-08-14T15:43:00.000Z,172.35248999999998887,-43.63092999999999932,4.29999999999999982,5.00000000000000000,Mw,operator assigned,GROPE,reviewed,manual,nz1dr,24,21,0,0.04200000000000000,99.00000000000000000,0.13259000000000001,0.00000000000000000
3459804,earthquake,2011-02-03T18:38:35.797Z,2013-08-14T15:43:00.000Z,172.02717999999998710,-43.18558999999999770,3.46200000000000019,10.07269999999999932,ML,,GROPE,reviewed,manual,nz1dr,13,7,13,0.14199999999999999,108.00000000000000000,0.17832999999999999,0.15900000000000000
3459803,earthquake,2011-02-03T18:32:50.508Z,2013-08-14T15:43:00.000Z,172.01534000000000901,-43.15666999999999831,4.20000000000000018,8.45410000000000039,Mw,,GROPE,reviewed,manual,nz1dr,27,23,0,0.17199999999999999,65.00000000000000000,0.21959999999999999,0.00000000000000000
3457639,earthquake,2011-01-30T19:53:54.497Z,2013-08-14T15:01:00.000Z,172.42701999999999884,-43.61008999999999958,3.35099999999999998,12.13380000000000081,ML,,GROPE,reviewed,manual,nz1dr,13,10,12,0.10400000000000000,98.00000000000000000,0.21998000000000001,0.17699999999999999
3457360,earthquake,2011-01-30T07:57:27.300Z,2013-08-14T15:01:00.000Z,172.40056000000001291,-43.58442000000000149,3.58999999999999986,10.87299999999999933,ML,,GROPE,reviewed,manual,nz1dr,15,12,17,0.16200000000000001,95.00000000000000000,0.20684000000000000,0.16900000000000001
3456357,earthquake,2011-01-28T05:04:05.837Z,2013-08-14T14:59:00.000Z,171.97587999999998942,-43.31524000000000285,3.70000000000000018,10.39339999999999975,Mw,,GROPE,reviewed,manual,nz1dr,26,18,0,0.04200000000000000,60.00000000000000000,0.16905000000000001,0.00000000000000000
3465632,earthquake,2011-01-28T05:04:04.456Z,2013-08-14T15:04:00.000Z,171.75905000000000200,-43.30575999999999937,3.73600000000000021,33.00000000000000000,ML,operator assigned,GROPE,reviewed,manual,nz1dr,8,4,5,3.68699999999999983,352.00000000000000000,0.12914000000000000,0.39800000000000002
3455353,earthquake,2011-01-26T03:35:59.345Z,2013-08-14T14:58:00.000Z,171.92310000000000514,-43.56882000000000232,3.49500000000000011,3.00000000000000000,ML,operator assigned,GROPE,reviewed,manual,nz1dr,12,7,14,0.25500000000000000,131.00000000000000000,0.17140000000000000,0.15600000000000000
3454852,earthquake,2011-01-25T01:42:06.243Z,2013-08-14T14:57:00.000Z,172.45904999999999063,-43.64112000000000080,3.72000000000000020,5.00000000000000000,ML,operator assigned,GROPE,reviewed,manual,nz1dr,18,12,17,0.13600000000000001,107.00000000000000000,0.10575000000000000,0.21299999999999999
3454745,earthquake,2011-01-24T20:13:51.621Z,2013-08-14T14:57:00.000Z,172.66301999999998884,-43.54999000000000109,3.60000000000000009,9.59060000000000024,Mw,,GROPE,reviewed,manual,nz1dr,29,23,0,0.01500000000000000,96.00000000000000000,0.16841000000000000,0.00000000000000000
3450615,earthquake,2011-01-20T19:33:52.855Z,2013-08-14T14:55:00.000Z,172.23958999999999264,-43.62669000000000352,3.83700000000000019,8.80889999999999951,ML,,GROPE,reviewed,manual,nz1dr,19,11,23,0.05200000000000000,85.00000000000000000,0.27383999999999997,0.15400000000000000
3450491,earthquake,2011-01-20T13:12:22.575Z,2013-08-14T14:55:00.000Z,172.51706999999998970,-43.60591999999999757,4.00000000000000000,7.65289999999999981,Mw,,GROPE,reviewed,manual,nz1dr,23,17,0,0.04000000000000000,106.00000000000000000,0.20377999999999999,0.00000000000000000
3450239,earthquake,2011-01-19T23:36:43.170Z,2013-08-14T14:54:00.000Z,172.53435999999999240,-43.59908999999999679,3.70000000000000018,9.20459999999999923,Mw,,GROPE,reviewed,manual,nz1dr,35,22,0,0.06600000000000000,77.00000000000000000,0.18190000000000001,0.00000000000000000
3450212,earthquake,2011-01-19T22:10:06.856Z,2013-08-14T14:54:00.000Z,172.63800000000000523,-43.54440999999999917,3.70000000000000018,8.22109999999999985,Mw,,GROPE,reviewed,manual,nz1dr,43,26,0,0.00800000000000000,62.00000000000000000,0.15772000000000000,0.00000000000000000
3450150,earthquake,2011-01-19T19:06:54.169Z,2013-08-14T14:54:00.000Z,172.41316000000000486,-43.59588999999999714,3.70000000000000018,14.24440000000000062,Mw,,GROPE,reviewed,manual,nz1dr,27,20,0,0.10600000000000000,94.00000000000000000,0.18218999999999999,0.00000000000000000
3450149,earthquake,2011-01-19T19:02:34.169Z,2013-08-14T14:54:00.000Z,172.55348000000000752,-43.60385999999999740,3.41699999999999982,10.47259999999999991,ML,,GROPE,reviewed,manual,nz1dr,20,14,10,0.05800000000000000,84.00000000000000000,0.15118999999999999,0.22400000000000000
3450113,earthquake,2011-01-19T17:03:20.506Z,2013-08-14T14:54:00.000Z,172.54053999999999292,-43.61140000000000327,4.79999999999999982,8.88969999999999949,Mw,,GROPE,reviewed,manual,nz1dr,58,40,0,0.05400000000000000,71.00000000000000000,0.25563999999999998,0.00000000000000000
3449883,earthquake,2011-01-19T04:21:43.923Z,2013-08-14T14:53:00.000Z,172.61188000000001352,-43.54804000000000030,3.45400000000000018,6.06550000000000011,ML,,GROPE,reviewed,manual,nz1dr,31,19,13,0.01800000000000000,59.00000000000000000,0.24326000000000000,0.19700000000000001
3449411,earthquake,2011-01-18T06:19:59.228Z,2013-08-14T14:53:00.000Z,172.39624000000000592,-43.57719999999999771,3.43000000000000016,12.86299999999999955,ML,,GROPE,reviewed,manual,nz1dr,17,10,11,0.11500000000000000,85.00000000000000000,0.23346000000000000,0.14599999999999999
3448698,earthquake,2011-01-16T21:47:53.103Z,2013-08-14T14:52:00.000Z,172.35393999999999437,-43.64054999999999751,3.60000000000000009,10.62049999999999983,Mw,,GROPE,reviewed,manual,nz1dr,28,21,0,0.04500000000000000,109.00000000000000000,0.18808000000000000,0.00000000000000000
3448659,earthquake,2011-01-16T16:57:49.606Z,2013-08-14T14:52:00.000Z,172.17313999999998941,-43.51277000000000328,3.41400000000000015,9.56070000000000064,ML,,GROPE,reviewed,manual,nz1dr,18,12,12,0.05600000000000000,96.00000000000000000,0.20866999999999999,0.21199999999999999
3447345,earthquake,2011-01-14T03:39:38.688Z,2013-08-14T14:50:00.000Z,172.20771999999999480,-43.60799000000000092,3.77499999999999991,15.70589999999999975,ML,,GROPE,reviewed,manual,nz1dr,18,11,19,0.10500000000000000,86.00000000000000000,0.19466000000000000,0.22000000000000000
3447071,earthquake,2011-01-13T14:03:04.784Z,2013-08-14T14:50:00.000Z,172.93981999999999744,-42.44606000000000279,3.32699999999999996,12.00000000000000000,ML,operator assigned,GROPE,reviewed,manual,nz1dr,15,13,14,0.44600000000000001,103.00000000000000000,0.30701000000000001,0.20599999999999999
3446526,earthquake,2011-01-12T09:20:59.214Z,2013-08-14T14:49:00.000Z,172.49048999999999410,-43.51787999999999812,3.37500000000000000,7.44749999999999979,ML,,GROPE,reviewed,manual,nz1dr,19,15,14,0.03600000000000000,80.00000000000000000,0.14434000000000000,0.16800000000000001
3446281,earthquake,2011-01-11T20:45:12.537Z,2013-08-14T14:49:00.000Z,172.62472999999999956,-43.53385000000000105,3.35199999999999987,4.15010000000000012,ML,,GROPE,reviewed,manual,nz1dr,18,13,4,0.00400000000000000,74.00000000000000000,0.15451000000000001,0.89100000000000001
3445561,earthquake,2011-01-10T08:58:48.442Z,2013-08-14T14:47:00.000Z,172.34830999999999790,-43.67916999999999916,3.89999999999999991,8.76580000000000048,Mw,,GROPE,reviewed,manual,nz1dr,26,18,0,0.02200000000000000,112.00000000000000000,0.15462999999999999,0.00000000000000000
3445055,earthquake,2011-01-09T05:53:03.546Z,2013-08-14T14:46:00.000Z,172.67277999999998883,-43.47746000000000066,3.30799999999999983,8.92939999999999934,ML,,GROPE,reviewed,manual,nz1dr,23,16,9,0.03000000000000000,152.00000000000000000,0.19757000000000000,0.14899999999999999
3443683,earthquake,2011-01-06T07:59:54.079Z,2013-08-14T14:45:00.000Z,172.30416999999999916,-43.55427999999999855,3.50000000000000000,8.53110000000000035,Mw,,GROPE,reviewed,manual,nz1dr,24,16,0,0.12200000000000000,84.00000000000000000,0.25545000000000001,0.00000000000000000
3443055,earthquake,2011-01-05T00:00:50.381Z,2013-08-14T14:44:00.000Z,172.63976999999999862,-43.58644999999999925,3.39999999999999991,5.66429999999999989,Mw,,GROPE,reviewed,manual,nz1dr,18,14,0,0.01600000000000000,91.00000000000000000,0.11881000000000000,0.00000000000000000
3441692,earthquake,2011-01-04T17:20:05.768Z,2013-08-14T14:44:00.000Z,171.88354000000001065,-43.57509000000000299,3.60000000000000009,5.00000000000000000,Mw,operator assigned,GROPE,reviewed,manual,nz1dr,14,8,0,0.27200000000000002,109.00000000000000000,0.18260000000000001,0.00000000000000000
3441634,earthquake,2011-01-04T14:12:02.783Z,2013-08-14T14:44:00.000Z,172.44452000000001135,-43.63186000000000320,3.46899999999999986,5.00000000000000000,ML,operator assigned,GROPE,reviewed,manual,nz1dr,17,14,11,0.14099999999999999,101.00000000000000000,0.12736000000000000,0.21700000000000000
3440691,earthquake,2011-01-02T12:46:57.295Z,2013-08-14T14:42:00.000Z,172.16800000000000637,-43.50417000000000201,3.45199999999999996,6.88930000000000042,ML,,GROPE,reviewed,manual,nz1dr,13,8,13,0.05000000000000000,118.00000000000000000,0.15848000000000001,0.20200000000000001
3440330,earthquake,2011-01-01T17:59:14.987Z,2013-08-14T14:41:00.000Z,172.45482000000001221,-43.58794999999999931,3.45299999999999985,12.00000000000000000,ML,operator assigned,GROPE,reviewed,manual,nz1dr,12,10,11,0.12300000000000000,87.00000000000000000,0.11498999999999999,0.21299999999999999
3439993,earthquake,2011-01-01T01:05:44.938Z,2013-08-14T14:41:00.000Z,172.41826000000000363,-43.55216000000000065,4.00000000000000000,9.91089999999999982,Mw,,GROPE,reviewed,manual,nz1dr,29,24,0,0.03900000000000000,76.00000000000000000,0.23563999999999999,0.00000000000000000
3439716,earthquake,2010-12-31T09:46:27.552Z,2013-08-14T12:09:00.000Z,172.63337999999998829,-43.48492000000000246,3.32399999999999984,10.27929999999999922,ML,,GROPE,reviewed,manual,nz1dr,25,18,11,0.02200000000000000,72.00000000000000000,0.16793000000000000,0.15900000000000000
3439477,earthquake,2010-12-30T20:41:24.264Z,2013-08-14T12:08:00.000Z,172.42151000000001204,-43.53578999999999866,3.51500000000000012,7.56050000000000022,ML,,GROPE,reviewed,manual,nz1dr,14,8,14,0.04000000000000000,72.00000000000000000,0.21193999999999999,0.22500000000000001
3439472,earthquake,2010-12-30T20:40:46.748Z,2013-08-14T12:08:00.000Z,172.42403999999999087,-43.53779999999999717,3.70000000000000018,10.23820000000000086,Mw,,GROPE,reviewed,manual,nz1dr,23,18,0,0.03800000000000000,73.00000000000000000,0.23605999999999999,0.00000000000000000
3437712,earthquake,2010-12-27T05:28:29.614Z,2013-08-14T12:06:00.000Z,172.13039000000000556,-43.48183999999999827,3.48499999999999988,7.96769999999999978,ML,,GROPE,reviewed,manual,nz1dr,13,7,14,0.02300000000000000,124.00000000000000000,0.17730000000000001,0.18800000000000000
3437688,earthquake,2010-12-27T04:18:13.502Z,2013-08-14T12:06:00.000Z,171.86493999999999005,-43.55369999999999919,3.39900000000000002,5.00000000000000000,ML,operator assigned,GROPE,reviewed,manual,nz1dr,10,5,12,0.25900000000000001,149.00000000000000000,0.13100999999999999,0.16600000000000001
3437524,earthquake,2010-12-26T19:47:49.386Z,2013-08-14T12:06:00.000Z,172.14251999999999043,-43.45295999999999736,3.62599999999999989,8.09120000000000061,ML,,GROPE,reviewed,manual,nz1dr,12,7,17,0.04800000000000000,108.00000000000000000,0.20168000000000000,0.26900000000000002
3437366,earthquake,2010-12-26T11:10:49.021Z,2013-08-14T12:06:00.000Z,172.63200000000000500,-43.53475999999999857,4.00000000000000000,5.05510000000000037,Mw,,GROPE,reviewed,manual,nz1dr,38,25,0,0.00400000000000000,37.00000000000000000,0.16261000000000000,0.00000000000000000
3437272,earthquake,2010-12-26T06:14:30.769Z,2013-08-14T12:05:00.000Z,172.35728000000000293,-43.58384999999999820,3.39100000000000001,5.00000000000000000,ML,operator assigned,GROPE,reviewed,manual,nz1dr,11,6,12,0.19300000000000000,142.00000000000000000,0.12572000000000000,0.19800000000000001
3437260,earthquake,2010-12-26T05:43:55.622Z,2013-08-14T12:05:00.000Z,172.40854999999999109,-43.54048999999999836,3.53900000000000015,5.00000000000000000,ML,operator assigned,GROPE,reviewed,manual,nz1dr,13,7,13,0.10400000000000000,73.00000000000000000,0.20904000000000000,0.20799999999999999
3437159,earthquake,2010-12-26T00:12:33.233Z,2013-08-14T12:05:00.000Z,172.62599000000000160,-43.53893999999999664,3.66999999999999993,4.04509999999999970,ML,,GROPE,reviewed,manual,nz1dr,23,16,15,0.00200000000000000,78.00000000000000000,0.16680000000000000,0.15800000000000000
3437148,earthquake,2010-12-25T23:34:31.868Z,2013-08-14T12:05:00.000Z,172.63712000000001012,-43.53497000000000128,3.73799999999999999,7.13060000000000027,ML,,GROPE,reviewed,manual,nz1dr,27,20,17,0.00800000000000000,46.00000000000000000,0.18282999999999999,0.15900000000000000
3437133,earthquake,2010-12-25T22:53:07.805Z,2013-08-14T12:05:00.000Z,172.64229000000000269,-43.54205999999999932,3.51399999999999979,5.61010000000000009,ML,,GROPE,reviewed,manual,nz1dr,23,15,14,0.00400000000000000,73.00000000000000000,0.21531000000000000,0.17999999999999999
3454014,earthquake,2010-12-25T21:37:59.941Z,2013-08-14T12:10:00.000Z,172.61057999999999879,-43.53540999999999883,3.49299999999999988,5.00000000000000000,ML,operator assigned,GROPE,reviewed,manual,nz1dr,9,5,8,0.01200000000000000,126.00000000000000000,0.17330000000000001,0.47399999999999998
3437107,earthquake,2010-12-25T21:35:53.856Z,2013-08-14T12:05:00.000Z,172.63894999999999413,-43.53905999999999921,3.54999999999999982,5.06039999999999957,ML,,GROPE,reviewed,manual,nz1dr,17,12,7,0.00600000000000000,80.00000000000000000,0.16052000000000000,0.13300000000000001
3454006,earthquake,2010-12-25T21:32:19.721Z,2013-08-14T12:10:00.000Z,172.62371999999999161,-43.53278999999999854,3.70100000000000007,5.00000000000000000,ML,operator assigned,GROPE,reviewed,manual,nz1dr,19,16,10,0.00300000000000000,114.00000000000000000,0.13117999999999999,0.14099999999999999
3437105,earthquake,2010-12-25T21:30:15.903Z,2013-08-14T12:05:00.000Z,172.63195999999999231,-43.54796999999999940,4.70000000000000018,5.02930000000000010,Mw,,GROPE,reviewed,manual,nz1dr,37,30,0,0.01100000000000000,60.00000000000000000,0.25847999999999999,0.00000000000000000
3437061,earthquake,2010-12-25T19:03:41.892Z,2013-08-14T12:05:00.000Z,172.63702000000000680,-43.53649999999999665,3.82900000000000018,5.91610000000000014,ML,,GROPE,reviewed,manual,nz1dr,33,25,20,0.00700000000000000,46.00000000000000000,0.15745000000000001,0.13800000000000001
3436956,earthquake,2010-12-25T13:32:09.924Z,2013-08-14T15:01:00.000Z,172.63927000000001044,-43.53347000000000122,4.55999999999999961,6.65610000000000035,ML,,GROPE,reviewed,manual,nz1dr,19,16,12,0.00800000000000000,79.00000000000000000,0.15493999999999999,0.56899999999999995
3443452,earthquake,2010-12-25T13:28:15.345Z,2013-08-14T12:09:00.000Z,172.63160999999999490,-43.53974000000000188,3.42899999999999983,6.93949999999999978,ML,,GROPE,reviewed,manual,nz1dr,17,12,12,0.01200000000000000,70.00000000000000000,0.20269000000000001,0.34699999999999998
3436949,earthquake,2010-12-25T13:08:34.354Z,2013-08-14T12:05:00.000Z,172.62483000000000288,-43.53544999999999732,3.70599999999999996,7.96170000000000044,ML,,GROPE,reviewed,manual,nz1dr,20,14,20,0.00600000000000000,114.00000000000000000,0.15548999999999999,0.22200000000000000
3437085,earthquake,2010-12-25T13:07:03.522Z,2013-08-14T12:05:00.000Z,172.64332999999999174,-43.53678000000000026,3.79999999999999982,6.61240000000000006,Mw,,GROPE,reviewed,manual,nz1dr,29,24,0,0.00400000000000000,67.00000000000000000,0.15761000000000000,0.00000000000000000
3436769,earthquake,2010-12-25T03:53:34.323Z,2013-08-14T12:04:00.000Z,172.18906999999998675,-43.31027999999999878,3.43199999999999994,5.00000000000000000,ML,operator assigned,GROPE,reviewed,manual,nz1dr,14,10,11,0.11200000000000000,103.00000000000000000,0.26072000000000001,0.21099999999999999
3436546,earthquake,2010-12-24T15:46:11.794Z,2013-08-14T12:04:00.000Z,172.33006000000000313,-43.57441000000000031,3.75000000000000000,10.18050000000000033,ML,,GROPE,reviewed,manual,nz1dr,16,12,21,0.10299999999999999,65.00000000000000000,0.20874000000000001,0.21400000000000000
3436460,earthquake,2010-12-24T10:52:06.635Z,2013-08-14T12:04:00.000Z,172.19908000000000925,-43.60896999999999935,3.59600000000000009,5.00000000000000000,ML,operator assigned,GROPE,reviewed,manual,nz1dr,11,8,13,0.30499999999999999,157.00000000000000000,0.19006000000000001,0.15200000000000000
3435742,earthquake,2010-12-23T01:14:25.355Z,2013-08-14T12:03:00.000Z,172.09577999999999065,-43.59756000000000142,3.41599999999999993,5.00000000000000000,ML,operator assigned,GROPE,reviewed,manual,nz1dr,15,10,12,0.27300000000000002,110.00000000000000000,0.17952000000000001,0.16900000000000001
3435451,earthquake,2010-12-22T10:17:27.987Z,2013-08-14T12:03:00.000Z,172.45750000000001023,-43.62033999999999878,3.61200000000000010,10.84490000000000087,ML,,GROPE,reviewed,manual,nz1dr,24,16,16,0.11600000000000001,100.00000000000000000,0.14910999999999999,0.21700000000000000
3430182,earthquake,2010-12-19T20:48:23.638Z,2013-08-14T12:01:00.000Z,171.62334999999998786,-43.56295000000000073,3.35300000000000020,3.00000000000000000,ML,operator assigned,GROPE,reviewed,manual,nz1dr,11,6,13,0.38300000000000001,148.00000000000000000,0.15922000000000000,0.17100000000000001
3429569,earthquake,2010-12-18T12:27:44.420Z,2013-08-14T12:01:00.000Z,172.39048999999999978,-43.57471000000000316,3.43900000000000006,5.00000000000000000,ML,operator assigned,GROPE,reviewed,manual,nz1dr,19,10,11,0.13600000000000001,136.00000000000000000,0.11904000000000001,0.17100000000000001
3428971,earthquake,2010-12-17T03:14:38.895Z,2013-08-14T12:00:00.000Z,172.24976000000000909,-43.59705000000000297,3.43000000000000016,5.00000000000000000,ML,operator assigned,GROPE,reviewed,manual,nz1dr,12,6,14,0.09400000000000000,114.00000000000000000,0.21096000000000001,0.14199999999999999
3427503,earthquake,2010-12-16T14:03:15.708Z,2013-08-14T12:00:00.000Z,172.19585000000000719,-43.62809000000000026,3.60099999999999998,5.00000000000000000,ML,operator assigned,GROPE,reviewed,manual,nz1dr,12,7,16,0.10100000000000001,145.00000000000000000,0.15742000000000000,0.19900000000000001
3424138,earthquake,2010-12-15T18:51:44.419Z,2013-08-14T11:59:00.000Z,171.91945000000001187,-43.56125999999999721,3.76200000000000001,14.78309999999999924,ML,,GROPE,reviewed,manual,nz1dr,20,14,18,0.24900000000000000,99.00000000000000000,0.16825999999999999,0.20599999999999999
3421324,earthquake,2010-12-13T20:09:56.113Z,2013-08-14T11:58:00.000Z,172.37694999999999368,-43.60698000000000008,3.39999999999999991,8.60640000000000072,Mw,,GROPE,reviewed,manual,nz1dr,19,13,0,0.01300000000000000,176.00000000000000000,0.18948999999999999,0.00000000000000000
3421196,earthquake,2010-12-13T13:10:57.089Z,2013-08-14T11:57:00.000Z,172.36034000000000788,-43.62606000000000250,3.62199999999999989,5.00000000000000000,ML,operator assigned,GROPE,reviewed,manual,nz1dr,11,6,18,0.19700000000000001,153.00000000000000000,0.12479999999999999,0.20799999999999999
3419052,earthquake,2010-12-09T00:53:58.277Z,2013-08-14T11:55:00.000Z,172.04845000000000255,-43.58657000000000181,3.50499999999999989,5.00000000000000000,ML,operator assigned,GROPE,reviewed,manual,nz1dr,13,10,13,0.25900000000000001,114.00000000000000000,0.10344000000000000,0.18300000000000000
3418637,earthquake,2010-12-08T02:49:14.430Z,2013-08-14T11:53:00.000Z,172.40194999999999936,-43.60985999999999763,3.84100000000000019,5.28319999999999990,ML,,GROPE,reviewed,manual,nz1dr,18,14,25,0.07700000000000000,101.00000000000000000,0.17788999999999999,0.19900000000000001
3417585,earthquake,2010-12-05T21:31:19.653Z,2013-08-14T11:52:00.000Z,172.71605999999999881,-43.46987000000000023,3.73600000000000021,9.59159999999999968,ML,,GROPE,reviewed,manual,nz1dr,14,10,21,0.02700000000000000,190.00000000000000000,0.18836000000000000,0.16000000000000000
3417397,earthquake,2010-12-05T11:28:48.294Z,2013-08-14T11:52:00.000Z,172.14166000000000167,-43.59452000000000282,3.56899999999999995,8.53999999999999915,ML,,GROPE,reviewed,manual,nz1dr,18,13,17,0.10700000000000000,108.00000000000000000,0.17147000000000001,0.16500000000000001
3417357,earthquake,2010-12-05T09:09:16.350Z,2013-08-14T11:52:00.000Z,171.98906999999999812,-43.57529999999999859,3.37500000000000000,5.00000000000000000,ML,operator assigned,GROPE,reviewed,manual,nz1dr,15,12,8,0.11700000000000001,107.00000000000000000,0.17302000000000001,0.15500000000000000
3416928,earthquake,2010-12-04T10:15:37.758Z,2013-08-14T11:51:00.000Z,172.09549999999998704,-43.22296999999999656,3.37300000000000022,8.97530000000000072,ML,,GROPE,reviewed,manual,nz1dr,16,12,10,0.11300000000000000,107.00000000000000000,0.13847999999999999,0.17399999999999999
3416781,earthquake,2010-12-04T01:58:59.462Z,2013-08-14T11:51:00.000Z,172.52111999999999625,-43.63517000000000223,3.74600000000000000,2.00000000000000000,ML,operator assigned,GROPE,reviewed,manual,nz1dr,21,16,21,0.09500000000000000,96.00000000000000000,0.10208000000000000,0.20599999999999999
3416390,earthquake,2010-12-03T06:39:04.733Z,2013-08-14T11:50:00.000Z,172.34155000000001223,-43.64251999999999754,3.62100000000000000,5.00000000000000000,ML,operator assigned,GROPE,reviewed,manual,nz1dr,15,12,14,0.21500000000000000,111.00000000000000000,0.14208000000000001,0.23799999999999999
3415372,earthquake,2010-12-01T03:29:53.132Z,2013-08-14T11:48:00.000Z,172.10298000000000229,-43.60524000000000200,3.55600000000000005,5.00000000000000000,ML,operator assigned,GROPE,reviewed,manual,nz1dr,13,9,18,0.28199999999999997,111.00000000000000000,0.12730000000000000,0.19500000000000001
3415133,earthquake,2010-11-30T15:10:55.156Z,2013-08-12T15:34:00.000Z,172.04776000000001090,-43.59844999999999970,3.44399999999999995,5.00000000000000000,ML,operator assigned,GROPE,reviewed,manual,nz1dr,10,8,11,0.27100000000000002,110.00000000000000000,0.19106999999999999,0.17799999999999999
3414976,earthquake,2010-11-30T07:09:03.709Z,2013-08-12T15:34:00.000Z,172.48607000000001221,-43.63757999999999981,3.33700000000000019,12.81409999999999982,ML,,GROPE,reviewed,manual,nz1dr,14,11,7,0.11700000000000001,100.00000000000000000,0.13818000000000000,0.16900000000000001
3414843,earthquake,2010-11-30T00:37:07.658Z,2013-08-12T15:33:00.000Z,172.34678999999999860,-43.53195000000000192,3.36500000000000021,13.88729999999999976,ML,,GROPE,reviewed,manual,nz1dr,18,12,10,0.20599999999999999,88.00000000000000000,0.12033000000000001,0.14999999999999999
3414547,earthquake,2010-11-29T09:55:01.678Z,2013-08-12T15:32:00.000Z,172.39438999999998714,-43.55373000000000161,3.65600000000000014,5.00000000000000000,ML,operator assigned,GROPE,reviewed,manual,nz1dr,20,12,18,0.05600000000000000,131.00000000000000000,0.16821000000000000,0.19900000000000001
3414244,earthquake,2010-11-28T18:54:04.648Z,2013-08-12T15:31:00.000Z,172.11602999999999497,-43.62214000000000169,3.37300000000000022,5.00000000000000000,ML,operator assigned,GROPE,reviewed,manual,nz1dr,13,10,9,0.29999999999999999,113.00000000000000000,0.20454000000000000,0.17000000000000001
3413581,earthquake,2010-11-27T10:44:57.108Z,2013-08-12T15:29:00.000Z,172.49294000000000437,-43.51286999999999949,3.44200000000000017,5.00000000000000000,ML,operator assigned,GROPE,reviewed,manual,nz1dr,16,12,13,0.03900000000000000,92.00000000000000000,0.12342000000000000,0.12700000000000000
3413334,earthquake,2010-11-26T22:04:21.550Z,2013-08-12T15:28:00.000Z,172.06222999999999956,-43.58601000000000170,3.79999999999999982,7.40890000000000004,Mw,,GROPE,reviewed,manual,nz1dr,17,10,0,0.09900000000000000,154.00000000000000000,0.22549000000000000,0.00000000000000000
3413323,earthquake,2010-11-26T21:15:27.181Z,2013-08-12T15:28:00.000Z,172.69485000000000241,-43.48819999999999908,3.32799999999999985,16.25979999999999848,ML,,GROPE,reviewed,manual,nz1dr,19,12,8,0.07000000000000001,158.00000000000000000,0.17279000000000000,0.13300000000000001
3412665,earthquake,2010-11-25T12:37:25.622Z,2013-08-12T15:26:00.000Z,172.27338000000000306,-43.60318999999999789,3.32200000000000006,5.00000000000000000,ML,operator assigned,GROPE,reviewed,manual,nz1dr,10,8,8,0.25500000000000000,107.00000000000000000,0.29543999999999998,0.18600000000000000
3410721,earthquake,2010-11-21T17:25:13.363Z,2013-08-12T15:21:00.000Z,171.75648000000001048,-43.53764999999999930,3.48099999999999987,12.00000000000000000,ML,operator assigned,GROPE,reviewed,manual,nz1dr,13,9,14,0.29399999999999998,145.00000000000000000,0.18531000000000000,0.16000000000000000
3410661,earthquake,2010-11-21T14:30:21.062Z,2013-08-12T15:21:00.000Z,172.34379999999998745,-43.59823999999999700,3.65799999999999992,5.00000000000000000,ML,operator assigned,GROPE,reviewed,manual,nz1dr,22,15,17,0.20399999999999999,102.00000000000000000,0.14734000000000000,0.19300000000000000
3409820,earthquake,2010-11-19T18:16:03.661Z,2013-08-12T15:19:00.000Z,172.15226999999998725,-43.31380000000000052,3.64299999999999979,5.12429999999999986,ML,,GROPE,reviewed,manual,nz1dr,19,15,18,0.08500000000000001,83.00000000000000000,0.16516000000000000,0.25800000000000001
3409225,earthquake,2010-11-18T13:14:53.130Z,2013-08-12T15:17:00.000Z,172.18179000000000656,-43.44814999999999827,3.35899999999999999,5.00000000000000000,ML,operator assigned,GROPE,reviewed,manual,nz1dr,14,11,12,0.16000000000000000,90.00000000000000000,0.17113999999999999,0.15700000000000000
3408647,earthquake,2010-11-17T09:02:16.177Z,2013-08-12T15:16:00.000Z,172.34522999999998660,-43.58979999999999677,3.59200000000000008,5.00000000000000000,ML,operator assigned,GROPE,reviewed,manual,nz1dr,16,10,14,0.20200000000000001,144.00000000000000000,0.13863000000000000,0.19600000000000001
3408127,earthquake,2010-11-16T08:21:55.699Z,2013-08-12T15:14:00.000Z,172.09967000000000326,-43.60065000000000168,3.60000000000000009,6.40029999999999966,Mw,,GROPE,reviewed,manual,nz1dr,15,11,0,0.10900000000000000,109.00000000000000000,0.13704000000000000,0.00000000000000000
3407743,earthquake,2010-11-15T14:02:40.089Z,2013-08-12T15:13:00.000Z,172.39948000000001116,-43.58071000000000339,3.31199999999999983,5.00000000000000000,ML,operator assigned,GROPE,reviewed,manual,nz1dr,14,10,10,0.16200000000000001,95.00000000000000000,0.13017999999999999,0.20999999999999999
3407710,earthquake,2010-11-15T12:08:15.905Z,2013-08-12T15:13:00.000Z,172.04554999999999154,-43.22357999999999834,3.39199999999999990,7.27700000000000014,ML,,GROPE,reviewed,manual,nz1dr,15,12,12,0.10400000000000000,76.00000000000000000,0.17333999999999999,0.18200000000000000
3407700,earthquake,2010-11-15T11:42:49.917Z,2013-08-12T15:13:00.000Z,172.39350999999999203,-43.57844000000000051,3.52499999999999991,5.00000000000000000,ML,operator assigned,GROPE,reviewed,manual,nz1dr,15,10,11,0.16700000000000001,96.00000000000000000,0.15937999999999999,0.18700000000000000
3407140,earthquake,2010-11-14T09:00:38.699Z,2013-08-12T15:12:00.000Z,172.09645000000000437,-43.22129000000000332,3.79999999999999982,7.61739999999999995,Mw,,GROPE,reviewed,manual,nz1dr,21,16,0,0.11400000000000000,74.00000000000000000,0.16286999999999999,0.00000000000000000
3407078,earthquake,2010-11-14T06:21:05.496Z,2013-08-12T15:12:00.000Z,172.41530000000000200,-43.58379000000000048,4.40000000000000036,10.70490000000000030,Mw,,GROPE,reviewed,manual,nz1dr,39,27,0,0.02700000000000000,110.00000000000000000,0.23161999999999999,0.00000000000000000
3407035,earthquake,2010-11-14T04:34:20.608Z,2013-08-12T15:12:00.000Z,172.42513999999999896,-43.61435000000000173,3.58300000000000018,8.16159999999999997,ML,,GROPE,reviewed,manual,nz1dr,27,21,18,0.07099999999999999,98.00000000000000000,0.17052000000000000,0.18700000000000000
3407521,earthquake,2010-11-13T12:35:43.311Z,2013-08-12T15:13:00.000Z,172.39451999999999998,-43.58230999999999966,3.86100000000000021,5.00000000000000000,ML,operator assigned,GROPE,reviewed,manual,nz1dr,18,10,10,0.16600000000000001,138.00000000000000000,0.12719000000000000,0.20200000000000001
3406713,earthquake,2010-11-13T12:34:06.907Z,2013-08-12T15:11:00.000Z,172.41535999999999262,-43.58048999999999751,4.40000000000000036,10.38959999999999972,Mw,,GROPE,reviewed,manual,nz1dr,41,33,0,0.02900000000000000,70.00000000000000000,0.19001999999999999,0.00000000000000000
3406684,earthquake,2010-11-13T11:12:01.028Z,2013-08-12T15:11:00.000Z,172.39495999999999754,-43.61692000000000036,3.84299999999999997,7.35700000000000021,ML,,GROPE,reviewed,manual,nz1dr,22,17,21,0.16500000000000001,93.00000000000000000,0.21521000000000001,0.23499999999999999
3406164,earthquake,2010-11-12T09:04:05.327Z,2013-08-12T15:10:00.000Z,172.26072999999999524,-43.62093000000000131,3.58899999999999997,5.00000000000000000,ML,operator assigned,GROPE,reviewed,manual,nz1dr,11,6,18,0.26700000000000002,156.00000000000000000,0.15195000000000000,0.19500000000000001
3405904,earthquake,2010-11-11T20:44:25.879Z,2013-08-12T15:09:00.000Z,172.11056999999999562,-43.20080999999999705,3.75400000000000000,7.50830000000000020,ML,,GROPE,reviewed,manual,nz1dr,22,17,22,0.13700000000000001,79.00000000000000000,0.21177000000000001,0.20499999999999999
3405781,earthquake,2010-11-11T15:44:25.811Z,2013-08-12T15:09:00.000Z,172.19599999999999795,-43.41924999999999812,3.44700000000000006,6.84370000000000012,ML,,GROPE,reviewed,manual,nz1dr,21,15,12,0.09900000000000000,83.00000000000000000,0.21074999999999999,0.18099999999999999
3403749,earthquake,2010-11-07T15:55:32.496Z,2013-08-12T15:03:00.000Z,171.93259000000000469,-43.56463999999999714,3.54300000000000015,6.96159999999999979,ML,,GROPE,reviewed,manual,nz1dr,12,8,16,0.18500000000000000,150.00000000000000000,0.14227000000000001,0.18400000000000000
3403737,earthquake,2010-11-07T15:28:02.834Z,2013-08-12T15:03:00.000Z,172.17008999999998764,-43.46896000000000271,3.38399999999999990,6.13630000000000031,ML,,GROPE,reviewed,manual,nz1dr,13,7,13,0.05400000000000000,122.00000000000000000,0.14033000000000001,0.18099999999999999
3403659,earthquake,2010-11-07T11:39:50.164Z,2013-08-12T15:03:00.000Z,172.33555999999998676,-43.65330000000000155,3.89999999999999991,5.00000000000000000,Mw,operator assigned,GROPE,reviewed,manual,nz1dr,14,8,0,0.22200000000000000,163.00000000000000000,0.18492000000000000,0.00000000000000000
3403648,earthquake,2010-11-07T11:03:26.773Z,2013-08-12T15:03:00.000Z,172.35211000000001036,-43.64153000000000304,3.68599999999999994,5.00000000000000000,ML,operator assigned,GROPE,reviewed,manual,nz1dr,10,6,19,0.20699999999999999,158.00000000000000000,0.19497999999999999,0.21700000000000000
3403256,earthquake,2010-11-06T15:53:08.134Z,2013-08-12T15:02:00.000Z,172.08573999999998705,-43.22256999999999749,3.57299999999999995,5.00000000000000000,ML,operator assigned,GROPE,reviewed,manual,nz1dr,12,9,14,0.11100000000000000,78.00000000000000000,0.14524999999999999,0.20799999999999999
3403219,earthquake,2010-11-06T13:52:03.615Z,2013-08-12T15:02:00.000Z,172.06467000000000667,-43.20951000000000164,4.59999999999999964,8.26200000000000045,Mw,,GROPE,reviewed,manual,nz1dr,31,26,0,0.12000000000000000,75.00000000000000000,0.14363999999999999,0.00000000000000000
3402734,earthquake,2010-11-05T13:35:55.827Z,2013-08-12T15:01:00.000Z,172.39284000000000674,-43.59949999999999903,3.79999999999999982,7.16140000000000043,Mw,,GROPE,reviewed,manual,nz1dr,20,15,0,0.06000000000000000,143.00000000000000000,0.18557999999999999,0.00000000000000000
3402465,earthquake,2010-11-05T00:02:26.130Z,2013-08-12T15:00:00.000Z,172.33481000000000449,-43.58943000000000012,3.77700000000000014,7.53049999999999997,ML,,GROPE,reviewed,manual,nz1dr,26,18,19,0.03400000000000000,99.00000000000000000,0.17021000000000000,0.20100000000000001
3402144,earthquake,2010-11-04T06:50:46.135Z,2013-08-12T14:59:00.000Z,172.40321000000000140,-43.55996999999999986,3.46300000000000008,5.00000000000000000,ML,operator assigned,GROPE,reviewed,manual,nz1dr,16,12,14,0.16100000000000000,90.00000000000000000,0.17072999999999999,0.19000000000000000
3401951,earthquake,2010-11-03T22:21:55.657Z,2013-08-12T14:58:00.000Z,172.27939000000000647,-43.60202000000000311,3.52599999999999980,5.00000000000000000,ML,operator assigned,GROPE,reviewed,manual,nz1dr,18,12,15,0.17000000000000001,105.00000000000000000,0.21500000000000000,0.17699999999999999
3401839,earthquake,2010-11-03T17:49:15.148Z,2013-08-12T14:58:00.000Z,172.51064999999999827,-43.61388000000000176,3.70000000000000018,7.63320000000000043,Mw,,GROPE,reviewed,manual,nz1dr,24,20,0,0.03300000000000000,78.00000000000000000,0.17785999999999999,0.00000000000000000
3401723,earthquake,2010-11-03T11:03:47.255Z,2013-08-12T14:58:00.000Z,172.37988000000001421,-43.58328999999999809,3.89999999999999991,5.05510000000000037,Mw,,GROPE,reviewed,manual,nz1dr,26,20,0,0.07400000000000000,86.00000000000000000,0.12241000000000000,0.00000000000000000
3400989,earthquake,2010-11-02T00:45:26.531Z,2013-08-12T14:55:00.000Z,172.10210000000000719,-43.43567000000000178,3.70000000000000018,7.89060000000000006,Mw,,GROPE,reviewed,manual,nz1dr,21,17,0,0.05600000000000000,56.00000000000000000,0.25269999999999998,0.00000000000000000
3400620,earthquake,2010-11-01T06:19:55.764Z,2013-08-12T14:54:00.000Z,172.40677999999999770,-43.58623000000000047,4.20000000000000018,8.04770000000000074,Mw,,GROPE,reviewed,manual,nz1dr,24,18,0,0.02100000000000000,91.00000000000000000,0.19506000000000001,0.00000000000000000
3400618,earthquake,2010-11-01T06:17:19.215Z,2013-08-12T14:54:00.000Z,172.95518000000001280,-42.47775000000000034,3.59900000000000020,12.63410000000000011,ML,,GROPE,reviewed,manual,nz1dr,23,20,21,0.10400000000000000,71.00000000000000000,0.25206000000000001,0.23100000000000001
3399908,earthquake,2010-10-30T19:58:03.460Z,2013-08-12T11:19:00.000Z,172.36406999999999812,-43.56777999999999906,3.30799999999999983,5.00000000000000000,ML,operator assigned,GROPE,reviewed,manual,nz1dr,11,6,8,0.18800000000000000,137.00000000000000000,0.15045000000000000,0.16300000000000001
3399301,earthquake,2010-10-29T12:37:20.459Z,2013-08-12T11:17:00.000Z,172.17806999999999107,-43.48100999999999772,3.80100000000000016,7.66310000000000002,ML,,GROPE,reviewed,manual,nz1dr,16,12,24,0.05600000000000000,91.00000000000000000,0.15337999999999999,0.24299999999999999
3399268,earthquake,2010-10-29T11:01:59.790Z,2013-08-12T11:17:00.000Z,172.38167999999998869,-43.58861000000000274,3.39299999999999979,5.00000000000000000,ML,operator assigned,GROPE,reviewed,manual,nz1dr,15,11,12,0.17599999999999999,98.00000000000000000,0.18287999999999999,0.17999999999999999
3399236,earthquake,2010-10-29T09:22:02.965Z,2013-08-12T11:17:00.000Z,173.25228999999998791,-43.51700000000000301,3.52400000000000002,5.00000000000000000,ML,operator assigned,GROPE,reviewed,manual,nz1dr,13,9,13,0.46100000000000002,193.00000000000000000,0.14445000000000000,0.18600000000000000
3399168,earthquake,2010-10-29T05:55:53.132Z,2013-08-12T11:17:00.000Z,172.25183000000001243,-43.60985999999999763,3.54199999999999982,5.00000000000000000,ML,operator assigned,GROPE,reviewed,manual,nz1dr,14,11,15,0.27200000000000002,109.00000000000000000,0.23843000000000000,0.18600000000000000
3399152,earthquake,2010-10-29T05:04:06.420Z,2013-08-12T11:17:00.000Z,172.17931999999998993,-43.52306999999999704,3.45100000000000007,8.19229999999999947,ML,,GROPE,reviewed,manual,nz1dr,9,6,13,0.06500000000000000,138.00000000000000000,0.22347000000000000,0.22900000000000001
3398193,earthquake,2010-10-28T18:44:31.140Z,2013-08-12T11:16:00.000Z,172.17604000000000042,-43.48928000000000083,3.60000000000000009,6.94179999999999975,Mw,,GROPE,reviewed,manual,nz1dr,19,14,0,0.05400000000000000,93.00000000000000000,0.20680000000000001,0.00000000000000000
3398007,earthquake,2010-10-28T09:49:48.831Z,2013-08-12T11:16:00.000Z,172.47292999999999097,-43.63278999999999996,3.40399999999999991,7.42229999999999990,ML,,GROPE,reviewed,manual,nz1dr,14,10,8,0.12300000000000000,102.00000000000000000,0.16181000000000001,0.22900000000000001
3398198,earthquake,2010-10-28T09:35:35.612Z,2013-08-12T11:16:00.000Z,172.17724999999998658,-43.48525999999999669,3.40099999999999980,5.77240000000000020,ML,,GROPE,reviewed,manual,nz1dr,15,11,13,0.05500000000000000,91.00000000000000000,0.17544999999999999,0.20300000000000001
3396133,earthquake,2010-10-27T05:14:34.086Z,2013-08-12T11:13:00.000Z,172.17201000000000022,-43.61572000000000315,3.59699999999999998,5.00000000000000000,ML,operator assigned,GROPE,reviewed,manual,nz1dr,15,10,17,0.30399999999999999,110.00000000000000000,0.16303999999999999,0.16700000000000001
3395856,earthquake,2010-10-26T16:43:22.459Z,2013-08-12T11:12:00.000Z,172.39943999999999846,-43.61852999999999980,3.45299999999999985,7.79809999999999981,ML,,GROPE,reviewed,manual,nz1dr,15,8,12,0.02800000000000000,148.00000000000000000,0.21909999999999999,0.12100000000000000
3395639,earthquake,2010-10-26T06:21:28.563Z,2013-08-12T11:11:00.000Z,172.36623000000000161,-43.55212000000000216,3.44600000000000017,5.00000000000000000,ML,operator assigned,GROPE,reviewed,manual,nz1dr,11,6,13,0.18800000000000000,133.00000000000000000,0.11712000000000000,0.16600000000000001
3395529,earthquake,2010-10-26T01:17:25.337Z,2013-08-12T11:11:00.000Z,172.34082000000000789,-43.59364999999999668,3.46899999999999986,5.00000000000000000,ML,operator assigned,GROPE,reviewed,manual,nz1dr,11,6,11,0.20599999999999999,145.00000000000000000,0.19184999999999999,0.18600000000000000
3395347,earthquake,2010-10-25T17:03:09.203Z,2013-08-12T11:10:00.000Z,173.79639000000000237,-42.53719999999999857,3.35599999999999987,5.00000000000000000,ML,operator assigned,GROPE,reviewed,manual,nz1dr,31,26,11,0.13800000000000001,166.00000000000000000,0.21051000000000000,0.28899999999999998
3395281,earthquake,2010-10-25T13:37:44.939Z,2013-08-12T11:10:00.000Z,172.11933999999999401,-43.59356999999999971,3.50000000000000000,18.12040000000000006,Mw,,GROPE,reviewed,manual,nz1dr,18,15,0,0.09500000000000000,62.00000000000000000,0.24010999999999999,0.00000000000000000
3395251,earthquake,2010-10-25T12:15:53.860Z,2013-08-12T11:10:00.000Z,172.17551000000000272,-43.48123999999999967,3.54800000000000004,6.91950000000000021,ML,,GROPE,reviewed,manual,nz1dr,17,13,12,0.05400000000000000,91.00000000000000000,0.16938000000000000,0.17499999999999999
3395024,earthquake,2010-10-25T00:06:51.964Z,2013-08-12T11:09:00.000Z,172.12842000000000553,-43.19509999999999650,3.38899999999999979,5.00000000000000000,ML,operator assigned,GROPE,reviewed,manual,nz1dr,13,10,13,0.14799999999999999,111.00000000000000000,0.13675000000000001,0.14499999999999999
3394581,earthquake,2010-10-24T02:13:29.312Z,2013-08-12T11:07:00.000Z,172.72661999999999694,-43.45758000000000010,4.40000000000000036,8.85919999999999952,Mw,,GROPE,reviewed,manual,nz1dr,36,31,0,0.04000000000000000,143.00000000000000000,0.18476999999999999,0.00000000000000000
3394539,earthquake,2010-10-24T00:02:41.848Z,2013-08-12T11:07:00.000Z,172.50953999999998700,-43.63593999999999795,3.62300000000000022,11.44849999999999923,ML,,GROPE,reviewed,manual,nz1dr,17,13,18,0.10199999999999999,95.00000000000000000,0.14080000000000001,0.22800000000000001
3394008,earthquake,2010-10-22T20:46:59.386Z,2013-08-12T11:05:00.000Z,172.46020999999998935,-43.62353999999999843,3.34699999999999998,11.30610000000000070,ML,,GROPE,reviewed,manual,nz1dr,19,14,8,0.12700000000000000,97.00000000000000000,0.16903000000000001,0.20999999999999999
3393825,earthquake,2010-10-22T11:20:59.064Z,2013-08-12T11:05:00.000Z,172.34039000000001352,-43.53578999999999866,3.46300000000000008,12.93389999999999951,ML,,GROPE,reviewed,manual,nz1dr,18,12,13,0.17899999999999999,91.00000000000000000,0.13838000000000000,0.19100000000000000
3393386,earthquake,2010-10-21T15:23:36.146Z,2013-08-12T11:04:00.000Z,172.17570000000000618,-43.45288000000000039,3.34500000000000020,7.39240000000000030,ML,,GROPE,reviewed,manual,nz1dr,16,13,12,0.06600000000000000,88.00000000000000000,0.24581000000000000,0.11799999999999999
3392480,earthquake,2010-10-19T21:09:27.595Z,2013-08-12T11:02:00.000Z,172.16405000000000314,-43.45503999999999678,3.38799999999999990,7.02360000000000007,ML,,GROPE,reviewed,manual,nz1dr,13,7,12,0.05800000000000000,105.00000000000000000,0.18958000000000000,0.17999999999999999
3392462,earthquake,2010-10-19T20:17:55.343Z,2013-08-12T11:02:00.000Z,172.38088999999999373,-43.57413999999999987,4.09999999999999964,8.84539999999999971,Mw,,GROPE,reviewed,manual,nz1dr,28,20,0,0.07000000000000001,137.00000000000000000,0.21325000000000000,0.00000000000000000
3392059,earthquake,2010-10-19T00:24:25.043Z,2013-08-12T11:01:00.000Z,172.38808000000000220,-43.64240000000000208,3.77999999999999980,6.52880000000000038,ML,,GROPE,reviewed,manual,nz1dr,21,15,21,0.06100000000000000,156.00000000000000000,0.17935999999999999,0.23200000000000001
3392039,earthquake,2010-10-18T23:39:55.473Z,2013-08-12T11:01:00.000Z,172.32749999999998636,-43.56998000000000104,3.35199999999999987,5.00000000000000000,ML,operator assigned,GROPE,reviewed,manual,nz1dr,15,12,13,0.21500000000000000,98.00000000000000000,0.17999999999999999,0.28899999999999998
3391942,earthquake,2010-10-18T23:11:41.385Z,2013-08-12T11:01:00.000Z,171.95724000000001297,-43.56662000000000035,3.69899999999999984,3.29000000000000004,ML,,GROPE,reviewed,manual,nz1dr,13,8,17,0.02500000000000000,151.00000000000000000,0.13005000000000000,0.17899999999999999
3391630,earthquake,2010-10-18T22:41:16.767Z,2013-08-12T11:01:00.000Z,172.52679000000000542,-43.71945000000000192,3.73600000000000021,5.00000000000000000,ML,operator assigned,GROPE,reviewed,manual,nz1dr,23,16,17,0.15900000000000000,181.00000000000000000,0.22869000000000000,0.23300000000000001
3391440,earthquake,2010-10-18T22:32:15.901Z,2013-08-12T11:01:00.000Z,172.56759999999999877,-43.59458999999999662,4.79999999999999982,5.00000000000000000,Mw,operator assigned,GROPE,reviewed,manual,nz1dr,44,34,0,0.04400000000000000,60.00000000000000000,0.20211999999999999,0.00000000000000000
3391338,earthquake,2010-10-18T21:54:13.926Z,2013-08-12T11:01:00.000Z,172.37286000000000286,-43.66653000000000162,3.70000000000000018,16.88599999999999923,Mw,,GROPE,reviewed,manual,nz1dr,16,10,0,0.20300000000000001,165.00000000000000000,0.22614000000000001,0.00000000000000000
3391193,earthquake,2010-10-18T14:31:07.645Z,2013-08-12T11:00:00.000Z,172.38800000000000523,-43.64755000000000251,3.30900000000000016,15.87069999999999936,ML,,GROPE,reviewed,manual,nz1dr,16,10,10,0.18500000000000000,152.00000000000000000,0.17412000000000000,0.17999999999999999
3390913,earthquake,2010-10-18T01:11:24.429Z,2013-08-12T11:00:00.000Z,172.39603999999999928,-43.61086000000000240,3.70000000000000018,7.43010000000000037,Mw,,GROPE,reviewed,manual,nz1dr,19,13,0,0.16800000000000001,92.00000000000000000,0.18615999999999999,0.00000000000000000
3390858,earthquake,2010-10-17T22:45:15.032Z,2013-08-12T11:00:00.000Z,172.52893000000000256,-43.63356999999999886,3.49400000000000022,5.00000000000000000,ML,operator assigned,GROPE,reviewed,manual,nz1dr,17,12,12,0.08900000000000000,136.00000000000000000,0.14929000000000001,0.21700000000000000
3390857,earthquake,2010-10-17T22:39:58.063Z,2013-08-12T11:00:00.000Z,172.39743000000001416,-43.60490999999999673,3.68999999999999995,5.00000000000000000,ML,operator assigned,GROPE,reviewed,manual,nz1dr,16,12,15,0.15400000000000000,102.00000000000000000,0.11561000000000000,0.16300000000000001
3390805,earthquake,2010-10-17T20:28:22.049Z,2013-08-12T11:00:00.000Z,172.41011000000000308,-43.57909000000000077,4.09999999999999964,10.67050000000000054,Mw,,GROPE,reviewed,manual,nz1dr,28,22,0,0.02600000000000000,97.00000000000000000,0.21676000000000001,0.00000000000000000
3390479,earthquake,2010-10-17T06:20:51.132Z,2013-08-12T10:59:00.000Z,172.62020999999998594,-43.59188999999999936,3.49800000000000022,2.00000000000000000,ML,operator assigned,GROPE,reviewed,manual,nz1dr,15,10,9,0.01600000000000000,159.00000000000000000,0.17757999999999999,0.30599999999999999
3389906,earthquake,2010-10-16T02:57:10.096Z,2013-08-12T10:59:00.000Z,172.40229999999999677,-43.62382999999999811,3.83800000000000008,10.04669999999999952,ML,,GROPE,reviewed,manual,nz1dr,21,16,21,0.16700000000000001,106.00000000000000000,0.22392999999999999,0.20899999999999999
3389582,earthquake,2010-10-15T09:31:40.549Z,2013-08-12T10:58:00.000Z,172.48592999999999620,-43.63902000000000214,4.29999999999999982,7.90800000000000036,Mw,,GROPE,reviewed,manual,nz1dr,37,30,0,0.01900000000000000,145.00000000000000000,0.14882000000000001,0.00000000000000000
3389465,earthquake,2010-10-15T03:38:35.756Z,2013-08-12T10:58:00.000Z,171.95405999999999835,-43.53952000000000311,3.31700000000000017,7.31010000000000026,ML,,GROPE,reviewed,manual,nz1dr,9,7,11,0.00400000000000000,122.00000000000000000,0.16877000000000000,0.16900000000000001
3389032,earthquake,2010-10-14T06:36:57.543Z,2013-08-12T10:57:00.000Z,172.52383000000000379,-43.62078999999999951,3.36500000000000021,5.00000000000000000,ML,operator assigned,GROPE,reviewed,manual,nz1dr,15,10,9,0.09000000000000000,90.00000000000000000,0.14197000000000001,0.15100000000000000
3389023,earthquake,2010-10-14T05:59:00.963Z,2013-08-12T10:57:00.000Z,172.54301000000000954,-43.62521000000000271,3.89999999999999991,7.72499999999999964,Mw,,GROPE,reviewed,manual,nz1dr,31,24,0,0.07600000000000000,82.00000000000000000,0.19689999999999999,0.00000000000000000
3389006,earthquake,2010-10-14T05:06:41.825Z,2013-08-12T10:57:00.000Z,172.53534999999999400,-43.62089999999999890,3.46200000000000019,6.65920000000000023,ML,,GROPE,reviewed,manual,nz1dr,18,14,14,0.07800000000000000,86.00000000000000000,0.20443000000000000,0.18099999999999999
3388937,earthquake,2010-10-14T01:51:52.733Z,2013-08-12T10:56:00.000Z,172.43036000000000740,-43.56998000000000104,3.41699999999999982,5.00000000000000000,ML,operator assigned,GROPE,reviewed,manual,nz1dr,13,9,13,0.14000000000000001,89.00000000000000000,0.15623999999999999,0.17000000000000001
3388797,earthquake,2010-10-14T00:44:20.306Z,2013-08-12T10:56:00.000Z,172.10086000000001150,-43.22258000000000067,3.39900000000000002,6.82880000000000020,ML,,GROPE,reviewed,manual,nz1dr,14,10,11,0.11400000000000000,117.00000000000000000,0.17241999999999999,0.22300000000000000
3388627,earthquake,2010-10-13T16:23:49.669Z,2013-08-12T10:56:00.000Z,172.40980999999999312,-43.57710000000000150,3.34799999999999986,5.00000000000000000,ML,operator assigned,GROPE,reviewed,manual,nz1dr,10,6,12,0.15500000000000000,137.00000000000000000,0.15354000000000001,0.23000000000000001
3388485,earthquake,2010-10-13T08:47:55.328Z,2013-08-12T10:56:00.000Z,172.04311999999998761,-43.16586000000000212,3.71099999999999985,5.00000000000000000,ML,operator assigned,GROPE,reviewed,manual,nz1dr,13,8,22,0.16200000000000001,109.00000000000000000,0.12271000000000000,0.22500000000000001
3388384,earthquake,2010-10-13T03:42:30.338Z,2013-08-12T10:56:00.000Z,172.41307000000000471,-43.58988999999999692,4.29999999999999982,10.35210000000000008,Mw,,GROPE,reviewed,manual,nz1dr,37,28,0,0.02400000000000000,78.00000000000000000,0.17466000000000001,0.00000000000000000
3388240,earthquake,2010-10-13T00:28:24.486Z,2013-08-12T10:56:00.000Z,172.40736000000001127,-43.59237000000000251,3.70000000000000018,9.12570000000000014,Mw,,GROPE,reviewed,manual,nz1dr,28,21,0,0.01900000000000000,117.00000000000000000,0.19844000000000001,0.00000000000000000
3387496,earthquake,2010-10-12T20:27:56.206Z,2013-08-12T10:55:00.000Z,172.40375000000000227,-43.58370000000000033,3.58999999999999986,4.08319999999999972,ML,,GROPE,reviewed,manual,nz1dr,12,7,16,0.05900000000000000,190.00000000000000000,0.08658000000000000,0.20699999999999999
3386438,earthquake,2010-10-11T16:29:46.076Z,2013-08-12T10:55:00.000Z,172.06218000000001211,-43.59261000000000053,3.52599999999999980,5.00000000000000000,ML,operator assigned,GROPE,reviewed,manual,nz1dr,17,12,16,0.26600000000000001,109.00000000000000000,0.25218000000000002,0.18600000000000000
3386411,earthquake,2010-10-11T15:00:56.148Z,2013-08-12T10:55:00.000Z,172.40115000000000123,-43.55214999999999748,3.34100000000000019,8.26260000000000083,ML,,GROPE,reviewed,manual,nz1dr,18,13,11,0.05200000000000000,88.00000000000000000,0.19364000000000001,0.15400000000000000
3386141,earthquake,2010-10-11T02:39:22.316Z,2013-08-12T10:54:00.000Z,171.95841999999998961,-43.56380999999999659,3.35899999999999999,5.00000000000000000,ML,operator assigned,GROPE,reviewed,manual,nz1dr,12,8,10,0.24299999999999999,131.00000000000000000,0.16921000000000000,0.19100000000000000
3385909,earthquake,2010-10-10T16:55:21.323Z,2013-08-12T10:54:00.000Z,172.16980000000000928,-43.53652000000000299,3.44899999999999984,9.01609999999999978,ML,,GROPE,reviewed,manual,nz1dr,13,7,14,0.06700000000000000,141.00000000000000000,0.19788000000000000,0.20399999999999999
3385509,earthquake,2010-10-09T23:16:08.890Z,2013-08-12T10:53:00.000Z,172.29633000000001175,-43.58697000000000088,3.67700000000000005,5.00000000000000000,ML,operator assigned,GROPE,reviewed,manual,nz1dr,15,11,16,0.23799999999999999,101.00000000000000000,0.15014000000000000,0.13700000000000001
3385424,earthquake,2010-10-09T19:24:17.019Z,2013-08-12T10:53:00.000Z,172.18363999999999692,-43.45183000000000106,3.33999999999999986,5.00000000000000000,ML,operator assigned,GROPE,reviewed,manual,nz1dr,14,10,12,0.16300000000000001,101.00000000000000000,0.19863000000000000,0.12200000000000000
3385162,earthquake,2010-10-09T07:20:58.502Z,2013-08-12T10:53:00.000Z,172.16727000000000203,-43.60663000000000267,3.37400000000000011,5.00000000000000000,ML,operator assigned,GROPE,reviewed,manual,nz1dr,14,10,15,0.29399999999999998,135.00000000000000000,0.11108000000000000,0.17000000000000001
3384596,earthquake,2010-10-08T06:54:32.212Z,2013-08-12T10:52:00.000Z,171.93474000000000501,-43.55498000000000047,3.51100000000000012,8.67740000000000045,ML,,GROPE,reviewed,manual,nz1dr,16,11,14,0.17499999999999999,104.00000000000000000,0.22195999999999999,0.20399999999999999
3384460,earthquake,2010-10-07T23:44:34.760Z,2013-08-12T10:52:00.000Z,172.28519000000000005,-43.58191000000000059,3.47599999999999998,5.00000000000000000,ML,operator assigned,GROPE,reviewed,manual,nz1dr,16,13,12,0.16100000000000000,103.00000000000000000,0.16571000000000000,0.16900000000000001
3384387,earthquake,2010-10-07T20:20:59.437Z,2013-08-12T10:52:00.000Z,172.41685000000001082,-43.60134999999999650,3.45400000000000018,12.00000000000000000,ML,operator assigned,GROPE,reviewed,manual,nz1dr,12,10,10,0.15200000000000000,99.00000000000000000,0.13933999999999999,0.15400000000000000
3384322,earthquake,2010-10-07T17:29:44.704Z,2013-08-12T10:51:00.000Z,172.37485000000000923,-43.71367999999999654,3.79999999999999982,15.52979999999999983,Mw,,GROPE,reviewed,manual,nz1dr,26,18,0,0.13100000000000001,122.00000000000000000,0.15573000000000001,0.00000000000000000
3384315,earthquake,2010-10-07T17:17:09.150Z,2013-08-12T10:51:00.000Z,172.36406999999999812,-43.71405000000000030,4.00000000000000000,10.49690000000000012,Mw,,GROPE,reviewed,manual,nz1dr,28,20,0,0.11700000000000001,121.00000000000000000,0.12898999999999999,0.00000000000000000
3384296,earthquake,2010-10-07T16:27:31.388Z,2013-08-12T10:51:00.000Z,172.26877999999999247,-43.56177999999999884,3.42700000000000005,12.00000000000000000,ML,operator assigned,GROPE,reviewed,manual,nz1dr,21,12,13,0.25800000000000001,98.00000000000000000,0.16908999999999999,0.16100000000000000
3384170,earthquake,2010-10-07T10:10:00.216Z,2013-08-12T10:51:00.000Z,172.32413999999999987,-43.60520000000000351,3.79999999999999982,10.95490000000000030,Mw,,GROPE,reviewed,manual,nz1dr,30,20,0,0.19200000000000000,95.00000000000000000,0.18415000000000001,0.00000000000000000
3384054,earthquake,2010-10-07T04:58:25.184Z,2013-08-12T10:51:00.000Z,172.44237000000001103,-43.64918999999999727,3.32699999999999996,5.00000000000000000,ML,operator assigned,GROPE,reviewed,manual,nz1dr,14,9,8,0.14999999999999999,111.00000000000000000,0.19236000000000000,0.17999999999999999
3384032,earthquake,2010-10-07T03:33:07.934Z,2013-08-12T10:51:00.000Z,172.31684999999998809,-43.58525999999999812,3.95000000000000018,12.00000000000000000,ML,operator assigned,GROPE,reviewed,manual,nz1dr,19,12,19,0.18200000000000000,99.00000000000000000,0.20998000000000000,0.22700000000000001
3383443,earthquake,2010-10-05T23:13:22.471Z,2013-08-12T10:50:00.000Z,172.16184999999998695,-43.47281999999999869,3.75800000000000001,6.63370000000000015,ML,,GROPE,reviewed,manual,nz1dr,16,9,20,0.04700000000000000,124.00000000000000000,0.18268000000000001,0.24099999999999999
3383369,earthquake,2010-10-05T19:43:55.240Z,2013-08-12T10:50:00.000Z,172.37424999999998931,-43.55687999999999960,3.93400000000000016,5.00000000000000000,ML,operator assigned,GROPE,reviewed,manual,nz1dr,21,12,25,0.13400000000000001,133.00000000000000000,0.12453000000000000,0.23300000000000001
3383353,earthquake,2010-10-05T18:47:37.696Z,2013-08-12T10:49:00.000Z,171.86126999999999043,-43.58019999999999783,3.59900000000000020,5.00000000000000000,ML,operator assigned,GROPE,reviewed,manual,nz1dr,10,6,15,0.28399999999999997,154.00000000000000000,0.16061000000000000,0.20699999999999999
3383203,earthquake,2010-10-05T10:58:54.655Z,2013-08-12T10:49:00.000Z,172.34881999999998925,-43.58718999999999966,3.44799999999999995,5.00000000000000000,ML,operator assigned,GROPE,reviewed,manual,nz1dr,11,6,13,0.20000000000000001,143.00000000000000000,0.11251000000000000,0.14899999999999999
3383183,earthquake,2010-10-05T10:10:55.745Z,2013-08-12T10:49:00.000Z,172.41422000000000025,-43.63953000000000060,3.70000000000000018,11.71100000000000030,Mw,,GROPE,reviewed,manual,nz1dr,20,14,0,0.16400000000000001,153.00000000000000000,0.14288999999999999,0.00000000000000000
3383044,earthquake,2010-10-05T03:37:42.896Z,2013-08-12T10:49:00.000Z,172.38695000000001301,-43.56076999999999799,3.83700000000000019,5.00000000000000000,ML,operator assigned,GROPE,reviewed,manual,nz1dr,13,7,18,0.17199999999999999,133.00000000000000000,0.20834000000000000,0.23699999999999999
3382986,earthquake,2010-10-05T00:46:08.389Z,2013-08-12T10:48:00.000Z,172.19675000000000864,-43.55588000000000193,3.73300000000000010,5.00000000000000000,ML,operator assigned,GROPE,reviewed,manual,nz1dr,11,6,18,0.09400000000000000,144.00000000000000000,0.17344999999999999,0.18300000000000000
3382941,earthquake,2010-10-04T22:36:35.974Z,2013-08-12T10:48:00.000Z,171.91354000000001179,-43.56159000000000248,3.55299999999999994,5.00000000000000000,ML,operator assigned,GROPE,reviewed,manual,nz1dr,16,12,16,0.25100000000000000,106.00000000000000000,0.16977000000000000,0.21900000000000000
3382841,earthquake,2010-10-04T17:29:21.667Z,2013-08-12T10:48:00.000Z,172.15862000000001331,-43.61677000000000248,3.89999999999999991,5.00000000000000000,Mw,operator assigned,GROPE,reviewed,manual,nz1dr,22,17,0,0.13200000000000001,111.00000000000000000,0.17619000000000001,0.00000000000000000
3382694,earthquake,2010-10-04T10:14:16.916Z,2013-08-12T10:48:00.000Z,172.39014000000000237,-43.54852000000000345,3.33899999999999997,5.00000000000000000,ML,operator assigned,GROPE,reviewed,manual,nz1dr,16,11,13,0.17199999999999999,88.00000000000000000,0.16436000000000001,0.10700000000000000
3382677,earthquake,2010-10-04T09:29:26.898Z,2013-08-12T10:48:00.000Z,172.39635999999998717,-43.56580000000000297,3.91699999999999982,5.00000000000000000,ML,operator assigned,GROPE,reviewed,manual,nz1dr,16,11,17,0.12700000000000000,134.00000000000000000,0.24027000000000001,0.22800000000000001
3382676,earthquake,2010-10-04T09:21:50.283Z,2013-08-12T10:48:00.000Z,172.40314000000000760,-43.56266000000000105,4.79999999999999982,10.33140000000000036,Mw,,GROPE,reviewed,manual,nz1dr,52,39,0,0.03600000000000000,64.00000000000000000,0.21762999999999999,0.00000000000000000
3382550,earthquake,2010-10-04T03:37:39.832Z,2013-08-12T10:48:00.000Z,172.24390999999999963,-43.63394000000000261,3.40200000000000014,12.00000000000000000,ML,operator assigned,GROPE,reviewed,manual,nz1dr,15,11,8,0.17599999999999999,115.00000000000000000,0.17710000000000001,0.19900000000000001
3382543,earthquake,2010-10-04T03:17:31.928Z,2013-08-12T10:48:00.000Z,172.72312999999999761,-43.47796999999999912,3.48200000000000021,12.00000000000000000,ML,operator assigned,GROPE,reviewed,manual,nz1dr,17,12,11,0.08599999999999999,162.00000000000000000,0.14416999999999999,0.17799999999999999
3382540,earthquake,2010-10-04T03:08:23.057Z,2013-08-12T10:48:00.000Z,172.39986999999999284,-43.59111999999999654,3.36600000000000010,5.00000000000000000,ML,operator assigned,GROPE,reviewed,manual,nz1dr,14,11,13,0.16300000000000001,98.00000000000000000,0.19067999999999999,0.15800000000000000
3382539,earthquake,2010-10-04T03:03:19.345Z,2013-08-12T10:48:00.000Z,172.74500000000000455,-43.47507999999999839,3.33899999999999997,12.00000000000000000,ML,operator assigned,GROPE,reviewed,manual,nz1dr,16,11,8,0.03000000000000000,192.00000000000000000,0.15334999999999999,0.13600000000000001
3382309,earthquake,2010-10-03T16:14:46.063Z,2013-08-12T10:47:00.000Z,172.36964000000000397,-43.56425999999999732,3.63099999999999978,5.00000000000000000,ML,operator assigned,GROPE,reviewed,manual,nz1dr,14,10,18,0.18500000000000000,91.00000000000000000,0.12756000000000001,0.17499999999999999
3382142,earthquake,2010-10-03T08:00:17.586Z,2013-08-12T10:47:00.000Z,171.95431999999999562,-43.55411999999999750,3.80100000000000016,5.00000000000000000,ML,operator assigned,GROPE,reviewed,manual,nz1dr,14,12,20,0.23499999999999999,105.00000000000000000,0.14437000000000000,0.21600000000000000
3381899,earthquake,2010-10-02T20:02:46.649Z,2013-08-12T10:46:00.000Z,172.30631999999999948,-43.54473000000000127,3.41999999999999993,5.00000000000000000,ML,operator assigned,GROPE,reviewed,manual,nz1dr,10,7,11,0.15800000000000000,136.00000000000000000,0.13951000000000000,0.16700000000000001
3381640,earthquake,2010-10-02T07:08:17.646Z,2013-08-12T10:46:00.000Z,172.23554999999998927,-43.62691000000000230,3.78799999999999981,5.00000000000000000,ML,operator assigned,GROPE,reviewed,manual,nz1dr,17,13,24,0.16700000000000001,113.00000000000000000,0.14657000000000001,0.19900000000000001
3381469,earthquake,2010-10-01T22:34:51.806Z,2013-08-12T10:45:00.000Z,171.92133999999998650,-43.56765000000000043,3.37900000000000000,5.00000000000000000,ML,operator assigned,GROPE,reviewed,manual,nz1dr,17,13,14,0.25500000000000000,106.00000000000000000,0.25369999999999998,0.18600000000000000
3381452,earthquake,2010-10-01T21:45:23.751Z,2013-08-12T10:45:00.000Z,171.85428999999999178,-43.57840000000000202,3.39800000000000013,5.00000000000000000,ML,operator assigned,GROPE,reviewed,manual,nz1dr,13,9,11,0.28399999999999997,133.00000000000000000,0.21989000000000000,0.15300000000000000
3381439,earthquake,2010-10-01T21:05:19.264Z,2013-08-12T10:45:00.000Z,172.35572999999999411,-43.64956999999999709,3.85300000000000020,5.00000000000000000,ML,operator assigned,GROPE,reviewed,manual,nz1dr,19,14,24,0.20699999999999999,104.00000000000000000,0.14599999999999999,0.28999999999999998
3381314,earthquake,2010-10-01T15:16:58.715Z,2013-08-12T10:45:00.000Z,171.84809999999998809,-43.58111000000000246,3.36600000000000010,5.00000000000000000,ML,operator assigned,GROPE,reviewed,manual,nz1dr,15,12,13,0.28899999999999998,108.00000000000000000,0.23859000000000000,0.13900000000000001
3381164,earthquake,2010-10-01T07:24:47.435Z,2013-08-12T10:45:00.000Z,172.32819000000000642,-43.60502000000000322,3.83199999999999985,5.00000000000000000,ML,operator assigned,GROPE,reviewed,manual,nz1dr,21,17,21,0.19000000000000000,104.00000000000000000,0.16749000000000000,0.19100000000000000
3381102,earthquake,2010-10-01T04:06:15.233Z,2013-08-12T10:45:00.000Z,172.47408999999998969,-43.62763999999999953,3.66400000000000015,5.00000000000000000,ML,operator assigned,GROPE,reviewed,manual,nz1dr,18,13,15,0.12000000000000000,100.00000000000000000,0.16583999999999999,0.21400000000000000
3381053,earthquake,2010-10-01T02:01:41.922Z,2013-08-12T10:45:00.000Z,172.99017000000000621,-43.76420000000000243,3.47599999999999998,25.10010000000000119,ML,,GROPE,reviewed,manual,nz1dr,13,7,9,0.25000000000000000,235.00000000000000000,0.09225000000000000,0.14899999999999999
3380927,earthquake,2010-09-30T19:59:09.741Z,2013-07-16T14:47:00.000Z,172.41629000000000360,-43.64249000000000223,3.55900000000000016,14.23029999999999973,ML,,GROPE,reviewed,manual,nz1dr,15,9,15,0.16400000000000001,133.00000000000000000,0.30242999999999998,0.18300000000000000
3380880,earthquake,2010-09-30T17:49:06.113Z,2013-07-16T14:47:00.000Z,172.92743999999999005,-41.86280000000000001,3.32399999999999984,70.58769999999999811,ML,,GROPE,reviewed,manual,nz1dr,29,23,11,0.10000000000000001,67.00000000000000000,0.32782000000000000,0.09900000000000000
3380864,earthquake,2010-09-30T17:00:18.245Z,2013-07-16T14:47:00.000Z,172.03773000000001048,-43.60097999999999985,3.32699999999999996,7.19219999999999970,ML,,GROPE,reviewed,manual,nz1dr,14,7,13,0.04700000000000000,156.00000000000000000,0.21586000000000000,0.14099999999999999
3380862,earthquake,2010-09-30T16:53:26.762Z,2013-07-16T14:47:00.000Z,171.65282999999999447,-43.82395999999999958,3.60000000000000009,14.28350000000000009,Mw,,GROPE,reviewed,manual,nz1dr,10,5,0,0.10500000000000000,144.00000000000000000,0.13099000000000000,0.00000000000000000
3380709,earthquake,2010-09-30T09:37:57.836Z,2013-07-16T14:46:00.000Z,172.17819000000000074,-43.54048999999999836,3.68500000000000005,7.07660000000000000,ML,,GROPE,reviewed,manual,nz1dr,16,8,17,0.05900000000000000,91.00000000000000000,0.19145000000000001,0.22300000000000000
3380440,earthquake,2010-09-29T20:39:19.117Z,2013-07-16T14:46:00.000Z,172.36681999999998993,-43.60710000000000264,4.09999999999999964,9.72990000000000066,Mw,,GROPE,reviewed,manual,nz1dr,37,18,0,0.12100000000000000,147.00000000000000000,0.21850000000000000,0.00000000000000000
3380171,earthquake,2010-09-29T07:34:34.931Z,2013-07-16T14:46:00.000Z,171.88434000000000879,-43.60775000000000290,3.38700000000000001,5.00000000000000000,ML,operator assigned,GROPE,reviewed,manual,nz1dr,16,8,17,0.18600000000000000,160.00000000000000000,0.19439000000000001,0.14399999999999999
3380165,earthquake,2010-09-29T07:10:12.535Z,2013-07-16T14:46:00.000Z,172.21128999999999110,-43.61925999999999704,3.57699999999999996,9.71439999999999948,ML,,GROPE,reviewed,manual,nz1dr,20,10,17,0.02300000000000000,157.00000000000000000,0.20927000000000001,0.18099999999999999
3380070,earthquake,2010-09-29T02:54:01.365Z,2013-07-16T14:45:00.000Z,172.38463999999999032,-43.57780999999999949,3.35099999999999998,6.29199999999999982,ML,,GROPE,reviewed,manual,nz1dr,17,9,15,0.06500000000000000,137.00000000000000000,0.19788000000000000,0.13300000000000001
3380049,earthquake,2010-09-29T01:54:57.463Z,2013-07-16T14:45:00.000Z,172.16112000000001103,-43.51198999999999728,3.41299999999999981,7.42279999999999962,ML,,GROPE,reviewed,manual,nz1dr,22,11,14,0.04800000000000000,94.00000000000000000,0.20637000000000000,0.12800000000000000
3379811,earthquake,2010-09-28T14:19:54.606Z,2013-07-16T14:45:00.000Z,172.34005999999999403,-43.64958000000000027,3.54000000000000004,9.24789999999999957,ML,,GROPE,reviewed,manual,nz1dr,28,14,21,0.09300000000000000,88.00000000000000000,0.17466000000000001,0.20200000000000001
3379797,earthquake,2010-09-28T13:27:33.681Z,2013-07-16T14:45:00.000Z,172.39556999999999221,-43.63081999999999994,3.32399999999999984,8.29979999999999940,ML,,GROPE,reviewed,manual,nz1dr,26,13,15,0.07400000000000000,82.00000000000000000,0.19907000000000000,0.12800000000000000
3379611,earthquake,2010-09-28T04:44:59.421Z,2013-07-16T14:44:00.000Z,172.10461000000000809,-43.43299999999999983,3.79999999999999982,7.05940000000000012,Mw,,GROPE,reviewed,manual,nz1dr,34,17,0,0.05800000000000000,90.00000000000000000,0.20382000000000000,0.00000000000000000
3379438,earthquake,2010-09-27T21:10:43.473Z,2013-07-16T14:44:00.000Z,172.39375000000001137,-43.58277999999999963,3.48700000000000010,9.27989999999999959,ML,,GROPE,reviewed,manual,nz1dr,34,17,21,0.07300000000000000,63.00000000000000000,0.20541999999999999,0.19400000000000001
3379340,earthquake,2010-09-27T16:20:46.311Z,2013-07-16T14:44:00.000Z,172.00130999999998949,-43.54959000000000202,3.48700000000000010,8.70490000000000030,ML,,GROPE,reviewed,manual,nz1dr,26,13,23,0.11000000000000000,85.00000000000000000,0.19597999999999999,0.16600000000000001
3379330,earthquake,2010-09-27T15:53:11.023Z,2013-07-16T14:44:00.000Z,172.38990999999998621,-43.55930000000000035,3.30299999999999994,5.02970000000000006,ML,,GROPE,reviewed,manual,nz1dr,25,13,20,0.06700000000000000,62.00000000000000000,0.15165000000000001,0.14599999999999999
3379244,earthquake,2010-09-27T11:56:56.637Z,2013-07-16T14:44:00.000Z,172.29006999999998584,-43.61375000000000313,3.33999999999999986,6.54509999999999970,ML,,GROPE,reviewed,manual,nz1dr,26,13,19,0.05200000000000000,96.00000000000000000,0.20066999999999999,0.17199999999999999
3379185,earthquake,2010-09-27T08:48:32.921Z,2013-07-16T14:44:00.000Z,173.03496000000001231,-42.47861000000000331,4.09999999999999964,9.69749999999999979,Mw,,GROPE,reviewed,manual,nz1dr,19,16,0,0.15800000000000000,112.00000000000000000,0.22217000000000001,0.00000000000000000
3379117,earthquake,2010-09-27T05:46:19.064Z,2013-07-16T14:43:00.000Z,171.88605999999998630,-43.56257999999999697,3.62800000000000011,6.83209999999999962,ML,,GROPE,reviewed,manual,nz1dr,25,13,26,0.06600000000000000,122.00000000000000000,0.18407000000000001,0.19000000000000000
3379104,earthquake,2010-09-27T05:14:39.579Z,2013-07-16T14:43:00.000Z,172.22004999999998631,-43.63548999999999722,3.55900000000000016,10.31250000000000000,ML,,GROPE,reviewed,manual,nz1dr,29,15,22,0.04000000000000000,123.00000000000000000,0.18353000000000000,0.21500000000000000
3378914,earthquake,2010-09-26T19:53:37.102Z,2013-07-16T14:43:00.000Z,172.14530999999999494,-43.60374999999999801,3.47400000000000020,7.07500000000000018,ML,,GROPE,reviewed,manual,nz1dr,28,14,20,0.04100000000000000,109.00000000000000000,0.18328000000000000,0.16700000000000001
3378844,earthquake,2010-09-26T16:27:59.731Z,2013-07-16T14:43:00.000Z,172.41660999999999149,-43.60034999999999883,3.46200000000000019,8.03640000000000043,ML,,GROPE,reviewed,manual,nz1dr,30,15,21,0.08100000000000000,59.00000000000000000,0.18698000000000001,0.15100000000000000
3378738,earthquake,2010-09-26T11:46:53.412Z,2013-07-16T14:43:00.000Z,172.46523999999999432,-43.63481999999999772,3.34699999999999998,7.19460000000000033,ML,,GROPE,reviewed,manual,nz1dr,26,13,19,0.03300000000000000,68.00000000000000000,0.18542000000000000,0.12800000000000000
3378733,earthquake,2010-09-26T11:31:50.163Z,2013-07-16T14:43:00.000Z,171.96339000000000397,-43.34141000000000332,3.48399999999999999,7.84020000000000028,ML,,GROPE,reviewed,manual,nz1dr,32,16,22,0.02500000000000000,96.00000000000000000,0.16026000000000001,0.20799999999999999
3378506,earthquake,2010-09-26T01:42:45.904Z,2013-07-16T14:42:00.000Z,171.86439999999998918,-43.56378000000000128,3.55100000000000016,8.23179999999999978,ML,,GROPE,reviewed,manual,nz1dr,26,13,22,0.05600000000000000,126.00000000000000000,0.19893000000000000,0.15100000000000000
3378442,earthquake,2010-09-25T23:05:57.502Z,2013-07-16T14:42:00.000Z,172.57445999999998776,-43.58026000000000266,3.47500000000000009,5.45169999999999977,ML,,GROPE,reviewed,manual,nz1dr,34,17,22,0.03600000000000000,72.00000000000000000,0.19375000000000001,0.17899999999999999
3378406,earthquake,2010-09-25T21:25:42.785Z,2013-07-16T14:42:00.000Z,172.18742000000000303,-43.55581000000000103,3.58400000000000007,9.00839999999999996,ML,,GROPE,reviewed,manual,nz1dr,27,14,18,0.04300000000000000,67.00000000000000000,0.18676999999999999,0.37600000000000000
3378405,earthquake,2010-09-25T21:23:00.630Z,2013-07-16T14:42:00.000Z,172.56995000000000573,-43.57887000000000199,3.90499999999999980,5.42269999999999985,ML,,GROPE,reviewed,manual,nz1dr,36,18,26,0.03900000000000000,69.00000000000000000,0.20677000000000001,0.23799999999999999
3378340,earthquake,2010-09-25T18:22:11.711Z,2013-07-16T14:42:00.000Z,172.19419999999999504,-43.53529999999999944,3.31099999999999994,7.85510000000000019,ML,,GROPE,reviewed,manual,nz1dr,27,14,20,0.06000000000000000,78.00000000000000000,0.16672999999999999,0.15800000000000000
3378254,earthquake,2010-09-25T14:15:21.864Z,2013-07-16T14:42:00.000Z,172.40835999999998762,-43.63645000000000351,3.30100000000000016,9.38390000000000057,ML,,GROPE,reviewed,manual,nz1dr,26,13,18,0.06300000000000000,87.00000000000000000,0.17308000000000001,0.20799999999999999
3378248,earthquake,2010-09-25T13:57:14.130Z,2013-07-16T14:42:00.000Z,172.53550999999998794,-43.57648999999999972,3.83499999999999996,7.94930000000000003,ML,,GROPE,reviewed,manual,nz1dr,35,18,30,0.06400000000000000,57.00000000000000000,0.19656000000000001,0.20799999999999999
3421505,earthquake,2010-09-25T08:03:09.147Z,2013-07-16T14:50:00.000Z,172.64325999999999794,-43.53898999999999830,3.36799999999999988,6.22379999999999978,ML,,GROPE,reviewed,manual,nz1dr,34,17,19,0.01600000000000000,197.00000000000000000,0.16383000000000000,0.18800000000000000
3378133,earthquake,2010-09-25T08:01:50.809Z,2013-07-16T14:41:00.000Z,172.62766999999999484,-43.54178999999999888,3.70000000000000018,6.24420000000000019,Mw,,GROPE,reviewed,manual,nz1dr,15,11,0,0.01200000000000000,118.00000000000000000,0.16813000000000000,0.00000000000000000
3378131,earthquake,2010-09-25T07:58:18.973Z,2013-07-16T14:41:00.000Z,172.65255999999999403,-43.53488999999999720,3.79999999999999982,7.42699999999999960,Mw,,GROPE,reviewed,manual,nz1dr,36,18,0,0.01700000000000000,201.00000000000000000,0.18553000000000000,0.00000000000000000
3378127,earthquake,2010-09-25T07:46:32.616Z,2013-07-16T14:41:00.000Z,172.64258000000000948,-43.52861999999999654,3.82200000000000006,5.00220000000000020,ML,,GROPE,reviewed,manual,nz1dr,22,15,28,0.00700000000000000,197.00000000000000000,0.13725000000000001,0.21099999999999999
3378092,earthquake,2010-09-25T06:15:44.936Z,2013-07-16T14:41:00.000Z,172.02347000000000321,-43.55382000000000176,3.38899999999999979,7.79340000000000011,ML,,GROPE,reviewed,manual,nz1dr,27,14,23,0.10800000000000000,78.00000000000000000,0.22586000000000001,0.18900000000000000
3378064,earthquake,2010-09-25T04:46:33.286Z,2013-07-16T14:41:00.000Z,172.04879999999999995,-43.57074000000000069,3.79999999999999982,9.40189999999999948,Mw,,GROPE,reviewed,manual,nz1dr,33,17,0,0.05000000000000000,74.00000000000000000,0.18842999999999999,0.00000000000000000
3377926,earthquake,2010-09-24T23:20:25.108Z,2013-07-16T14:41:00.000Z,172.37569999999999482,-43.59969000000000250,3.47699999999999987,6.64569999999999972,ML,,GROPE,reviewed,manual,nz1dr,28,14,22,0.06800000000000000,60.00000000000000000,0.19234999999999999,0.14499999999999999
3377880,earthquake,2010-09-24T21:22:22.691Z,2013-07-16T14:41:00.000Z,172.39841000000001259,-43.59817999999999927,4.00000000000000000,9.48290000000000077,Mw,,GROPE,reviewed,manual,nz1dr,37,22,0,0.08200000000000000,59.00000000000000000,0.17845000000000000,0.00000000000000000
3377728,earthquake,2010-09-24T15:07:21.809Z,2013-07-16T14:41:00.000Z,172.38152999999999793,-43.59953999999999752,3.31199999999999983,6.70579999999999998,ML,,GROPE,reviewed,manual,nz1dr,27,14,21,0.07199999999999999,60.00000000000000000,0.17743999999999999,0.16400000000000001
3377667,earthquake,2010-09-24T12:57:45.302Z,2013-08-07T14:44:00.000Z,172.46378999999998882,-43.63832000000000022,3.50800000000000001,9.79219999999999935,ML,,GROPE,reviewed,manual,nz1dr,34,17,23,0.03000000000000000,73.00000000000000000,0.18934999999999999,0.17899999999999999
3377655,earthquake,2010-09-24T12:28:09.608Z,2013-07-16T14:41:00.000Z,172.11551000000000045,-43.17266000000000048,3.37000000000000011,5.00000000000000000,ML,operator assigned,GROPE,reviewed,manual,nz1dr,10,6,16,0.16500000000000001,122.00000000000000000,0.07620000000000000,0.16200000000000001
3377634,earthquake,2010-09-24T11:33:01.656Z,2013-07-16T14:41:00.000Z,172.10734999999999673,-43.16637000000000057,3.56800000000000006,5.00000000000000000,ML,operator assigned,GROPE,reviewed,manual,nz1dr,28,14,24,0.16900000000000001,143.00000000000000000,0.15748000000000001,0.16000000000000000
3377550,earthquake,2010-09-24T07:50:27.511Z,2013-07-16T14:40:00.000Z,172.38722000000001344,-43.57967000000000013,3.79999999999999982,9.06889999999999930,Mw,,GROPE,reviewed,manual,nz1dr,36,18,0,0.06800000000000000,54.00000000000000000,0.21465999999999999,0.00000000000000000
3377516,earthquake,2010-09-24T06:53:53.757Z,2013-07-16T14:40:00.000Z,172.39365000000000805,-43.62386999999999659,3.32500000000000018,7.56620000000000026,ML,,GROPE,reviewed,manual,nz1dr,27,14,22,0.07900000000000000,76.00000000000000000,0.16861000000000001,0.19800000000000001
3377307,earthquake,2010-09-23T22:48:14.552Z,2013-07-16T14:40:00.000Z,172.39931999999998880,-43.58042999999999978,3.34299999999999997,8.56140000000000079,ML,,GROPE,reviewed,manual,nz1dr,29,15,19,0.07600000000000000,50.00000000000000000,0.22599000000000000,0.17599999999999999
3377148,earthquake,2010-09-23T15:40:17.271Z,2013-07-16T14:40:00.000Z,172.40496999999999161,-43.58223999999999876,4.20000000000000018,11.07789999999999964,Mw,,GROPE,reviewed,manual,nz1dr,47,24,0,0.08100000000000000,51.00000000000000000,0.17391000000000001,0.00000000000000000
3376892,earthquake,2010-09-23T04:08:33.608Z,2013-07-16T14:39:00.000Z,172.50368000000000279,-43.59667999999999921,3.32900000000000018,6.57390000000000008,ML,,GROPE,reviewed,manual,nz1dr,31,16,20,0.06800000000000000,64.00000000000000000,0.20710000000000001,0.17499999999999999
3376786,earthquake,2010-09-23T00:52:05.655Z,2013-07-16T14:39:00.000Z,172.39594999999999914,-43.62633999999999901,3.43800000000000017,7.63469999999999960,ML,,GROPE,reviewed,manual,nz1dr,28,14,25,0.07600000000000000,78.00000000000000000,0.20322999999999999,0.15200000000000000
3376740,earthquake,2010-09-22T22:44:29.171Z,2013-07-16T14:39:00.000Z,172.27308999999999628,-43.60354999999999848,3.31899999999999995,6.97989999999999977,ML,,GROPE,reviewed,manual,nz1dr,31,16,23,0.04500000000000000,54.00000000000000000,0.18529999999999999,0.14000000000000001
3376732,earthquake,2010-09-22T22:24:31.813Z,2013-07-16T14:39:00.000Z,172.42552000000000589,-43.55859000000000236,3.42700000000000005,8.72059999999999924,ML,,GROPE,reviewed,manual,nz1dr,35,18,24,0.07800000000000000,56.00000000000000000,0.20254000000000000,0.17699999999999999
3376639,earthquake,2010-09-22T18:22:26.209Z,2013-07-16T14:39:00.000Z,172.42758000000000607,-43.56484999999999985,4.09999999999999964,8.98339999999999961,Mw,,GROPE,reviewed,manual,nz1dr,57,30,0,0.03500000000000000,42.00000000000000000,0.19178000000000001,0.00000000000000000
3376502,earthquake,2010-09-22T12:46:03.628Z,2013-07-16T14:39:00.000Z,171.82248000000001298,-43.24112999999999829,3.49199999999999999,5.00000000000000000,ML,operator assigned,GROPE,reviewed,manual,nz1dr,36,19,24,0.07400000000000000,82.00000000000000000,0.22777000000000000,0.14599999999999999
3376211,earthquake,2010-09-22T00:24:15.339Z,2013-07-16T14:38:00.000Z,172.40265999999999735,-43.61818000000000239,3.60000000000000009,11.11270000000000024,ML,,GROPE,reviewed,manual,nz1dr,35,18,26,0.07600000000000000,71.00000000000000000,0.38713999999999998,0.20300000000000001
3376183,earthquake,2010-09-21T23:11:26.333Z,2013-07-16T14:38:00.000Z,172.36062999999998624,-43.56275999999999726,3.35899999999999999,6.60409999999999986,ML,,GROPE,reviewed,manual,nz1dr,28,14,21,0.04600000000000000,52.00000000000000000,0.17255999999999999,0.13600000000000001
3376141,earthquake,2010-09-21T21:18:39.101Z,2013-07-16T14:38:00.000Z,172.38564999999999827,-43.56564999999999799,3.60000000000000009,6.16940000000000044,ML,,GROPE,reviewed,manual,nz1dr,32,16,26,0.06400000000000000,46.00000000000000000,0.19198999999999999,0.13500000000000001
3376083,earthquake,2010-09-21T18:31:31.861Z,2013-07-16T14:38:00.000Z,172.38981999999998607,-43.57692999999999728,3.77599999999999980,7.78739999999999988,ML,,GROPE,reviewed,manual,nz1dr,30,15,32,0.06900000000000001,61.00000000000000000,0.19788000000000000,0.22200000000000000
3376010,earthquake,2010-09-21T15:04:55.401Z,2013-07-16T14:38:00.000Z,172.17377999999999361,-43.44664999999999822,3.48200000000000021,6.36810000000000009,ML,,GROPE,reviewed,manual,nz1dr,28,14,24,0.04500000000000000,94.00000000000000000,0.18131000000000000,0.16700000000000001
3375731,earthquake,2010-09-21T02:40:38.887Z,2013-07-16T14:37:00.000Z,172.61555000000001314,-43.44803000000000281,3.43800000000000017,7.92929999999999957,ML,,GROPE,reviewed,manual,nz1dr,32,16,23,0.04700000000000000,195.00000000000000000,0.20022000000000001,0.14999999999999999
3375628,earthquake,2010-09-20T22:40:30.933Z,2013-07-16T14:37:00.000Z,172.47690000000000055,-43.61326999999999998,3.74100000000000010,6.77669999999999995,ML,,GROPE,reviewed,manual,nz1dr,30,15,26,0.05100000000000000,73.00000000000000000,0.16794999999999999,0.24099999999999999
3375595,earthquake,2010-09-20T21:17:41.511Z,2013-07-16T14:37:00.000Z,172.41684000000000765,-43.60735999999999990,3.35999999999999988,8.36020000000000074,ML,,GROPE,reviewed,manual,nz1dr,27,14,22,0.07600000000000000,64.00000000000000000,0.20813999999999999,0.15200000000000000
3375531,earthquake,2010-09-20T18:41:04.368Z,2013-07-16T14:37:00.000Z,172.40208000000001221,-43.54151999999999845,3.50300000000000011,6.00030000000000019,ML,,GROPE,reviewed,manual,nz1dr,30,15,23,0.07000000000000001,44.00000000000000000,0.16778000000000001,0.14899999999999999
3375515,earthquake,2010-09-20T17:57:09.246Z,2013-07-16T14:37:00.000Z,171.94309999999998695,-43.54205999999999932,3.47100000000000009,7.35700000000000021,ML,,GROPE,reviewed,manual,nz1dr,28,14,25,0.11000000000000000,105.00000000000000000,0.18645999999999999,0.18400000000000000
3375496,earthquake,2010-09-20T17:09:56.783Z,2013-07-16T14:37:00.000Z,172.40021999999999025,-43.62910999999999717,3.67799999999999994,8.80070000000000086,ML,,GROPE,reviewed,manual,nz1dr,28,14,32,0.07199999999999999,80.00000000000000000,0.18543000000000001,0.20300000000000001
3375458,earthquake,2010-09-20T15:25:09.346Z,2013-07-16T14:37:00.000Z,172.39462000000000330,-43.61813000000000073,3.57399999999999984,7.13910000000000000,ML,,GROPE,reviewed,manual,nz1dr,28,14,30,0.08100000000000000,72.00000000000000000,0.16298000000000001,0.16700000000000001
3375168,earthquake,2010-09-20T03:27:05.332Z,2013-07-16T14:36:00.000Z,172.47896000000000072,-43.61874000000000251,3.55699999999999994,6.20899999999999963,ML,,GROPE,reviewed,manual,nz1dr,30,15,24,0.04500000000000000,70.00000000000000000,0.18140999999999999,0.20100000000000001
3375077,earthquake,2010-09-20T00:15:09.895Z,2013-07-16T14:36:00.000Z,171.67024000000000683,-43.55387000000000342,3.58999999999999986,5.00000000000000000,ML,operator assigned,GROPE,reviewed,manual,nz1dr,29,15,24,0.12800000000000000,133.00000000000000000,0.17771000000000001,0.17000000000000001
3375067,earthquake,2010-09-19T23:50:22.464Z,2013-07-16T14:36:00.000Z,172.08833000000001334,-43.01160000000000139,3.89999999999999991,5.00000000000000000,Mw,operator assigned,GROPE,reviewed,manual,nz1dr,34,18,0,0.26500000000000001,85.00000000000000000,0.13103000000000001,0.00000000000000000
3374803,earthquake,2010-09-19T12:30:03.620Z,2013-07-16T14:35:00.000Z,172.39017999999998665,-43.55953000000000230,4.20000000000000018,8.43870000000000076,Mw,,GROPE,reviewed,manual,nz1dr,55,30,0,0.03600000000000000,44.00000000000000000,0.19420000000000001,0.00000000000000000
3374555,earthquake,2010-09-19T01:21:17.672Z,2013-07-16T14:35:00.000Z,172.00461000000001377,-43.26491000000000042,3.34299999999999997,8.56259999999999977,ML,,GROPE,reviewed,manual,nz1dr,29,15,22,0.06700000000000000,145.00000000000000000,0.10541000000000000,0.21600000000000000
3412305,earthquake,2010-09-19T00:27:45.872Z,2013-07-16T14:49:00.000Z,172.00763000000000602,-43.26411000000000229,3.32799999999999985,8.42060000000000031,ML,,GROPE,reviewed,manual,nz1dr,11,6,10,0.06700000000000000,103.00000000000000000,0.10431000000000000,0.19400000000000001
3374502,earthquake,2010-09-18T23:07:51.072Z,2013-07-16T14:35:00.000Z,172.13557000000000130,-43.57526000000000010,3.30500000000000016,6.37080000000000002,ML,,GROPE,reviewed,manual,nz1dr,30,15,24,0.03600000000000000,66.00000000000000000,0.18718000000000001,0.16300000000000001
3374223,earthquake,2010-09-18T10:32:44.775Z,2013-07-16T14:34:00.000Z,172.20046999999999571,-43.53191000000000344,3.34100000000000019,9.38100000000000023,ML,,GROPE,reviewed,manual,nz1dr,30,16,20,0.05500000000000000,62.00000000000000000,0.17491999999999999,0.16500000000000001
3374044,earthquake,2010-09-18T03:13:34.362Z,2013-07-16T14:34:00.000Z,172.24309999999999832,-43.59991000000000128,3.41199999999999992,9.20609999999999928,ML,,GROPE,reviewed,manual,nz1dr,31,16,25,0.02800000000000000,52.00000000000000000,0.18484999999999999,0.17899999999999999
3373971,earthquake,2010-09-18T00:04:03.875Z,2013-07-16T14:34:00.000Z,172.47676000000001295,-43.61751000000000289,3.41500000000000004,7.06010000000000026,ML,,GROPE,reviewed,manual,nz1dr,30,15,23,0.04700000000000000,71.00000000000000000,0.15912000000000001,0.18200000000000000
3373958,earthquake,2010-09-17T23:30:47.514Z,2013-07-16T14:34:00.000Z,172.08709999999999241,-43.60050999999999988,3.95900000000000007,6.03870000000000040,ML,,GROPE,reviewed,manual,nz1dr,31,16,30,0.01100000000000000,95.00000000000000000,0.21650000000000000,0.21199999999999999
3373940,earthquake,2010-09-17T22:44:52.710Z,2013-07-16T14:34:00.000Z,172.38999999999998636,-43.58281000000000205,3.93100000000000005,9.03509999999999991,ML,,GROPE,reviewed,manual,nz1dr,42,21,30,0.07000000000000001,52.00000000000000000,0.17110000000000000,0.20899999999999999
3373925,earthquake,2010-09-17T22:03:47.811Z,2013-07-16T14:34:00.000Z,172.39372000000000185,-43.58726000000000056,4.20000000000000018,9.62289999999999957,Mw,,GROPE,reviewed,manual,nz1dr,53,30,0,0.06700000000000000,55.00000000000000000,0.20877000000000001,0.00000000000000000
3373918,earthquake,2010-09-17T21:49:52.655Z,2013-07-16T14:33:00.000Z,172.40599000000000274,-43.59257000000000204,3.32100000000000017,7.31149999999999967,ML,,GROPE,reviewed,manual,nz1dr,28,14,20,0.08500000000000001,64.00000000000000000,0.19755000000000000,0.17199999999999999
3373805,earthquake,2010-09-17T17:13:38.242Z,2013-07-16T14:33:00.000Z,172.67400000000000659,-43.40966000000000236,3.36100000000000021,5.00000000000000000,ML,operator assigned,GROPE,reviewed,manual,nz1dr,27,15,18,0.17100000000000001,208.00000000000000000,0.16012000000000001,0.20599999999999999
3373723,earthquake,2010-09-17T13:37:38.604Z,2013-07-16T14:33:00.000Z,172.16057000000000698,-43.45931999999999817,4.09999999999999964,6.67929999999999957,Mw,,GROPE,reviewed,manual,nz1dr,48,24,0,0.04600000000000000,53.00000000000000000,0.18387999999999999,0.00000000000000000
3408861,earthquake,2010-09-17T13:36:49.688Z,2013-07-30T14:08:00.000Z,172.16393999999999664,-43.45958000000000254,3.32799999999999985,6.81970000000000010,ML,,GROPE,reviewed,manual,nz1dr,29,15,24,0.04400000000000000,90.00000000000000000,0.16571000000000000,0.21400000000000000
3373651,earthquake,2010-09-17T10:17:13.398Z,2013-07-16T14:33:00.000Z,172.35756000000000654,-43.59535999999999945,3.31099999999999994,10.94190000000000040,ML,,GROPE,reviewed,manual,nz1dr,22,13,23,0.05900000000000000,75.00000000000000000,0.17408999999999999,0.17499999999999999
3408013,earthquake,2010-09-17T10:07:25.224Z,2013-07-16T14:49:00.000Z,172.42788999999999078,-43.53701999999999828,3.45999999999999996,8.11999999999999922,ML,,GROPE,reviewed,manual,nz1dr,29,15,23,0.05700000000000000,77.00000000000000000,0.17988000000000001,0.18500000000000000
3373646,earthquake,2010-09-17T10:05:45.997Z,2013-07-16T14:33:00.000Z,172.42741000000000895,-43.53994999999999749,3.92099999999999982,7.78270000000000017,ML,,GROPE,reviewed,manual,nz1dr,35,19,32,0.03400000000000000,75.00000000000000000,0.16245999999999999,0.19100000000000000
3373472,earthquake,2010-09-17T02:45:01.690Z,2013-07-16T14:32:00.000Z,172.39322000000001367,-43.58362999999999943,3.58999999999999986,8.94909999999999961,ML,,GROPE,reviewed,manual,nz1dr,39,21,27,0.07300000000000000,52.00000000000000000,0.16419000000000000,0.15800000000000000
3373459,earthquake,2010-09-17T02:18:16.009Z,2013-07-16T14:32:00.000Z,172.30652000000000612,-43.55874000000000024,3.50599999999999978,10.08980000000000032,ML,,GROPE,reviewed,manual,nz1dr,33,17,25,0.00700000000000000,58.00000000000000000,0.18739000000000000,0.18300000000000000
3373385,earthquake,2010-09-16T23:22:30.855Z,2013-07-16T14:32:00.000Z,172.10173000000000343,-43.58943000000000012,3.90499999999999980,6.85189999999999966,ML,,GROPE,reviewed,manual,nz1dr,36,19,37,0.01000000000000000,51.00000000000000000,0.18654000000000001,0.19500000000000001
3373378,earthquake,2010-09-16T23:07:59.011Z,2013-07-16T14:32:00.000Z,172.49135000000001128,-43.61223999999999990,3.31400000000000006,6.93299999999999983,ML,,GROPE,reviewed,manual,nz1dr,27,14,21,0.05200000000000000,80.00000000000000000,0.19040000000000001,0.16900000000000001
3373375,earthquake,2010-09-16T22:59:12.703Z,2013-07-16T14:32:00.000Z,172.48920000000001096,-43.61357000000000284,3.79300000000000015,6.90950000000000042,ML,,GROPE,reviewed,manual,nz1dr,34,17,26,0.01900000000000000,59.00000000000000000,0.18934999999999999,0.17799999999999999
3373326,earthquake,2010-09-16T21:04:11.670Z,2013-07-16T14:32:00.000Z,171.93775999999999726,-43.51758000000000237,3.74400000000000022,7.47799999999999976,ML,,GROPE,reviewed,manual,nz1dr,33,17,28,0.02900000000000000,111.00000000000000000,0.23103000000000001,0.17100000000000001
3373311,earthquake,2010-09-16T20:29:13.179Z,2013-07-16T14:32:00.000Z,172.42586000000000013,-43.53764999999999930,3.48499999999999988,6.55670000000000019,ML,,GROPE,reviewed,manual,nz1dr,28,14,23,0.05800000000000000,81.00000000000000000,0.16524000000000000,0.16500000000000001
3373304,earthquake,2010-09-16T20:09:04.295Z,2013-07-16T14:32:00.000Z,172.40693999999999164,-43.55933999999999884,3.31099999999999994,4.68020000000000014,ML,,GROPE,reviewed,manual,nz1dr,28,14,20,0.08000000000000000,69.00000000000000000,0.22334000000000001,0.14799999999999999
3373294,earthquake,2010-09-16T19:41:31.402Z,2013-07-16T14:32:00.000Z,172.41093000000000757,-43.55716999999999928,3.41100000000000003,8.23820000000000086,ML,,GROPE,reviewed,manual,nz1dr,28,14,24,0.08000000000000000,71.00000000000000000,0.15193000000000001,0.16400000000000001
3373151,earthquake,2010-09-16T13:32:57.361Z,2013-07-16T14:32:00.000Z,172.47991999999999280,-43.61401000000000039,3.46700000000000008,7.59510000000000041,ML,,GROPE,reviewed,manual,nz1dr,31,16,21,0.05000000000000000,58.00000000000000000,0.17269000000000001,0.19100000000000000
3404827,earthquake,2010-09-16T12:10:56.978Z,2013-07-16T14:49:00.000Z,172.46555000000000746,-43.64244000000000057,3.30299999999999994,8.24590000000000067,ML,,GROPE,reviewed,manual,nz1dr,28,14,22,0.02600000000000000,77.00000000000000000,0.17493000000000000,0.16200000000000001
3373119,earthquake,2010-09-16T12:08:53.481Z,2013-07-16T14:31:00.000Z,171.93001000000001000,-43.52960000000000207,4.09999999999999964,7.89749999999999996,Mw,,GROPE,reviewed,manual,nz1dr,42,22,0,0.02500000000000000,92.00000000000000000,0.21868000000000001,0.00000000000000000
3373095,earthquake,2010-09-16T11:09:00.482Z,2013-07-16T14:31:00.000Z,172.47899000000001024,-43.61845000000000283,3.47800000000000020,8.74200000000000088,ML,,GROPE,reviewed,manual,nz1dr,31,16,23,0.04600000000000000,57.00000000000000000,0.18744000000000000,0.35699999999999998
3373091,earthquake,2010-09-16T10:58:14.096Z,2013-07-16T14:31:00.000Z,172.48386999999999603,-43.62373999999999796,4.20000000000000018,8.21780000000000044,Mw,,GROPE,reviewed,manual,nz1dr,51,29,0,0.01200000000000000,59.00000000000000000,0.15634999999999999,0.00000000000000000
3373089,earthquake,2010-09-16T10:56:46.014Z,2013-07-16T14:31:00.000Z,172.48136999999999830,-43.62644999999999840,4.00000000000000000,8.63199999999999967,Mw,,GROPE,reviewed,manual,nz1dr,47,25,0,0.01000000000000000,59.00000000000000000,0.17340000000000000,0.00000000000000000
3373082,earthquake,2010-09-16T10:36:02.876Z,2013-07-16T14:31:00.000Z,172.45107999999999038,-43.53804999999999836,3.79999999999999982,10.13530000000000086,Mw,,GROPE,reviewed,manual,nz1dr,52,27,0,0.02000000000000000,42.00000000000000000,0.18540999999999999,0.00000000000000000
3373081,earthquake,2010-09-16T10:33:41.528Z,2013-07-16T14:31:00.000Z,172.12800999999998908,-43.49495999999999896,3.92799999999999994,9.17960000000000065,ML,,GROPE,reviewed,manual,nz1dr,38,20,33,0.01900000000000000,68.00000000000000000,0.18759000000000001,0.27400000000000002
3373078,earthquake,2010-09-16T10:28:53.102Z,2013-07-16T14:31:00.000Z,172.34897000000000844,-43.60278999999999883,3.70000000000000018,9.53490000000000038,Mw,,GROPE,reviewed,manual,nz1dr,42,22,0,0.05400000000000000,60.00000000000000000,0.19186000000000000,0.00000000000000000
3373021,earthquake,2010-09-16T07:35:32.960Z,2013-07-16T14:31:00.000Z,172.39420999999998685,-43.55883000000000038,3.77199999999999980,7.56799999999999962,ML,,GROPE,reviewed,manual,nz1dr,34,18,28,0.07000000000000001,44.00000000000000000,0.16939000000000001,0.20000000000000001
3373006,earthquake,2010-09-16T06:55:11.861Z,2013-07-16T14:31:00.000Z,172.17883000000000493,-43.50536000000000314,3.64199999999999990,6.85580000000000034,ML,,GROPE,reviewed,manual,nz1dr,30,15,27,0.04000000000000000,46.00000000000000000,0.19786000000000001,0.21700000000000000
3372984,earthquake,2010-09-16T05:53:46.319Z,2013-07-16T14:31:00.000Z,172.34843000000000757,-43.60032999999999959,3.79999999999999982,9.39780000000000015,Mw,,GROPE,reviewed,manual,nz1dr,50,26,0,0.05300000000000000,59.00000000000000000,0.19123999999999999,0.00000000000000000
3372960,earthquake,2010-09-16T04:54:14.024Z,2013-07-16T14:31:00.000Z,172.19368000000000052,-43.53573999999999700,3.30500000000000016,7.95859999999999967,ML,,GROPE,reviewed,manual,nz1dr,29,15,20,0.06000000000000000,58.00000000000000000,0.18409000000000000,0.18900000000000000
3372918,earthquake,2010-09-16T03:00:04.982Z,2013-07-16T14:31:00.000Z,172.28075000000001182,-43.58570999999999884,3.43299999999999983,5.65719999999999956,ML,,GROPE,reviewed,manual,nz1dr,30,15,21,0.00300000000000000,47.00000000000000000,0.16167000000000001,0.17999999999999999
3372816,earthquake,2010-09-15T22:47:50.521Z,2013-07-16T14:30:00.000Z,172.15809999999999036,-43.44984999999999786,3.38200000000000012,7.74199999999999999,ML,,GROPE,reviewed,manual,nz1dr,30,16,21,0.05200000000000000,92.00000000000000000,0.17716999999999999,0.22300000000000000
3372811,earthquake,2010-09-15T22:35:55.087Z,2013-07-16T14:30:00.000Z,172.26154999999999973,-43.60504999999999853,3.62800000000000011,9.41050000000000075,ML,,GROPE,reviewed,manual,nz1dr,34,17,26,0.02100000000000000,53.00000000000000000,0.18512000000000001,0.17299999999999999
3372716,earthquake,2010-09-15T17:58:14.487Z,2013-07-16T14:30:00.000Z,172.39521999999999480,-43.57157000000000124,3.38799999999999990,6.04729999999999990,ML,,GROPE,reviewed,manual,nz1dr,30,15,22,0.07199999999999999,64.00000000000000000,0.17729000000000000,0.15400000000000000
3372709,earthquake,2010-09-15T17:37:45.132Z,2013-07-16T14:30:00.000Z,172.47485000000000355,-43.62035000000000196,3.57500000000000018,6.92009999999999970,ML,,GROPE,reviewed,manual,nz1dr,29,15,27,0.00700000000000000,73.00000000000000000,0.19560000000000000,0.19600000000000001
3372700,earthquake,2010-09-15T17:04:20.235Z,2013-07-16T14:30:00.000Z,172.42920000000000869,-43.56900999999999868,3.31599999999999984,8.44679999999999964,ML,,GROPE,reviewed,manual,nz1dr,21,15,19,0.08699999999999999,79.00000000000000000,0.16350000000000001,0.21199999999999999
3372691,earthquake,2010-09-15T16:35:31.437Z,2013-07-16T14:30:00.000Z,172.49805000000000632,-43.62579999999999814,3.79999999999999982,9.14250000000000007,Mw,,GROPE,reviewed,manual,nz1dr,44,24,0,0.02200000000000000,66.00000000000000000,0.15562000000000001,0.00000000000000000
3372661,earthquake,2010-09-15T15:13:51.787Z,2013-07-16T14:30:00.000Z,172.49696000000000140,-43.62751000000000090,4.00000000000000000,9.05910000000000082,Mw,,GROPE,reviewed,manual,nz1dr,53,29,0,0.02100000000000000,66.00000000000000000,0.16086000000000000,0.00000000000000000
3372575,earthquake,2010-09-15T11:23:21.352Z,2013-07-16T14:30:00.000Z,172.41211999999998739,-43.54744000000000170,3.53299999999999992,8.76249999999999929,ML,,GROPE,reviewed,manual,nz1dr,32,16,23,0.07099999999999999,69.00000000000000000,0.17607000000000000,0.18900000000000000
3372561,earthquake,2010-09-15T10:42:41.463Z,2013-07-16T14:30:00.000Z,172.52170000000000982,-43.57968999999999937,4.00000000000000000,9.67340000000000089,Mw,,GROPE,reviewed,manual,nz1dr,58,30,0,0.04600000000000000,54.00000000000000000,0.16828000000000001,0.00000000000000000
3372516,earthquake,2010-09-15T08:30:42.005Z,2013-07-16T14:29:00.000Z,172.05385000000001128,-43.56419000000000352,3.79999999999999982,9.24310000000000009,Mw,,GROPE,reviewed,manual,nz1dr,46,23,0,0.03500000000000000,72.00000000000000000,0.17180000000000001,0.00000000000000000
3372484,earthquake,2010-09-15T06:55:33.158Z,2013-07-16T14:29:00.000Z,171.92194000000000642,-43.53958999999999691,3.58499999999999996,8.67750000000000021,ML,,GROPE,reviewed,manual,nz1dr,34,17,27,0.10100000000000001,107.00000000000000000,0.19878000000000001,0.18200000000000000
3372458,earthquake,2010-09-15T05:48:19.023Z,2013-07-16T14:29:00.000Z,173.69632999999998901,-42.44129999999999825,3.62500000000000000,13.59869999999999912,ML,,GROPE,reviewed,manual,nz1dr,20,17,21,0.01700000000000000,157.00000000000000000,0.18654999999999999,0.28599999999999998
3372454,earthquake,2010-09-15T05:38:12.128Z,2013-08-08T13:43:00.000Z,173.68433999999999173,-42.44171000000000049,3.79999999999999982,13.35130000000000017,Mw,,GROPE,reviewed,manual,nz1dr,23,20,0,0.01400000000000000,154.00000000000000000,0.19070999999999999,0.00000000000000000
3372443,earthquake,2010-09-15T05:04:39.924Z,2013-07-16T14:29:00.000Z,172.07809000000000310,-43.57995999999999981,3.32799999999999985,8.26989999999999981,ML,,GROPE,reviewed,manual,nz1dr,24,14,20,0.02800000000000000,77.00000000000000000,0.22957000000000000,0.17899999999999999
3372442,earthquake,2010-09-15T05:01:18.621Z,2013-07-16T14:29:00.000Z,173.74232000000000653,-42.45277999999999707,3.89999999999999991,13.96640000000000015,Mw,,GROPE,reviewed,manual,nz1dr,27,23,0,0.05100000000000000,160.00000000000000000,0.15683000000000000,0.00000000000000000
3372423,earthquake,2010-09-15T04:15:12.068Z,2013-07-16T14:29:00.000Z,173.80396999999999252,-42.48282999999999987,3.47400000000000020,5.00000000000000000,ML,operator assigned,GROPE,reviewed,manual,nz1dr,15,13,15,0.20599999999999999,164.00000000000000000,0.21659000000000000,0.26600000000000001
3372411,earthquake,2010-09-15T03:52:27.073Z,2013-07-16T14:29:00.000Z,172.08880999999999517,-43.58274999999999721,3.48499999999999988,8.40859999999999985,ML,,GROPE,reviewed,manual,nz1dr,30,15,21,0.02200000000000000,70.00000000000000000,0.21609000000000000,0.20399999999999999
3372362,earthquake,2010-09-15T01:52:44.161Z,2013-07-16T14:29:00.000Z,172.38761999999999830,-43.56606000000000023,3.75499999999999989,7.05480000000000018,ML,,GROPE,reviewed,manual,nz1dr,39,20,31,0.06600000000000000,46.00000000000000000,0.14590000000000000,0.22900000000000001
3372347,earthquake,2010-09-15T01:14:15.602Z,2013-07-16T14:29:00.000Z,173.70548999999999751,-42.44977999999999696,3.68299999999999983,9.92479999999999940,ML,,GROPE,reviewed,manual,nz1dr,20,15,26,0.12600000000000000,158.00000000000000000,0.18648999999999999,0.28699999999999998
3372325,earthquake,2010-09-15T00:11:29.732Z,2013-07-16T14:29:00.000Z,172.27370999999999412,-43.59868999999999772,3.35099999999999998,7.25950000000000006,ML,,GROPE,reviewed,manual,nz1dr,30,16,19,0.01200000000000000,52.00000000000000000,0.19250999999999999,0.16300000000000001
3372246,earthquake,2010-09-14T20:14:35.702Z,2013-07-16T14:28:00.000Z,172.47814999999999941,-43.61757000000000062,3.41100000000000003,8.64710000000000001,ML,,GROPE,reviewed,manual,nz1dr,29,15,22,0.04600000000000000,75.00000000000000000,0.18500000000000000,0.16600000000000001
3372228,earthquake,2010-09-14T19:13:39.360Z,2013-07-16T14:28:00.000Z,172.39671000000001300,-43.63237000000000165,3.78299999999999992,9.00500000000000078,ML,,GROPE,reviewed,manual,nz1dr,33,17,32,0.07300000000000000,82.00000000000000000,0.15952000000000000,0.22300000000000000
3372197,earthquake,2010-09-14T17:42:33.253Z,2013-07-16T14:28:00.000Z,172.37988000000001421,-43.56257999999999697,3.44600000000000017,8.79080000000000084,ML,,GROPE,reviewed,manual,nz1dr,29,15,24,0.06000000000000000,59.00000000000000000,0.20804000000000000,0.18200000000000000
3372177,earthquake,2010-09-14T16:52:50.088Z,2013-07-16T14:28:00.000Z,172.35877999999999588,-43.59078000000000230,3.77599999999999980,9.66750000000000043,ML,,GROPE,reviewed,manual,nz1dr,36,18,37,0.05300000000000000,55.00000000000000000,0.16556999999999999,0.17699999999999999
3372134,earthquake,2010-09-14T14:42:40.205Z,2013-07-16T14:28:00.000Z,172.49780000000001223,-43.62373999999999796,3.66400000000000015,9.06129999999999924,ML,,GROPE,reviewed,manual,nz1dr,32,17,27,0.04100000000000000,64.00000000000000000,0.17665000000000000,0.17299999999999999
3372087,earthquake,2010-09-14T12:36:06.958Z,2013-07-16T14:28:00.000Z,172.39642000000000621,-43.57343999999999795,4.00000000000000000,7.33499999999999996,Mw,,GROPE,reviewed,manual,nz1dr,53,27,0,0.02400000000000000,57.00000000000000000,0.18786000000000000,0.00000000000000000
3371840,earthquake,2010-09-14T00:53:17.376Z,2013-07-16T14:27:00.000Z,172.38910000000001332,-43.62660000000000338,3.52899999999999991,8.82610000000000028,ML,,GROPE,reviewed,manual,nz1dr,28,14,22,0.08000000000000000,77.00000000000000000,0.20152999999999999,0.17000000000000001
3371817,earthquake,2010-09-13T23:44:49.730Z,2013-07-16T14:27:00.000Z,171.90882999999999470,-43.55633000000000266,3.57500000000000018,7.24610000000000021,ML,,GROPE,reviewed,manual,nz1dr,28,14,24,0.08200000000000000,116.00000000000000000,0.20588999999999999,0.19600000000000001
3371814,earthquake,2010-09-13T23:40:56.747Z,2013-07-16T14:27:00.000Z,172.33675999999999817,-43.59604000000000212,3.89999999999999991,9.32109999999999950,Mw,,GROPE,reviewed,manual,nz1dr,54,27,0,0.04400000000000000,55.00000000000000000,0.18987999999999999,0.00000000000000000
3371789,earthquake,2010-09-13T22:13:59.299Z,2013-07-16T14:27:00.000Z,172.15636000000000649,-43.49943999999999988,3.49199999999999999,8.74699999999999989,ML,,GROPE,reviewed,manual,nz1dr,33,17,22,0.04000000000000000,58.00000000000000000,0.17177000000000001,0.19600000000000001
3371769,earthquake,2010-09-13T21:29:20.986Z,2013-07-16T14:27:00.000Z,171.92948999999998705,-43.53540000000000276,3.53500000000000014,8.92060000000000031,ML,,GROPE,reviewed,manual,nz1dr,31,16,23,0.10800000000000000,111.00000000000000000,0.19517999999999999,0.17999999999999999
3371762,earthquake,2010-09-13T21:12:09.474Z,2013-07-16T14:27:00.000Z,172.33493000000001416,-43.59781000000000262,4.09999999999999964,9.92259999999999920,Mw,,GROPE,reviewed,manual,nz1dr,65,34,0,0.03400000000000000,56.00000000000000000,0.17901000000000000,0.00000000000000000
3371723,earthquake,2010-09-13T19:11:31.900Z,2013-07-16T14:27:00.000Z,172.35855000000000814,-43.57609000000000066,3.66400000000000015,5.47829999999999995,ML,,GROPE,reviewed,manual,nz1dr,32,16,28,0.04600000000000000,51.00000000000000000,0.17337000000000000,0.18400000000000000
3371706,earthquake,2010-09-13T18:21:39.892Z,2013-07-16T14:27:00.000Z,172.29819000000000528,-43.55138000000000176,3.60499999999999998,6.91070000000000029,ML,,GROPE,reviewed,manual,nz1dr,38,19,27,0.01100000000000000,41.00000000000000000,0.19803000000000001,0.16200000000000001
3371697,earthquake,2010-09-13T17:49:01.083Z,2013-07-16T14:27:00.000Z,172.40244000000001279,-43.58169999999999789,3.59699999999999998,9.39760000000000062,ML,,GROPE,reviewed,manual,nz1dr,37,19,25,0.07900000000000000,51.00000000000000000,0.20182000000000000,0.19700000000000001
3371693,earthquake,2010-09-13T17:38:38.479Z,2013-07-16T14:27:00.000Z,172.40647999999998774,-43.58789999999999765,3.88499999999999979,7.78000000000000025,ML,,GROPE,reviewed,manual,nz1dr,43,22,32,0.08300000000000000,54.00000000000000000,0.19864000000000001,0.18099999999999999
3371648,earthquake,2010-09-13T15:26:10.085Z,2013-07-16T14:27:00.000Z,172.44029000000000451,-43.58923999999999666,3.32799999999999985,8.47620000000000040,ML,,GROPE,reviewed,manual,nz1dr,30,15,20,0.08200000000000000,78.00000000000000000,0.17749000000000001,0.18400000000000000
3371595,earthquake,2010-09-13T12:58:25.302Z,2013-07-16T14:27:00.000Z,172.38109000000000037,-43.56168000000000262,3.49299999999999988,9.17099999999999937,ML,,GROPE,reviewed,manual,nz1dr,33,17,23,0.06100000000000000,45.00000000000000000,0.18332999999999999,0.16300000000000001
3371570,earthquake,2010-09-13T11:51:56.902Z,2013-07-16T14:27:00.000Z,172.11856000000000222,-43.45403000000000304,3.30699999999999994,7.19949999999999957,ML,,GROPE,reviewed,manual,nz1dr,30,15,21,0.03900000000000000,88.00000000000000000,0.17363000000000001,0.17000000000000001
3371514,earthquake,2010-09-13T09:15:43.603Z,2013-07-16T14:26:00.000Z,172.14762999999999238,-43.56826000000000221,3.60000000000000009,7.92469999999999963,Mw,,GROPE,reviewed,manual,nz1dr,45,23,0,0.04300000000000000,63.00000000000000000,0.21470000000000000,0.00000000000000000
3371419,earthquake,2010-09-13T04:33:57.933Z,2013-07-16T14:26:00.000Z,173.79896999999999707,-42.48570999999999742,3.40300000000000002,5.00000000000000000,ML,operator assigned,GROPE,reviewed,manual,nz1dr,21,18,15,0.20300000000000001,164.00000000000000000,0.21335999999999999,0.23499999999999999
3371335,earthquake,2010-09-13T01:05:38.408Z,2013-07-16T14:26:00.000Z,172.53534999999999400,-43.53394000000000119,3.79999999999999982,15.72259999999999991,Mw,,GROPE,reviewed,manual,nz1dr,52,27,0,0.04900000000000000,87.00000000000000000,0.17022000000000001,0.00000000000000000
3371317,earthquake,2010-09-13T00:04:50.036Z,2013-07-16T14:26:00.000Z,172.49735999999998626,-43.62454999999999927,3.59500000000000020,8.74569999999999936,ML,,GROPE,reviewed,manual,nz1dr,33,17,23,0.04000000000000000,65.00000000000000000,0.17677000000000001,0.20300000000000001
3371291,earthquake,2010-09-12T22:40:03.020Z,2013-07-16T14:26:00.000Z,172.26711000000000240,-43.55382999999999782,3.35499999999999998,12.63000000000000078,ML,,GROPE,reviewed,manual,nz1dr,24,12,16,0.02400000000000000,89.00000000000000000,0.15618000000000001,0.17399999999999999
3371266,earthquake,2010-09-12T21:50:33.892Z,2013-07-16T14:26:00.000Z,172.09665000000001100,-43.58250000000000313,3.71600000000000019,7.89649999999999963,ML,,GROPE,reviewed,manual,nz1dr,34,17,28,0.00800000000000000,63.00000000000000000,0.18459999999999999,0.21600000000000000
3371264,earthquake,2010-09-12T21:45:36.538Z,2013-07-16T14:26:00.000Z,172.21325999999999112,-43.61948000000000292,3.66299999999999981,9.02069999999999972,ML,,GROPE,reviewed,manual,nz1dr,34,17,27,0.02400000000000000,68.00000000000000000,0.16838000000000000,0.24299999999999999
3371253,earthquake,2010-09-12T21:05:40.377Z,2013-07-16T14:26:00.000Z,172.19103999999998678,-43.54332000000000136,3.89999999999999991,7.08209999999999962,Mw,,GROPE,reviewed,manual,nz1dr,43,22,0,0.05500000000000000,56.00000000000000000,0.22342999999999999,0.00000000000000000
3371241,earthquake,2010-09-12T20:22:53.787Z,2013-07-16T14:25:00.000Z,172.39319000000000415,-43.56929000000000229,3.49000000000000021,6.79319999999999968,ML,,GROPE,reviewed,manual,nz1dr,32,16,25,0.07000000000000001,63.00000000000000000,0.15931000000000001,0.18200000000000000
3371231,earthquake,2010-09-12T19:54:42.998Z,2013-07-16T14:25:00.000Z,172.49523999999999546,-43.60741000000000156,3.70000000000000018,6.64900000000000002,Mw,,GROPE,reviewed,manual,nz1dr,39,21,0,0.02600000000000000,59.00000000000000000,0.19875999999999999,0.00000000000000000
3371145,earthquake,2010-09-12T15:45:46.421Z,2013-07-16T14:25:00.000Z,172.47570999999999231,-43.61874000000000251,3.53600000000000003,16.13489999999999824,ML,,GROPE,reviewed,manual,nz1dr,32,16,24,0.04600000000000000,70.00000000000000000,0.17652999999999999,0.18200000000000000
3371091,earthquake,2010-09-12T13:44:08.640Z,2013-07-16T14:25:00.000Z,172.16145000000000209,-43.50160999999999945,3.77599999999999980,9.75779999999999959,ML,,GROPE,reviewed,manual,nz1dr,40,20,30,0.04400000000000000,54.00000000000000000,0.16686999999999999,0.23300000000000001
3371307,earthquake,2010-09-12T12:22:06.956Z,2013-07-16T14:26:00.000Z,173.69642999999999233,-42.44953999999999894,3.61799999999999988,10.15700000000000003,ML,,GROPE,reviewed,manual,nz1dr,18,14,13,0.12000000000000000,182.00000000000000000,0.31402999999999998,0.29299999999999998
3371041,earthquake,2010-09-12T11:34:05.263Z,2013-07-16T14:25:00.000Z,172.04358999999999469,-43.56593999999999767,3.35099999999999998,9.07150000000000034,ML,,GROPE,reviewed,manual,nz1dr,28,15,23,0.05600000000000000,74.00000000000000000,0.16808000000000001,0.18800000000000000
3371037,earthquake,2010-09-12T11:22:59.612Z,2013-07-16T14:25:00.000Z,172.36633000000000493,-43.58339999999999748,3.60000000000000009,10.07230000000000025,Mw,,GROPE,reviewed,manual,nz1dr,53,27,0,0.05400000000000000,52.00000000000000000,0.15293000000000001,0.00000000000000000
3371017,earthquake,2010-09-12T10:19:30.891Z,2013-07-16T14:25:00.000Z,172.39979999999999905,-43.57139000000000095,3.40399999999999991,6.21279999999999966,ML,,GROPE,reviewed,manual,nz1dr,30,15,22,0.07500000000000000,66.00000000000000000,0.21604999999999999,0.18800000000000000
3370943,earthquake,2010-09-12T06:53:39.725Z,2013-07-16T14:25:00.000Z,172.39322000000001367,-43.57403000000000048,3.62300000000000022,7.41650000000000009,ML,,GROPE,reviewed,manual,nz1dr,37,19,26,0.02200000000000000,48.00000000000000000,0.16350000000000001,0.17599999999999999
3370916,earthquake,2010-09-12T05:27:02.742Z,2013-07-16T14:25:00.000Z,172.38864000000000942,-43.57585000000000264,4.20000000000000018,8.22519999999999918,Mw,,GROPE,reviewed,manual,nz1dr,58,29,0,0.06500000000000000,49.00000000000000000,0.19539999999999999,0.00000000000000000
3370904,earthquake,2010-09-12T04:51:54.173Z,2013-07-16T14:25:00.000Z,172.12115000000000009,-43.45336000000000354,3.31000000000000005,6.61350000000000016,ML,,GROPE,reviewed,manual,nz1dr,33,17,23,0.04000000000000000,88.00000000000000000,0.18754000000000001,0.14599999999999999
3370887,earthquake,2010-09-12T04:03:41.776Z,2013-07-16T14:25:00.000Z,172.39448999999999046,-43.54493000000000080,3.51399999999999979,6.50229999999999997,ML,,GROPE,reviewed,manual,nz1dr,36,18,24,0.07300000000000000,45.00000000000000000,0.17507000000000000,0.16500000000000001
3370834,earthquake,2010-09-12T01:37:09.930Z,2013-07-16T14:24:00.000Z,172.94386000000000081,-43.63732999999999862,3.69700000000000006,24.02749999999999986,ML,,GROPE,reviewed,manual,nz1dr,32,16,25,0.22200000000000000,231.00000000000000000,0.22134999999999999,0.22000000000000000
3370794,earthquake,2010-09-11T23:39:09.986Z,2013-07-16T14:24:00.000Z,171.87512000000000967,-43.53609000000000151,3.70000000000000018,10.36989999999999945,Mw,,GROPE,reviewed,manual,nz1dr,37,19,0,0.08400000000000001,103.00000000000000000,0.16799000000000000,0.00000000000000000
3370716,earthquake,2010-09-11T19:50:59.566Z,2013-07-16T14:24:00.000Z,172.39144999999999186,-43.57417000000000229,3.71300000000000008,7.11010000000000009,ML,,GROPE,reviewed,manual,nz1dr,36,19,30,0.06900000000000001,49.00000000000000000,0.16248000000000001,0.18600000000000000
3370677,earthquake,2010-09-11T18:03:22.095Z,2013-07-16T14:24:00.000Z,172.39245999999999981,-43.64081999999999795,4.20000000000000018,9.71349999999999980,Mw,,GROPE,reviewed,manual,nz1dr,53,27,0,0.05700000000000000,88.00000000000000000,0.18794000000000000,0.00000000000000000
3370655,earthquake,2010-09-11T16:58:26.521Z,2013-07-16T14:24:00.000Z,172.35371000000000663,-43.57820999999999856,3.63799999999999990,17.11430000000000007,ML,,GROPE,reviewed,manual,nz1dr,34,17,29,0.04400000000000000,51.00000000000000000,0.16941000000000001,0.17299999999999999
3370565,earthquake,2010-09-11T12:39:57.272Z,2013-07-16T14:24:00.000Z,172.48210000000000264,-43.61829000000000178,3.74800000000000022,7.72989999999999977,ML,,GROPE,reviewed,manual,nz1dr,36,19,28,0.01200000000000000,58.00000000000000000,0.18204000000000001,0.21800000000000000
3370425,earthquake,2010-09-11T05:14:18.109Z,2013-07-16T14:23:00.000Z,172.31198000000000548,-43.59667000000000314,3.66800000000000015,9.14939999999999998,ML,,GROPE,reviewed,manual,nz1dr,36,18,29,0.02700000000000000,53.00000000000000000,0.16464000000000001,0.20399999999999999
3370424,earthquake,2010-09-11T05:11:54.822Z,2013-07-16T14:23:00.000Z,172.38155000000000427,-43.57401000000000124,3.51699999999999990,9.63180000000000014,ML,,GROPE,reviewed,manual,nz1dr,36,18,23,0.06200000000000000,49.00000000000000000,0.21626000000000001,0.17100000000000001
3370325,earthquake,2010-09-11T00:20:58.428Z,2013-07-16T14:23:00.000Z,172.42596000000000345,-43.58494999999999919,3.30699999999999994,14.91900000000000048,ML,,GROPE,reviewed,manual,nz1dr,28,14,18,0.09000000000000000,74.00000000000000000,0.16863000000000000,0.15400000000000000
3370281,earthquake,2010-09-10T22:08:08.545Z,2013-07-16T14:23:00.000Z,172.47068999999999050,-43.60835999999999757,3.33899999999999997,6.04889999999999972,ML,,GROPE,reviewed,manual,nz1dr,28,14,19,0.05700000000000000,84.00000000000000000,0.17610000000000001,0.16700000000000001
3370262,earthquake,2010-09-10T21:01:16.302Z,2013-07-16T14:23:00.000Z,172.11140000000000327,-43.46974999999999767,3.70000000000000018,6.95640000000000036,Mw,,GROPE,reviewed,manual,nz1dr,40,20,0,0.02300000000000000,86.00000000000000000,0.21237000000000000,0.00000000000000000
3370255,earthquake,2010-09-10T20:36:48.263Z,2013-07-16T14:23:00.000Z,172.45826999999999884,-43.61955999999999989,3.79999999999999982,7.09159999999999968,Mw,,GROPE,reviewed,manual,nz1dr,42,22,0,0.00900000000000000,58.00000000000000000,0.18448999999999999,0.00000000000000000
3370241,earthquake,2010-09-10T19:51:57.967Z,2013-07-16T14:23:00.000Z,172.29787999999999215,-43.57124999999999915,3.34799999999999986,7.66739999999999977,ML,,GROPE,reviewed,manual,nz1dr,30,15,18,0.00900000000000000,92.00000000000000000,0.15742999999999999,0.18300000000000000
3370235,earthquake,2010-09-10T19:35:02.887Z,2013-07-16T14:23:00.000Z,172.37363999999999464,-43.55293999999999954,3.62199999999999989,6.26050000000000040,ML,,GROPE,reviewed,manual,nz1dr,30,15,23,0.05600000000000000,103.00000000000000000,0.16724000000000000,0.15200000000000000
3370196,earthquake,2010-09-10T17:38:39.763Z,2013-07-16T14:23:00.000Z,172.83081000000001382,-43.75860999999999734,3.95699999999999985,26.21959999999999980,ML,,GROPE,reviewed,manual,nz1dr,39,20,42,0.13800000000000001,294.00000000000000000,0.18189000000000000,0.21199999999999999
3370168,earthquake,2010-09-10T16:20:11.134Z,2013-07-16T14:23:00.000Z,172.16406000000000631,-43.47106000000000137,3.33300000000000018,7.59989999999999988,ML,,GROPE,reviewed,manual,nz1dr,11,8,7,0.05000000000000000,122.00000000000000000,0.17760999999999999,0.23100000000000001
3370159,earthquake,2010-09-10T16:03:14.135Z,2013-07-16T14:23:00.000Z,172.19318000000001234,-43.48564999999999969,3.46099999999999985,5.55379999999999985,ML,,GROPE,reviewed,manual,nz1dr,28,14,21,0.02000000000000000,62.00000000000000000,0.18645999999999999,0.14999999999999999
3370130,earthquake,2010-09-10T14:44:41.753Z,2013-07-16T14:22:00.000Z,172.39591999999998961,-43.56036000000000286,3.42799999999999994,9.66029999999999944,ML,,GROPE,reviewed,manual,nz1dr,32,17,22,0.07199999999999999,85.00000000000000000,0.20624999999999999,0.19400000000000001
3370120,earthquake,2010-09-10T14:15:36.983Z,2013-07-16T14:22:00.000Z,172.15558999999998946,-43.60114999999999696,3.65499999999999980,5.43100000000000005,ML,,GROPE,reviewed,manual,nz1dr,31,15,26,0.03300000000000000,86.00000000000000000,0.19409000000000001,0.18900000000000000
3370099,earthquake,2010-09-10T13:21:07.238Z,2013-07-16T14:22:00.000Z,172.16257999999999129,-43.59940000000000282,3.54099999999999993,5.77740000000000009,ML,,GROPE,reviewed,manual,nz1dr,33,17,25,0.02800000000000000,82.00000000000000000,0.18201999999999999,0.16800000000000001
3370029,earthquake,2010-09-10T10:04:05.279Z,2013-07-16T14:22:00.000Z,172.42064999999999486,-43.61139000000000010,3.89999999999999991,10.90450000000000053,Mw,,GROPE,reviewed,manual,nz1dr,30,15,0,0.03700000000000000,65.00000000000000000,0.21597000000000000,0.00000000000000000
3370009,earthquake,2010-09-10T09:22:29.875Z,2013-07-16T14:22:00.000Z,172.46519000000000688,-43.63282999999999845,3.32299999999999995,7.06810000000000027,ML,,GROPE,reviewed,manual,nz1dr,28,15,18,0.03500000000000000,70.00000000000000000,0.18163000000000001,0.21900000000000000
3370004,earthquake,2010-09-10T09:07:26.632Z,2013-07-16T14:22:00.000Z,172.41273000000001048,-43.54793999999999699,3.71799999999999997,8.60629999999999917,ML,,GROPE,reviewed,manual,nz1dr,34,17,27,0.08500000000000001,90.00000000000000000,0.21387000000000000,0.20100000000000001
3369938,earthquake,2010-09-10T06:22:25.110Z,2013-07-16T14:22:00.000Z,172.20913999999999078,-43.59906000000000148,3.71700000000000008,9.61800000000000033,ML,,GROPE,reviewed,manual,nz1dr,40,20,28,0.00600000000000000,65.00000000000000000,0.20679000000000000,0.17499999999999999
3382496,earthquake,2010-09-10T05:38:46.730Z,2013-07-16T14:47:00.000Z,172.39507000000000403,-43.62534000000000134,3.50300000000000011,7.91999999999999993,ML,,GROPE,reviewed,manual,nz1dr,28,14,24,0.07700000000000000,80.00000000000000000,0.15984000000000001,0.22300000000000000
3369825,earthquake,2010-09-10T01:10:42.635Z,2013-07-16T14:21:00.000Z,172.43016000000000076,-43.63506000000000284,3.55200000000000005,9.22680000000000078,ML,,GROPE,reviewed,manual,nz1dr,37,18,23,0.05000000000000000,85.00000000000000000,0.17380999999999999,0.17999999999999999
3369808,earthquake,2010-09-10T00:59:57.376Z,2013-07-16T14:21:00.000Z,172.66093000000000757,-43.55935000000000201,3.32799999999999985,4.92900000000000027,ML,,GROPE,reviewed,manual,nz1dr,36,18,19,0.02200000000000000,202.00000000000000000,0.17014000000000001,0.20000000000000001
3369730,earthquake,2010-09-09T21:17:20.848Z,2013-07-16T14:21:00.000Z,172.92096000000000799,-42.66803000000000168,3.49900000000000011,5.00000000000000000,ML,operator assigned,GROPE,reviewed,manual,nz1dr,19,15,15,0.15800000000000000,130.00000000000000000,0.32791999999999999,0.23499999999999999
3369682,earthquake,2010-09-09T19:10:20.545Z,2013-07-16T14:21:00.000Z,172.39914999999999168,-43.57544999999999646,4.20000000000000018,9.01650000000000063,Mw,,GROPE,reviewed,manual,nz1dr,58,29,0,0.02300000000000000,49.00000000000000000,0.17127999999999999,0.00000000000000000
3369677,earthquake,2010-09-09T18:49:50.439Z,2013-07-16T14:21:00.000Z,172.02536000000000627,-43.58648999999999774,3.49100000000000010,9.25060000000000038,ML,,GROPE,reviewed,manual,nz1dr,32,16,24,0.05800000000000000,80.00000000000000000,0.14360999999999999,0.16200000000000001
3369669,earthquake,2010-09-09T18:28:45.828Z,2013-07-16T14:21:00.000Z,172.11268999999998641,-43.42228999999999672,3.96300000000000008,8.60229999999999961,ML,,GROPE,reviewed,manual,nz1dr,41,21,34,0.06900000000000001,103.00000000000000000,0.17315000000000000,0.21500000000000000
3381066,earthquake,2010-09-09T15:33:51.899Z,2013-07-16T14:47:00.000Z,172.18951000000001272,-43.56206000000000245,3.33099999999999996,8.89750000000000085,ML,,GROPE,reviewed,manual,nz1dr,33,17,18,0.06200000000000000,60.00000000000000000,0.18271000000000001,0.17199999999999999
3369606,earthquake,2010-09-09T15:23:38.360Z,2013-07-16T14:21:00.000Z,171.89368999999999232,-43.54576999999999742,3.59799999999999986,9.21059999999999945,ML,,GROPE,reviewed,manual,nz1dr,32,16,26,0.08300000000000000,123.00000000000000000,0.16888000000000000,0.18500000000000000
3369525,earthquake,2010-09-09T12:25:16.039Z,2013-07-16T14:21:00.000Z,172.40036000000000627,-43.57900000000000063,3.89999999999999991,8.56959999999999944,Mw,,GROPE,reviewed,manual,nz1dr,59,29,0,0.02100000000000000,50.00000000000000000,0.16247000000000000,0.00000000000000000
3369518,earthquake,2010-09-09T12:00:14.101Z,2013-07-16T14:21:00.000Z,172.05442999999999643,-43.60090999999999894,3.43400000000000016,7.63550000000000040,ML,,GROPE,reviewed,manual,nz1dr,25,14,24,0.03500000000000000,90.00000000000000000,0.22151999999999999,0.20000000000000001
3369483,earthquake,2010-09-09T10:31:06.626Z,2013-07-16T14:20:00.000Z,172.41219000000000960,-43.55002000000000351,3.70000000000000018,8.52180000000000071,Mw,,GROPE,reviewed,manual,nz1dr,40,20,0,0.04400000000000000,61.00000000000000000,0.19656999999999999,0.00000000000000000
3369478,earthquake,2010-09-09T10:12:50.992Z,2013-07-16T14:20:00.000Z,173.06447000000000003,-43.71724999999999994,3.74699999999999989,26.13380000000000081,ML,,GROPE,reviewed,manual,nz1dr,27,14,30,0.29799999999999999,299.00000000000000000,0.18520000000000000,0.19400000000000001
3369443,earthquake,2010-09-09T08:47:25.054Z,2013-07-16T14:20:00.000Z,171.94604000000001065,-43.54120000000000346,3.71099999999999985,8.61870000000000047,ML,,GROPE,reviewed,manual,nz1dr,34,17,33,0.01000000000000000,104.00000000000000000,0.20577000000000001,0.14999999999999999
3369439,earthquake,2010-09-09T08:35:24.613Z,2013-07-16T14:20:00.000Z,172.58683999999999514,-43.58503000000000327,3.44700000000000006,6.67159999999999975,ML,,GROPE,reviewed,manual,nz1dr,30,15,19,0.02800000000000000,86.00000000000000000,0.24193999999999999,0.22200000000000000
3369402,earthquake,2010-09-09T06:59:07.543Z,2013-07-16T14:20:00.000Z,172.40710000000001401,-43.61858000000000146,3.35499999999999998,6.06660000000000021,ML,,GROPE,reviewed,manual,nz1dr,23,12,17,0.07300000000000000,135.00000000000000000,0.15579999999999999,0.16500000000000001
3369397,earthquake,2010-09-09T06:44:04.115Z,2013-07-16T14:20:00.000Z,172.18209999999999127,-43.64780999999999977,3.43999999999999995,9.26549999999999940,ML,,GROPE,reviewed,manual,nz1dr,25,17,22,0.03900000000000000,106.00000000000000000,0.17130999999999999,0.17599999999999999
3369391,earthquake,2010-09-09T06:27:08.457Z,2013-07-16T14:20:00.000Z,172.58451999999999771,-43.58892000000000166,3.79999999999999982,7.21290000000000031,Mw,,GROPE,reviewed,manual,nz1dr,42,21,0,0.03100000000000000,91.00000000000000000,0.21357999999999999,0.00000000000000000
3370849,earthquake,2010-09-09T05:46:04.026Z,2013-07-16T14:24:00.000Z,172.15418999999999983,-43.60249000000000308,3.34399999999999986,6.36610000000000031,ML,,GROPE,reviewed,manual,nz1dr,32,16,20,0.03500000000000000,87.00000000000000000,0.18254000000000001,0.14399999999999999
3369367,earthquake,2010-09-09T05:24:27.607Z,2013-07-16T14:20:00.000Z,172.36401000000000749,-43.60867999999999967,3.60000000000000009,6.64170000000000016,Mw,,GROPE,reviewed,manual,nz1dr,44,22,0,0.06600000000000000,63.00000000000000000,0.15726000000000001,0.00000000000000000
3369269,earthquake,2010-09-09T00:38:57.618Z,2013-07-16T14:20:00.000Z,171.89591999999998961,-43.32477000000000089,4.12300000000000022,11.11229999999999940,ML,,GROPE,reviewed,manual,nz1dr,42,20,34,0.02800000000000000,65.00000000000000000,0.15295000000000000,0.22200000000000000
3369265,earthquake,2010-09-09T00:22:21.053Z,2013-07-16T14:20:00.000Z,172.14869999999999095,-43.60117000000000331,3.68699999999999983,7.12849999999999984,ML,,GROPE,reviewed,manual,nz1dr,34,16,26,0.03400000000000000,88.00000000000000000,0.22824000000000000,0.20599999999999999
3369261,earthquake,2010-09-09T00:14:52.769Z,2013-07-16T14:20:00.000Z,172.16252000000000066,-43.49703999999999837,3.79499999999999993,8.16300000000000026,ML,,GROPE,reviewed,manual,nz1dr,39,20,30,0.04400000000000000,59.00000000000000000,0.18354000000000001,0.18900000000000000
3369230,earthquake,2010-09-08T22:47:25.750Z,2013-07-16T14:19:00.000Z,172.17661000000001081,-43.46459999999999724,3.46300000000000008,6.28230000000000022,ML,,GROPE,reviewed,manual,nz1dr,18,13,14,0.06100000000000000,89.00000000000000000,0.22105000000000000,0.19600000000000001
3369215,earthquake,2010-09-08T22:04:57.006Z,2013-07-16T14:19:00.000Z,172.91415000000000646,-43.67985999999999791,3.35099999999999998,24.51160000000000139,ML,,GROPE,reviewed,manual,nz1dr,33,17,18,0.19100000000000000,241.00000000000000000,0.22511999999999999,0.22900000000000001
3369190,earthquake,2010-09-08T21:04:51.906Z,2013-07-16T14:19:00.000Z,172.16002000000000294,-43.44483999999999924,3.63499999999999979,6.33879999999999999,ML,,GROPE,reviewed,manual,nz1dr,30,15,24,0.05400000000000000,92.00000000000000000,0.19506000000000001,0.20499999999999999
3369141,earthquake,2010-09-08T18:49:57.159Z,2013-07-16T14:19:00.000Z,172.17569000000000301,-43.50544000000000011,3.79999999999999982,7.59790000000000010,Mw,,GROPE,reviewed,manual,nz1dr,42,21,0,0.04100000000000000,44.00000000000000000,0.19344000000000000,0.00000000000000000
3369129,earthquake,2010-09-08T18:14:48.171Z,2013-07-16T14:19:00.000Z,172.15340000000000487,-43.51270999999999844,3.89999999999999991,9.44369999999999976,Mw,,GROPE,reviewed,manual,nz1dr,51,26,0,0.03500000000000000,47.00000000000000000,0.20061999999999999,0.00000000000000000
3369127,earthquake,2010-09-08T18:10:14.410Z,2013-07-16T14:19:00.000Z,172.34915000000000873,-43.59517999999999915,3.63200000000000012,8.15600000000000058,ML,,GROPE,reviewed,manual,nz1dr,34,17,29,0.05000000000000000,57.00000000000000000,0.17665000000000000,0.19300000000000000
3369070,earthquake,2010-09-08T15:44:55.990Z,2013-07-16T14:19:00.000Z,172.28333000000000652,-43.59940000000000282,3.58199999999999985,7.32219999999999960,ML,,GROPE,reviewed,manual,nz1dr,32,16,24,0.01300000000000000,70.00000000000000000,0.17888000000000001,0.20399999999999999
3369058,earthquake,2010-09-08T15:13:39.064Z,2013-07-16T14:19:00.000Z,172.67287999999999215,-43.57121000000000066,3.56199999999999983,6.40650000000000031,ML,,GROPE,reviewed,manual,nz1dr,41,21,22,0.03600000000000000,112.00000000000000000,0.20047999999999999,0.17599999999999999
3369048,earthquake,2010-09-08T14:49:59.194Z,2013-07-16T14:19:00.000Z,172.10886999999999603,-43.58619999999999806,4.00000000000000000,9.35449999999999982,Mw,,GROPE,reviewed,manual,nz1dr,47,25,0,0.01500000000000000,50.00000000000000000,0.16854000000000000,0.00000000000000000
3368919,earthquake,2010-09-08T09:14:55.054Z,2013-07-16T14:18:00.000Z,172.47514000000001033,-43.62017000000000166,3.92200000000000015,9.02539999999999942,ML,,GROPE,reviewed,manual,nz1dr,34,17,32,0.04400000000000000,60.00000000000000000,0.17407000000000000,0.21500000000000000
3368877,earthquake,2010-09-08T07:28:41.587Z,2013-07-16T14:18:00.000Z,172.46252000000001203,-43.63555999999999813,3.39000000000000012,7.69969999999999999,ML,,GROPE,reviewed,manual,nz1dr,26,14,20,0.03300000000000000,70.00000000000000000,0.17818000000000001,0.16400000000000001
3368849,earthquake,2010-09-08T06:57:19.513Z,2013-07-16T14:18:00.000Z,172.46020999999998935,-43.64115000000000322,3.64199999999999990,8.80620000000000047,ML,,GROPE,reviewed,manual,nz1dr,34,17,25,0.03000000000000000,80.00000000000000000,0.16980000000000001,0.16900000000000001
3368648,earthquake,2010-09-08T04:42:14.886Z,2013-07-16T14:18:00.000Z,172.57909000000000788,-43.58104999999999762,3.33700000000000019,7.34260000000000002,ML,,GROPE,reviewed,manual,nz1dr,36,18,19,0.03200000000000000,75.00000000000000000,0.24731000000000000,0.22900000000000001
3368607,earthquake,2010-09-08T02:50:00.832Z,2013-07-16T14:18:00.000Z,172.41393999999999664,-43.55344000000000193,4.00000000000000000,8.26200000000000045,Mw,,GROPE,reviewed,manual,nz1dr,53,27,0,0.04200000000000000,43.00000000000000000,0.19273999999999999,0.00000000000000000
3368577,earthquake,2010-09-08T01:41:18.851Z,2013-07-16T14:17:00.000Z,171.88167000000001394,-43.55503000000000213,3.70000000000000018,8.35609999999999964,Mw,,GROPE,reviewed,manual,nz1dr,43,22,0,0.05800000000000000,85.00000000000000000,0.18795999999999999,0.00000000000000000
3368494,earthquake,2010-09-07T22:00:42.941Z,2013-07-16T14:17:00.000Z,172.26337000000000899,-43.61355999999999966,3.37800000000000011,9.08419999999999916,ML,,GROPE,reviewed,manual,nz1dr,30,15,23,0.05700000000000000,58.00000000000000000,0.16789000000000001,0.23499999999999999
3368486,earthquake,2010-09-07T21:39:41.913Z,2013-07-16T14:17:00.000Z,172.68998999999999455,-43.58127000000000351,3.79999999999999982,7.16120000000000001,Mw,,GROPE,reviewed,manual,nz1dr,47,25,0,0.03800000000000000,124.00000000000000000,0.18670000000000000,0.00000000000000000
3368485,earthquake,2010-09-07T21:37:04.540Z,2013-07-16T14:17:00.000Z,172.31284999999999741,-43.59966000000000008,3.55799999999999983,10.02549999999999919,ML,,GROPE,reviewed,manual,nz1dr,34,17,23,0.02900000000000000,54.00000000000000000,0.18940000000000001,0.25100000000000000
3368471,earthquake,2010-09-07T21:01:37.594Z,2013-07-16T14:17:00.000Z,172.38152999999999793,-43.55745999999999896,4.00000000000000000,6.93850000000000033,Mw,,GROPE,reviewed,manual,nz1dr,54,28,0,0.03700000000000000,44.00000000000000000,0.19874000000000000,0.00000000000000000
3368453,earthquake,2010-09-07T20:15:46.620Z,2013-07-16T14:17:00.000Z,172.68251000000000772,-43.58176000000000272,3.87900000000000000,7.50699999999999967,ML,,GROPE,reviewed,manual,nz1dr,45,23,26,0.04100000000000000,115.00000000000000000,0.17960999999999999,0.24800000000000000
3368450,earthquake,2010-09-07T20:03:40.587Z,2013-07-16T14:17:00.000Z,172.35062999999999533,-43.61229999999999762,3.37400000000000011,5.00000000000000000,ML,operator assigned,GROPE,reviewed,manual,nz1dr,11,6,12,0.20100000000000001,149.00000000000000000,0.11065999999999999,0.19200000000000000
3368445,earthquake,2010-09-07T19:49:57.638Z,2013-07-16T14:17:00.000Z,172.70234999999999559,-43.59203999999999724,4.70000000000000018,7.48510000000000009,Mw,,GROPE,reviewed,manual,nz1dr,64,40,0,0.02400000000000000,130.00000000000000000,0.22653999999999999,0.00000000000000000
3368443,earthquake,2010-09-07T19:42:45.099Z,2013-07-16T14:17:00.000Z,172.40194999999999936,-43.57739000000000118,4.01199999999999957,6.85510000000000019,ML,,GROPE,reviewed,manual,nz1dr,48,24,34,0.02300000000000000,52.00000000000000000,0.15329000000000001,0.23999999999999999
3368448,earthquake,2010-09-07T19:26:08.669Z,2013-07-16T14:17:00.000Z,172.34159999999999968,-43.59602000000000288,3.47500000000000009,9.66600000000000037,ML,,GROPE,reviewed,manual,nz1dr,28,14,20,0.04700000000000000,79.00000000000000000,0.17482000000000000,0.20799999999999999
3368414,earthquake,2010-09-07T18:22:24.665Z,2013-07-16T14:17:00.000Z,172.30635000000000900,-43.54722000000000293,3.60199999999999987,9.18880000000000052,ML,,GROPE,reviewed,manual,nz1dr,34,17,29,0.01600000000000000,63.00000000000000000,0.19752000000000000,0.20699999999999999
3368409,earthquake,2010-09-07T18:09:10.590Z,2013-07-16T14:17:00.000Z,172.35130000000000905,-43.59584000000000259,3.74299999999999988,10.74050000000000082,ML,,GROPE,reviewed,manual,nz1dr,38,19,30,0.05200000000000000,56.00000000000000000,0.19245000000000001,0.20899999999999999
3368361,earthquake,2010-09-07T15:59:14.509Z,2013-07-16T14:17:00.000Z,172.14282000000000039,-43.48438000000000159,4.29999999999999982,8.76769999999999960,Mw,,GROPE,reviewed,manual,nz1dr,41,24,0,0.03000000000000000,58.00000000000000000,0.19026000000000001,0.00000000000000000
3368356,earthquake,2010-09-07T15:47:20.458Z,2013-07-16T14:17:00.000Z,172.37884999999999991,-43.55982999999999805,3.73899999999999988,5.53580000000000005,ML,,GROPE,reviewed,manual,nz1dr,32,16,31,0.05900000000000000,75.00000000000000000,0.18012000000000000,0.14499999999999999
3368333,earthquake,2010-09-07T14:49:22.821Z,2013-07-16T14:16:00.000Z,172.32776999999998679,-43.53851999999999833,3.49600000000000000,7.49249999999999972,ML,,GROPE,reviewed,manual,nz1dr,28,14,22,0.03200000000000000,64.00000000000000000,0.16607000000000000,0.18900000000000000
3368311,earthquake,2010-09-07T13:57:21.903Z,2013-07-16T14:16:00.000Z,172.40560999999999581,-43.58317000000000263,3.31599999999999984,6.93759999999999977,ML,,GROPE,reviewed,manual,nz1dr,28,14,20,0.10000000000000001,67.00000000000000000,0.15368999999999999,0.17000000000000001
3368287,earthquake,2010-09-07T12:41:09.849Z,2013-08-13T11:00:00.000Z,172.40190000000001191,-43.56190999999999747,4.29999999999999982,9.32399999999999984,Mw,,GROPE,reviewed,manual,nz1dr,57,35,0,0.03600000000000000,44.00000000000000000,0.19758999999999999,0.00000000000000000
3368251,earthquake,2010-09-07T11:07:00.086Z,2013-07-16T14:16:00.000Z,172.39510999999998830,-43.62747000000000241,3.64599999999999991,8.67179999999999929,ML,,GROPE,reviewed,manual,nz1dr,30,15,26,0.07600000000000000,78.00000000000000000,0.17038000000000000,0.18400000000000000
3368230,earthquake,2010-09-07T10:05:03.180Z,2013-07-16T14:16:00.000Z,172.06644000000000005,-43.56296999999999997,3.33199999999999985,8.59720000000000084,ML,,GROPE,reviewed,manual,nz1dr,22,13,20,0.04600000000000000,69.00000000000000000,0.17290000000000000,0.18700000000000000
3368211,earthquake,2010-09-07T09:08:16.463Z,2013-07-16T14:16:00.000Z,172.53505000000001246,-43.52490000000000236,3.39999999999999991,18.77590000000000003,Mw,,GROPE,reviewed,manual,nz1dr,33,17,0,0.04000000000000000,57.00000000000000000,0.21002999999999999,0.00000000000000000
3368217,earthquake,2010-09-07T09:07:50.508Z,2013-07-16T14:16:00.000Z,172.38303999999999405,-43.56069000000000102,3.75800000000000001,8.51370000000000005,ML,,GROPE,reviewed,manual,nz1dr,28,14,15,0.17499999999999999,74.00000000000000000,0.21826999999999999,0.19100000000000000
3368207,earthquake,2010-09-07T08:52:38.369Z,2013-07-16T14:16:00.000Z,172.15135000000000787,-43.59487000000000023,3.92700000000000005,6.03030000000000044,ML,,GROPE,reviewed,manual,nz1dr,34,17,35,0.03600000000000000,83.00000000000000000,0.19550999999999999,0.22800000000000001
3368198,earthquake,2010-09-07T08:28:03.485Z,2013-07-16T14:16:00.000Z,172.18394000000000688,-43.44948999999999728,3.53699999999999992,5.53310000000000013,ML,,GROPE,reviewed,manual,nz1dr,30,15,22,0.03800000000000000,107.00000000000000000,0.15090999999999999,0.17699999999999999
3368191,earthquake,2010-09-07T08:08:14.381Z,2013-07-16T14:16:00.000Z,172.13466999999999985,-43.42490000000000094,3.47800000000000020,6.68529999999999980,ML,,GROPE,reviewed,manual,nz1dr,32,16,22,0.07099999999999999,104.00000000000000000,0.17602000000000001,0.18200000000000000
3375745,earthquake,2010-09-07T07:49:39.769Z,2013-07-16T14:37:00.000Z,172.16728000000000520,-43.60005999999999915,3.64999999999999991,9.78170000000000073,ML,,GROPE,reviewed,manual,nz1dr,28,14,24,0.07700000000000000,81.00000000000000000,0.21067000000000000,0.17799999999999999
3368182,earthquake,2010-09-07T07:44:50.300Z,2013-07-16T14:16:00.000Z,172.35307000000000244,-43.56174000000000035,3.31800000000000006,6.00250000000000039,ML,,GROPE,reviewed,manual,nz1dr,28,14,20,0.04000000000000000,49.00000000000000000,0.16799000000000000,0.17399999999999999
3368160,earthquake,2010-09-07T06:40:05.961Z,2013-07-16T14:16:00.000Z,171.71867000000000303,-43.54746000000000095,3.77499999999999991,13.02270000000000039,ML,,GROPE,reviewed,manual,nz1dr,28,14,31,0.10199999999999999,138.00000000000000000,0.11412000000000000,0.15600000000000000
3368100,earthquake,2010-09-07T03:53:06.854Z,2013-07-16T14:15:00.000Z,172.13250999999999635,-43.49569000000000329,3.47999999999999998,8.81729999999999947,ML,,GROPE,reviewed,manual,nz1dr,36,18,23,0.02300000000000000,66.00000000000000000,0.16674000000000000,0.18900000000000000
3368083,earthquake,2010-09-07T03:04:09.199Z,2013-07-16T14:15:00.000Z,172.28836000000001150,-43.56548000000000087,3.39100000000000001,8.96930000000000049,ML,,GROPE,reviewed,manual,nz1dr,30,15,22,0.00700000000000000,58.00000000000000000,0.21002000000000001,0.18099999999999999
3368042,earthquake,2010-09-07T01:15:18.459Z,2013-07-16T14:15:00.000Z,172.38191000000000486,-43.55975000000000108,3.58199999999999985,7.66570000000000018,ML,,GROPE,reviewed,manual,nz1dr,34,17,26,0.06100000000000000,44.00000000000000000,0.16434000000000001,0.21299999999999999
3368040,earthquake,2010-09-07T01:07:20.041Z,2013-07-16T14:15:00.000Z,172.38939999999999486,-43.60466000000000264,3.55500000000000016,8.72489999999999988,ML,,GROPE,reviewed,manual,nz1dr,26,14,25,0.07900000000000000,63.00000000000000000,0.19838000000000000,0.14699999999999999
3368020,earthquake,2010-09-07T00:05:06.920Z,2013-07-16T14:15:00.000Z,172.33986999999999057,-43.58890999999999849,3.34299999999999997,9.08880000000000088,ML,,GROPE,reviewed,manual,nz1dr,30,15,20,0.04100000000000000,53.00000000000000000,0.17277000000000001,0.14199999999999999
3368008,earthquake,2010-09-06T23:36:29.241Z,2013-07-16T14:15:00.000Z,171.87898000000001275,-43.52552000000000021,3.92799999999999994,10.01960000000000051,ML,,GROPE,reviewed,manual,nz1dr,29,15,30,0.09500000000000000,129.00000000000000000,0.23466000000000001,0.19500000000000001
3367940,earthquake,2010-09-06T20:24:16.623Z,2013-07-16T14:14:00.000Z,172.47608999999999924,-43.63756999999999664,3.46399999999999997,8.12320000000000064,ML,,GROPE,reviewed,manual,nz1dr,30,15,22,0.02700000000000000,67.00000000000000000,0.20401000000000000,0.25200000000000000
3367937,earthquake,2010-09-06T20:14:44.420Z,2013-07-16T14:14:00.000Z,172.41877999999999815,-43.63051999999999708,3.70000000000000018,8.19480000000000075,ML,,GROPE,reviewed,manual,nz1dr,36,18,27,0.06000000000000000,81.00000000000000000,0.20899999999999999,0.18099999999999999
3367923,earthquake,2010-09-06T19:31:12.002Z,2013-07-16T14:14:00.000Z,171.88006999999998925,-43.56591000000000236,3.51399999999999979,7.85789999999999988,ML,,GROPE,reviewed,manual,nz1dr,30,14,25,0.06100000000000000,122.00000000000000000,0.19867000000000001,0.18200000000000000
3367897,earthquake,2010-09-06T18:22:57.198Z,2013-07-16T14:14:00.000Z,172.27201999999999771,-43.59013999999999811,3.53699999999999992,8.27030000000000065,ML,,GROPE,reviewed,manual,nz1dr,32,16,25,0.00500000000000000,49.00000000000000000,0.18089000000000000,0.15600000000000000
3367873,earthquake,2010-09-06T17:17:37.206Z,2013-07-16T14:14:00.000Z,172.11718999999999369,-43.41613999999999862,3.33300000000000018,6.72440000000000015,ML,,GROPE,reviewed,manual,nz1dr,32,17,23,0.07099999999999999,104.00000000000000000,0.17396000000000000,0.17299999999999999
3367872,earthquake,2010-09-06T17:14:22.150Z,2013-07-16T14:14:00.000Z,172.16504000000000474,-43.52076999999999884,3.88899999999999979,9.18890000000000029,ML,,GROPE,reviewed,manual,nz1dr,32,16,29,0.05400000000000000,52.00000000000000000,0.22345000000000001,0.23799999999999999
3367853,earthquake,2010-09-06T16:17:41.889Z,2013-07-16T14:14:00.000Z,172.50014999999999077,-43.60414999999999708,3.56000000000000005,6.51820000000000022,ML,,GROPE,reviewed,manual,nz1dr,32,16,25,0.05600000000000000,80.00000000000000000,0.18304000000000001,0.16100000000000000
3367832,earthquake,2010-09-06T15:24:44.744Z,2013-07-16T14:14:00.000Z,172.22934000000000765,-43.64504999999999768,4.79999999999999982,15.28340000000000032,Mw,,GROPE,reviewed,manual,nz1dr,63,33,0,0.03300000000000000,69.00000000000000000,0.15576999999999999,0.00000000000000000
3367830,earthquake,2010-09-06T15:14:10.026Z,2013-07-16T14:14:00.000Z,172.16222999999999388,-43.44772999999999996,3.68999999999999995,6.70589999999999975,ML,,GROPE,reviewed,manual,nz1dr,34,17,25,0.05100000000000000,91.00000000000000000,0.17885000000000001,0.16400000000000001
3367799,earthquake,2010-09-06T13:53:35.801Z,2013-07-16T14:14:00.000Z,171.88065000000000282,-43.57104999999999961,3.41699999999999982,7.50399999999999956,ML,,GROPE,reviewed,manual,nz1dr,28,14,24,0.05700000000000000,122.00000000000000000,0.19731000000000001,0.15800000000000000
3367795,earthquake,2010-09-06T13:39:52.509Z,2013-07-16T14:14:00.000Z,172.39164999999999850,-43.57128000000000156,3.41100000000000003,4.63260000000000005,ML,,GROPE,reviewed,manual,nz1dr,27,14,22,0.06900000000000001,98.00000000000000000,0.19411000000000000,0.12200000000000000
3367776,earthquake,2010-09-06T12:51:11.669Z,2013-07-16T14:14:00.000Z,172.38190000000000168,-43.56094000000000221,3.87000000000000011,7.79239999999999977,ML,,GROPE,reviewed,manual,nz1dr,47,24,35,0.03400000000000000,41.00000000000000000,0.18284000000000000,0.21400000000000000
3367774,earthquake,2010-09-06T12:47:24.580Z,2013-07-16T14:14:00.000Z,172.47835000000000605,-43.61740000000000350,3.64100000000000001,7.29410000000000025,ML,,GROPE,reviewed,manual,nz1dr,34,17,24,0.01100000000000000,60.00000000000000000,0.16353000000000001,0.24900000000000000
3367773,earthquake,2010-09-06T12:43:06.459Z,2013-07-16T14:14:00.000Z,172.47055000000000291,-43.63600999999999885,3.47199999999999998,8.75559999999999938,ML,,GROPE,reviewed,manual,nz1dr,27,14,22,0.03000000000000000,72.00000000000000000,0.18951999999999999,0.29299999999999998
3367765,earthquake,2010-09-06T12:21:27.467Z,2013-07-16T14:13:00.000Z,171.88638000000000261,-43.52765999999999735,4.20000000000000018,9.45620000000000083,Mw,,GROPE,reviewed,manual,nz1dr,36,18,0,0.09500000000000000,86.00000000000000000,0.18579999999999999,0.00000000000000000
3367757,earthquake,2010-09-06T11:59:48.530Z,2013-07-16T14:13:00.000Z,172.32552999999998633,-43.56027000000000271,3.41800000000000015,6.68550000000000022,ML,,GROPE,reviewed,manual,nz1dr,28,14,23,0.02000000000000000,97.00000000000000000,0.18365000000000001,0.38600000000000001
3367753,earthquake,2010-09-06T11:54:24.483Z,2013-07-16T14:13:00.000Z,172.48956000000001154,-43.62613000000000341,3.89999999999999991,7.69709999999999983,Mw,,GROPE,reviewed,manual,nz1dr,43,25,0,0.01600000000000000,59.00000000000000000,0.16655000000000000,0.00000000000000000
3367750,earthquake,2010-09-06T11:47:10.516Z,2013-07-16T14:13:00.000Z,172.39187999999998624,-43.55684000000000111,3.62699999999999978,8.15750000000000064,ML,,GROPE,reviewed,manual,nz1dr,28,14,21,0.06900000000000001,104.00000000000000000,0.20152999999999999,0.32700000000000001
3367749,earthquake,2010-09-06T11:40:50.464Z,2013-08-12T14:25:00.000Z,171.85748000000000957,-43.57883999999999958,5.00000000000000000,7.56599999999999984,Mw,,GROPE,reviewed,manual,nz1dr,67,35,0,0.04100000000000000,85.00000000000000000,0.18609999999999999,0.00000000000000000
3367748,earthquake,2010-09-06T11:38:04.620Z,2013-07-16T14:13:00.000Z,172.38160999999999490,-43.55472000000000321,3.92600000000000016,6.74580000000000002,ML,,GROPE,reviewed,manual,nz1dr,32,16,36,0.06200000000000000,103.00000000000000000,0.15361000000000000,0.23699999999999999
3381030,earthquake,2010-09-06T11:25:23.324Z,2013-07-16T14:47:00.000Z,172.38024999999998954,-43.56392999999999915,4.54499999999999993,7.72940000000000005,ML,,GROPE,reviewed,manual,nz1dr,45,23,12,0.03100000000000000,41.00000000000000000,0.14437000000000000,0.20499999999999999
3367742,earthquake,2010-09-06T11:24:01.958Z,2013-07-16T14:13:00.000Z,172.38009999999999877,-43.56864999999999810,4.79999999999999982,8.56780000000000008,Mw,,GROPE,reviewed,manual,nz1dr,73,37,0,0.02600000000000000,40.00000000000000000,0.20563000000000001,0.00000000000000000
3367740,earthquake,2010-09-06T11:14:50.429Z,2013-07-16T14:13:00.000Z,172.55830000000000268,-43.62937000000000154,3.83700000000000019,6.76140000000000008,ML,,GROPE,reviewed,manual,nz1dr,38,19,26,0.06200000000000000,97.00000000000000000,0.18633000000000000,0.42899999999999999
3367735,earthquake,2010-09-06T11:00:50.681Z,2013-07-16T14:13:00.000Z,172.37253000000001180,-43.74868000000000023,3.33400000000000007,7.18869999999999987,ML,,GROPE,reviewed,manual,nz1dr,29,16,21,0.02000000000000000,144.00000000000000000,0.21904000000000001,0.25100000000000000
3367703,earthquake,2010-09-06T10:21:27.756Z,2013-07-16T14:13:00.000Z,172.47783000000001152,-43.64415000000000333,3.57799999999999985,9.16159999999999997,ML,,GROPE,reviewed,manual,nz1dr,30,15,25,0.02100000000000000,64.00000000000000000,0.15487000000000001,0.20599999999999999
3367683,earthquake,2010-09-06T09:26:21.110Z,2013-07-16T14:13:00.000Z,172.13650999999998703,-43.58632000000000062,3.46700000000000008,8.26650000000000063,ML,,GROPE,reviewed,manual,nz1dr,28,14,25,0.05600000000000000,81.00000000000000000,0.19875999999999999,0.17599999999999999
3367682,earthquake,2010-09-06T09:24:16.223Z,2013-07-16T14:13:00.000Z,172.44211999999998852,-43.82932000000000272,3.33499999999999996,8.32600000000000051,ML,,GROPE,reviewed,manual,nz1dr,30,16,21,0.11100000000000000,174.00000000000000000,0.12409000000000001,0.22200000000000000
3367681,earthquake,2010-09-06T09:20:35.275Z,2013-07-16T14:13:00.000Z,172.39354000000000156,-43.58230999999999966,3.53699999999999992,8.79340000000000011,ML,,GROPE,reviewed,manual,nz1dr,34,17,23,0.07300000000000000,67.00000000000000000,0.16607000000000000,0.15200000000000000
3367668,earthquake,2010-09-06T08:46:38.308Z,2013-07-16T14:13:00.000Z,172.05810999999999922,-43.56859000000000037,3.48899999999999988,9.13690000000000069,ML,,GROPE,reviewed,manual,nz1dr,27,14,24,0.05400000000000000,72.00000000000000000,0.20669999999999999,0.20000000000000001
3367666,earthquake,2010-09-06T08:41:30.397Z,2013-07-16T14:13:00.000Z,172.38838000000001216,-43.56006000000000000,3.52099999999999991,6.22740000000000027,ML,,GROPE,reviewed,manual,nz1dr,28,14,23,0.06600000000000000,102.00000000000000000,0.18504000000000001,0.15400000000000000
3367662,earthquake,2010-09-06T08:30:39.223Z,2013-07-16T14:13:00.000Z,171.87900999999999385,-43.54666999999999888,3.67899999999999983,10.17040000000000077,ML,,GROPE,reviewed,manual,nz1dr,30,15,26,0.07600000000000000,127.00000000000000000,0.14990000000000001,0.20499999999999999
3367639,earthquake,2010-09-06T07:33:46.902Z,2013-07-16T14:13:00.000Z,172.36633000000000493,-43.58270999999999873,3.37300000000000022,5.00000000000000000,ML,operator assigned,GROPE,reviewed,manual,nz1dr,19,13,15,0.18700000000000000,97.00000000000000000,0.18323999999999999,0.16700000000000001
3383384,earthquake,2010-09-06T07:29:23.153Z,2013-07-16T14:47:00.000Z,172.06612000000001217,-43.57162000000000290,3.98099999999999987,7.30710000000000015,ML,,GROPE,reviewed,manual,nz1dr,39,19,16,0.02300000000000000,73.00000000000000000,0.18701000000000001,0.19100000000000000
3367638,earthquake,2010-09-06T07:28:53.132Z,2013-07-16T14:13:00.000Z,172.19121999999998707,-43.50070000000000192,3.87900000000000000,5.23280000000000012,ML,,GROPE,reviewed,manual,nz1dr,32,16,31,0.03000000000000000,55.00000000000000000,0.18132999999999999,0.24600000000000000
3383379,earthquake,2010-09-06T07:12:55.761Z,2013-07-16T14:47:00.000Z,172.39083999999999719,-43.55924000000000262,3.36600000000000010,7.81780000000000008,ML,,GROPE,reviewed,manual,nz1dr,27,14,18,0.06800000000000000,102.00000000000000000,0.17316000000000001,0.14799999999999999
3367629,earthquake,2010-09-06T07:03:41.701Z,2013-07-16T14:13:00.000Z,172.17608999999998787,-43.44650000000000034,3.76600000000000001,5.20709999999999962,ML,,GROPE,reviewed,manual,nz1dr,30,15,26,0.04400000000000000,106.00000000000000000,0.15828000000000000,0.18300000000000000
3367613,earthquake,2010-09-06T06:19:26.809Z,2013-07-16T14:13:00.000Z,172.33823000000001002,-43.58915999999999968,3.91900000000000004,7.54410000000000025,ML,,GROPE,reviewed,manual,nz1dr,41,21,32,0.04000000000000000,57.00000000000000000,0.17852999999999999,0.17199999999999999
3367612,earthquake,2010-09-06T06:13:28.051Z,2013-07-16T14:13:00.000Z,172.55842999999998710,-43.62480999999999653,3.77499999999999991,6.93780000000000019,ML,,GROPE,reviewed,manual,nz1dr,36,17,28,0.06500000000000000,96.00000000000000000,0.17624999999999999,0.19000000000000000
3367608,earthquake,2010-09-06T06:01:52.914Z,2013-07-16T14:12:00.000Z,172.38307000000000357,-43.56562000000000268,4.20000000000000018,8.48230000000000040,Mw,,GROPE,reviewed,manual,nz1dr,56,28,0,0.02900000000000000,41.00000000000000000,0.17071000000000000,0.00000000000000000
3367597,earthquake,2010-09-06T05:39:50.020Z,2013-07-16T14:12:00.000Z,172.48724000000001411,-43.62438999999999822,3.49500000000000011,5.00000000000000000,ML,operator assigned,GROPE,reviewed,manual,nz1dr,10,8,15,0.11000000000000000,97.00000000000000000,0.19827000000000000,0.22600000000000001
3367586,earthquake,2010-09-06T05:20:57.377Z,2013-07-16T14:12:00.000Z,172.06460999999998762,-43.56277999999999651,3.47199999999999998,9.97509999999999941,ML,,GROPE,reviewed,manual,nz1dr,26,13,20,0.04700000000000000,69.00000000000000000,0.13822000000000001,0.20499999999999999
3382951,earthquake,2010-09-06T04:28:54.154Z,2013-07-16T14:47:00.000Z,172.36920000000000641,-43.55378999999999934,3.31099999999999994,7.99070000000000036,ML,,GROPE,reviewed,manual,nz1dr,24,12,19,0.05300000000000000,102.00000000000000000,0.13685000000000000,0.18400000000000000
3367562,earthquake,2010-09-06T04:20:31.785Z,2013-07-16T14:12:00.000Z,172.54445999999998662,-43.59405999999999892,3.56800000000000006,9.03810000000000002,ML,,GROPE,reviewed,manual,nz1dr,40,20,23,0.05800000000000000,72.00000000000000000,0.24604999999999999,0.18099999999999999
3367552,earthquake,2010-09-06T03:54:48.854Z,2013-07-16T14:12:00.000Z,172.40032999999999674,-43.54813000000000045,3.76200000000000001,6.32240000000000002,ML,,GROPE,reviewed,manual,nz1dr,35,18,29,0.07600000000000000,85.00000000000000000,0.16078999999999999,0.17799999999999999
3367551,earthquake,2010-09-06T03:51:32.704Z,2013-07-16T14:12:00.000Z,172.15942000000001144,-43.47677999999999798,3.33000000000000007,5.00000000000000000,ML,operator assigned,GROPE,reviewed,manual,nz1dr,15,9,10,0.17299999999999999,91.00000000000000000,0.20748000000000000,0.25900000000000001
3367543,earthquake,2010-09-06T03:34:46.946Z,2013-07-16T14:12:00.000Z,172.16874999999998863,-43.46274999999999977,4.00000000000000000,5.61460000000000026,Mw,,GROPE,reviewed,manual,nz1dr,39,19,0,0.03900000000000000,90.00000000000000000,0.17648000000000000,0.00000000000000000
3367537,earthquake,2010-09-06T03:15:44.186Z,2013-07-16T14:12:00.000Z,172.17151999999998679,-43.51337999999999795,3.33599999999999985,9.12780000000000058,ML,,GROPE,reviewed,manual,nz1dr,28,14,22,0.04600000000000000,57.00000000000000000,0.16950999999999999,0.15100000000000000
3367535,earthquake,2010-09-06T03:07:42.739Z,2013-08-12T14:13:00.000Z,172.39400000000000546,-43.56371000000000038,4.09999999999999964,9.84720000000000084,Mw,,GROPE,reviewed,manual,nz1dr,57,28,0,0.05800000000000000,45.00000000000000000,0.17696000000000001,0.00000000000000000
3372913,earthquake,2010-09-06T03:05:26.245Z,2013-07-16T14:31:00.000Z,172.39567999999999870,-43.56150000000000233,3.56999999999999984,9.45919999999999916,ML,,GROPE,reviewed,manual,nz1dr,28,15,20,0.07099999999999999,73.00000000000000000,0.22369000000000000,0.23699999999999999
3367527,earthquake,2010-09-06T02:48:17.540Z,2013-07-16T14:12:00.000Z,172.46115000000000350,-43.64681000000000211,3.79999999999999982,7.94899999999999984,Mw,,GROPE,reviewed,manual,nz1dr,39,20,0,0.02300000000000000,89.00000000000000000,0.19735000000000000,0.00000000000000000
3367513,earthquake,2010-09-06T02:09:24.384Z,2013-07-16T14:12:00.000Z,172.39748000000000161,-43.58144999999999669,3.60800000000000010,8.71429999999999971,ML,,GROPE,reviewed,manual,nz1dr,35,17,24,0.07500000000000000,67.00000000000000000,0.17219000000000001,0.15100000000000000
3367512,earthquake,2010-09-06T02:06:34.363Z,2013-07-16T14:12:00.000Z,172.47104999999999109,-43.64285999999999888,3.62900000000000000,8.36100000000000065,ML,,GROPE,reviewed,manual,nz1dr,32,16,24,0.02400000000000000,71.00000000000000000,0.17119000000000001,0.18099999999999999
3367500,earthquake,2010-09-06T01:32:40.276Z,2013-07-16T14:12:00.000Z,172.38990999999998621,-43.55843999999999738,3.31599999999999984,7.10269999999999957,ML,,GROPE,reviewed,manual,nz1dr,28,14,22,0.06700000000000000,102.00000000000000000,0.16592999999999999,0.16500000000000001
3367476,earthquake,2010-09-06T00:35:04.420Z,2013-07-16T14:12:00.000Z,172.27617000000000758,-43.56242999999999910,4.09999999999999964,15.01389999999999958,Mw,,GROPE,reviewed,manual,nz1dr,64,32,0,0.01500000000000000,40.00000000000000000,0.20160000000000000,0.00000000000000000
3367470,earthquake,2010-09-06T00:18:32.509Z,2013-07-16T14:12:00.000Z,172.31412000000000262,-43.54834999999999923,3.64699999999999980,7.43079999999999963,ML,,GROPE,reviewed,manual,nz1dr,34,17,25,0.01800000000000000,60.00000000000000000,0.15420000000000000,0.18800000000000000
3367467,earthquake,2010-09-06T00:07:29.582Z,2013-07-16T14:12:00.000Z,172.42878999999999223,-43.58809999999999718,3.33499999999999996,8.16939999999999955,ML,,GROPE,reviewed,manual,nz1dr,30,15,21,0.08699999999999999,66.00000000000000000,0.16250999999999999,0.17699999999999999
3367453,earthquake,2010-09-05T23:30:10.824Z,2013-07-16T14:12:00.000Z,172.16572999999999638,-43.46762999999999977,3.42300000000000004,6.55660000000000043,ML,,GROPE,reviewed,manual,nz1dr,28,14,23,0.04000000000000000,99.00000000000000000,0.17115000000000000,0.15200000000000000
3367450,earthquake,2010-09-05T23:20:10.487Z,2013-07-16T14:12:00.000Z,172.40582000000000562,-43.59331999999999852,3.32900000000000018,8.14320000000000022,ML,,GROPE,reviewed,manual,nz1dr,28,14,21,0.08500000000000001,91.00000000000000000,0.18657000000000001,0.18900000000000000
3367442,earthquake,2010-09-05T23:02:42.736Z,2013-07-16T14:12:00.000Z,171.83704000000000178,-43.57198000000000349,3.31599999999999984,6.62410000000000032,ML,,GROPE,reviewed,manual,nz1dr,27,14,21,0.04100000000000000,127.00000000000000000,0.18606000000000000,0.17699999999999999
3367441,earthquake,2010-09-05T23:00:58.217Z,2013-07-16T14:11:00.000Z,172.50768999999999664,-43.50484999999999758,3.40799999999999992,12.00000000000000000,ML,,GROPE,reviewed,manual,nz1dr,27,14,20,0.10500000000000000,140.00000000000000000,0.16136000000000000,0.29199999999999998
3367435,earthquake,2010-09-05T22:48:04.888Z,2013-07-16T14:11:00.000Z,172.25312999999999874,-43.59103999999999957,3.63499999999999979,7.37129999999999974,ML,,GROPE,reviewed,manual,nz1dr,27,14,21,0.04300000000000000,48.00000000000000000,0.16642999999999999,0.16200000000000001
3367413,earthquake,2010-09-05T21:46:33.437Z,2013-07-16T14:11:00.000Z,172.38737000000000421,-43.60397999999999996,3.57500000000000018,6.34809999999999963,ML,,GROPE,reviewed,manual,nz1dr,28,14,24,0.07800000000000000,87.00000000000000000,0.18193999999999999,0.21800000000000000
3367407,earthquake,2010-09-05T21:31:41.596Z,2013-07-16T14:11:00.000Z,172.42624000000000706,-43.59145999999999788,3.56400000000000006,9.46080000000000076,ML,,GROPE,reviewed,manual,nz1dr,33,17,22,0.08500000000000001,52.00000000000000000,0.18132999999999999,0.15800000000000000
3367404,earthquake,2010-09-05T21:23:47.140Z,2013-07-16T14:11:00.000Z,172.25040000000001328,-43.59741999999999962,3.51399999999999979,9.34239999999999959,ML,,GROPE,reviewed,manual,nz1dr,30,15,24,0.03600000000000000,50.00000000000000000,0.18848999999999999,0.17399999999999999
3367394,earthquake,2010-09-05T20:59:37.564Z,2013-07-16T14:11:00.000Z,172.09860000000000468,-43.57943999999999818,3.32299999999999995,8.21759999999999913,ML,,GROPE,reviewed,manual,nz1dr,28,14,22,0.04800000000000000,80.00000000000000000,0.19578000000000001,0.17599999999999999
3367392,earthquake,2010-09-05T20:54:10.000Z,2013-07-16T14:11:00.000Z,172.11657999999999902,-43.29711999999999961,3.30299999999999994,5.00000000000000000,ML,operator assigned,GROPE,reviewed,manual,nz1dr,6,3,13,0.06500000000000000,130.00000000000000000,0.14813999999999999,0.26700000000000002
3367355,earthquake,2010-09-05T19:18:16.786Z,2013-07-16T14:11:00.000Z,172.49248000000000047,-43.61937999999999960,3.81099999999999994,8.29269999999999996,ML,,GROPE,reviewed,manual,nz1dr,37,19,29,0.01900000000000000,61.00000000000000000,0.16617999999999999,0.22100000000000000
3367316,earthquake,2010-09-05T17:42:12.918Z,2013-07-16T14:11:00.000Z,172.09753000000000611,-43.58254999999999768,3.65200000000000014,8.32649999999999935,ML,,GROPE,reviewed,manual,nz1dr,32,16,26,0.05100000000000000,82.00000000000000000,0.19969999999999999,0.22400000000000000
3376922,earthquake,2010-09-05T17:21:32.692Z,2013-07-16T14:40:00.000Z,172.16656000000000404,-43.48709999999999809,3.45599999999999996,6.54269999999999996,ML,,GROPE,reviewed,manual,nz1dr,29,15,22,0.03900000000000000,70.00000000000000000,0.14890000000000000,0.19000000000000000
3376734,earthquake,2010-09-05T17:20:14.580Z,2013-07-16T14:39:00.000Z,172.17815999999999121,-43.59031999999999840,3.75199999999999978,11.27699999999999925,ML,,GROPE,reviewed,manual,nz1dr,31,15,32,0.07400000000000000,73.00000000000000000,0.18745000000000001,0.24299999999999999
3367305,earthquake,2010-09-05T17:18:13.584Z,2013-07-16T14:11:00.000Z,172.40389999999999304,-43.58033999999999963,3.89999999999999991,9.92800000000000082,Mw,,GROPE,reviewed,manual,nz1dr,47,23,0,0.05700000000000000,50.00000000000000000,0.19708000000000001,0.00000000000000000
3367302,earthquake,2010-09-05T17:07:46.549Z,2013-07-16T14:11:00.000Z,172.41616999999999393,-43.60085000000000122,3.70699999999999985,9.18319999999999936,ML,,GROPE,reviewed,manual,nz1dr,33,17,26,0.08100000000000000,59.00000000000000000,0.17541000000000001,0.19900000000000001
3375639,earthquake,2010-09-05T16:12:54.617Z,2013-07-16T14:37:00.000Z,172.37862000000001217,-43.55210000000000292,3.35999999999999988,10.41060000000000052,ML,,GROPE,reviewed,manual,nz1dr,27,14,18,0.06000000000000000,104.00000000000000000,0.20660999999999999,0.19000000000000000
3375633,earthquake,2010-09-05T16:11:15.110Z,2013-07-16T14:37:00.000Z,171.95142999999998779,-43.28367000000000075,3.30799999999999983,6.44510000000000005,ML,,GROPE,reviewed,manual,nz1dr,28,14,14,0.05800000000000000,189.00000000000000000,0.16027000000000000,0.15300000000000000
3375623,earthquake,2010-09-05T16:10:53.604Z,2013-07-16T14:37:00.000Z,171.94601000000000113,-43.28414999999999679,3.82900000000000018,7.85829999999999984,ML,,GROPE,reviewed,manual,nz1dr,31,16,20,0.05700000000000000,97.00000000000000000,0.15034000000000000,0.21400000000000000
3375619,earthquake,2010-09-05T16:10:27.845Z,2013-07-16T14:37:00.000Z,172.19989000000001056,-43.54878999999999678,3.75999999999999979,9.16119999999999912,ML,,GROPE,reviewed,manual,nz1dr,28,15,20,0.06400000000000000,84.00000000000000000,0.23526000000000000,0.13000000000000000
3367280,earthquake,2010-09-05T16:10:06.487Z,2013-07-16T14:11:00.000Z,172.30177000000000476,-43.54874999999999829,3.70500000000000007,4.49809999999999999,ML,,GROPE,reviewed,manual,nz1dr,30,15,19,0.01400000000000000,97.00000000000000000,0.20100999999999999,0.26300000000000001
3367278,earthquake,2010-09-05T16:06:26.371Z,2013-07-16T14:11:00.000Z,171.86331000000001268,-43.56293000000000148,4.20000000000000018,8.66859999999999964,Mw,,GROPE,reviewed,manual,nz1dr,40,20,0,0.05600000000000000,88.00000000000000000,0.19042000000000001,0.00000000000000000
3367269,earthquake,2010-09-05T15:38:05.505Z,2013-07-16T14:11:00.000Z,172.15989999999999327,-43.46674999999999756,3.34399999999999986,5.00000000000000000,ML,operator assigned,GROPE,reviewed,manual,nz1dr,10,6,13,0.16500000000000001,128.00000000000000000,0.16694999999999999,0.24299999999999999
3367262,earthquake,2010-09-05T15:19:35.656Z,2013-07-16T14:10:00.000Z,172.15959000000000856,-43.60703999999999780,3.78600000000000003,8.83489999999999931,ML,,GROPE,reviewed,manual,nz1dr,30,15,26,0.08100000000000000,89.00000000000000000,0.19583000000000000,0.25700000000000001
3367203,earthquake,2010-09-05T12:52:05.711Z,2013-07-16T14:10:00.000Z,172.17798999999999410,-43.48221999999999809,3.79400000000000004,5.49899999999999967,ML,,GROPE,reviewed,manual,nz1dr,29,15,24,0.03000000000000000,76.00000000000000000,0.14804000000000000,0.33700000000000002
3367190,earthquake,2010-09-05T12:16:35.088Z,2013-07-16T14:10:00.000Z,172.50220999999999094,-43.60999999999999943,3.89999999999999991,6.33119999999999994,Mw,,GROPE,reviewed,manual,nz1dr,37,21,0,0.02900000000000000,63.00000000000000000,0.19824000000000000,0.00000000000000000
3367184,earthquake,2010-09-05T11:59:20.876Z,2013-07-16T14:10:00.000Z,172.28713999999999373,-43.59937000000000040,3.65700000000000003,9.06119999999999948,ML,,GROPE,reviewed,manual,nz1dr,28,14,24,0.03800000000000000,74.00000000000000000,0.18937000000000001,0.22100000000000000
3367167,earthquake,2010-09-05T11:15:08.524Z,2013-07-16T14:10:00.000Z,172.31764000000001147,-43.58874999999999744,3.48499999999999988,7.69779999999999998,ML,,GROPE,reviewed,manual,nz1dr,28,14,23,0.03000000000000000,89.00000000000000000,0.16896000000000000,0.17399999999999999
3367159,earthquake,2010-09-05T10:55:38.498Z,2013-07-16T14:10:00.000Z,172.38714999999999122,-43.56504999999999939,3.60099999999999998,7.14489999999999981,ML,,GROPE,reviewed,manual,nz1dr,33,17,23,0.06500000000000000,58.00000000000000000,0.17288000000000001,0.20499999999999999
3367147,earthquake,2010-09-05T10:18:33.844Z,2013-07-16T14:10:00.000Z,172.17285000000001105,-43.56633000000000067,3.49100000000000010,7.87420000000000009,ML,,GROPE,reviewed,manual,nz1dr,31,16,22,0.05400000000000000,66.00000000000000000,0.19106000000000001,0.20000000000000001
3367131,earthquake,2010-09-05T09:44:50.295Z,2013-07-16T14:10:00.000Z,172.41664000000000101,-43.58693000000000239,3.56300000000000017,8.13879999999999981,ML,,GROPE,reviewed,manual,nz1dr,31,16,21,0.09000000000000000,64.00000000000000000,0.19213000000000000,0.18500000000000000
3392139,earthquake,2010-09-05T09:29:57.933Z,2013-07-16T14:48:00.000Z,172.44960000000000377,-43.60553999999999775,3.34600000000000009,8.99559999999999960,ML,,GROPE,reviewed,manual,nz1dr,30,15,20,0.06400000000000000,82.00000000000000000,0.16986999999999999,0.18900000000000000
3392092,earthquake,2010-09-05T09:13:36.378Z,2013-07-16T14:48:00.000Z,171.88704999999998790,-43.54343000000000075,3.69099999999999984,8.60829999999999984,ML,,GROPE,reviewed,manual,nz1dr,26,14,19,0.08200000000000000,125.00000000000000000,0.18024999999999999,0.25200000000000000
3367117,earthquake,2010-09-05T09:12:31.922Z,2013-07-16T14:10:00.000Z,172.39429999999998699,-43.58220000000000027,3.45299999999999985,9.52810000000000024,ML,,GROPE,reviewed,manual,nz1dr,32,16,21,0.07300000000000000,66.00000000000000000,0.20807999999999999,0.15300000000000000
3367116,earthquake,2010-09-05T09:07:52.841Z,2013-07-16T14:10:00.000Z,172.24965000000000259,-43.59154999999999802,4.10700000000000021,7.57010000000000005,ML,,GROPE,reviewed,manual,nz1dr,36,18,37,0.03600000000000000,49.00000000000000000,0.19914999999999999,0.19900000000000001
3367084,earthquake,2010-09-05T07:42:50.275Z,2013-07-16T14:09:00.000Z,171.91070999999999458,-43.52978000000000236,3.34399999999999986,8.85139999999999993,ML,,GROPE,reviewed,manual,nz1dr,30,15,22,0.10299999999999999,120.00000000000000000,0.20358000000000001,0.16400000000000001
3367075,earthquake,2010-09-05T07:18:31.843Z,2013-07-16T14:09:00.000Z,172.29750000000001364,-43.59291000000000338,3.58499999999999996,9.10710000000000086,ML,,GROPE,reviewed,manual,nz1dr,28,14,23,0.03100000000000000,86.00000000000000000,0.19128000000000001,0.17100000000000001
3389489,earthquake,2010-09-05T06:19:25.835Z,2013-07-16T14:48:00.000Z,171.89252999999999361,-43.53421999999999770,3.41900000000000004,8.97959999999999958,ML,,GROPE,reviewed,manual,nz1dr,26,13,19,0.09200000000000000,126.00000000000000000,0.17252999999999999,0.20000000000000001
3367053,earthquake,2010-09-05T06:19:11.119Z,2013-07-16T14:09:00.000Z,172.48265000000000668,-43.60911999999999722,3.43500000000000005,8.73639999999999972,ML,,GROPE,reviewed,manual,nz1dr,23,12,12,0.05500000000000000,121.00000000000000000,0.18200000000000000,0.18600000000000000
3367044,earthquake,2010-09-05T05:55:16.968Z,2013-07-16T14:09:00.000Z,172.17355000000000587,-43.60535999999999746,3.32299999999999995,8.90349999999999930,ML,,GROPE,reviewed,manual,nz1dr,22,11,18,0.08100000000000000,82.00000000000000000,0.20161000000000001,0.19000000000000000
3367029,earthquake,2010-09-05T05:22:35.665Z,2013-07-16T14:09:00.000Z,172.46819999999999595,-43.64477000000000118,3.41100000000000003,8.48259999999999970,ML,,GROPE,reviewed,manual,nz1dr,25,14,21,0.02300000000000000,78.00000000000000000,0.23518000000000000,0.17799999999999999
3367026,earthquake,2010-09-05T05:16:02.085Z,2013-07-16T14:09:00.000Z,172.47118000000000393,-43.64406000000000319,3.54099999999999993,8.49360000000000070,ML,,GROPE,reviewed,manual,nz1dr,26,13,21,0.02300000000000000,73.00000000000000000,0.21046000000000001,0.20599999999999999
3387173,earthquake,2010-09-05T05:15:40.348Z,2013-07-16T14:48:00.000Z,172.39847000000000321,-43.56445999999999685,3.37599999999999989,7.98460000000000036,ML,,GROPE,reviewed,manual,nz1dr,24,12,17,0.11799999999999999,101.00000000000000000,0.21687000000000001,0.21299999999999999
3366989,earthquake,2010-09-05T03:31:33.949Z,2013-07-16T14:09:00.000Z,172.43496999999999275,-43.58592999999999762,3.30299999999999994,6.70120000000000005,ML,,GROPE,reviewed,manual,nz1dr,21,11,18,0.08599999999999999,103.00000000000000000,0.23277999999999999,0.15800000000000000
3366973,earthquake,2010-09-05T02:53:02.379Z,2013-07-16T14:09:00.000Z,172.46411000000000513,-43.63530999999999693,3.88899999999999979,8.66970000000000063,ML,,GROPE,reviewed,manual,nz1dr,24,12,28,0.03300000000000000,115.00000000000000000,0.17738000000000001,0.28599999999999998
3366965,earthquake,2010-09-05T02:34:32.367Z,2013-07-16T14:09:00.000Z,172.34586999999999080,-43.58993999999999858,3.46399999999999997,7.79260000000000019,ML,,GROPE,reviewed,manual,nz1dr,18,9,17,0.12600000000000000,136.00000000000000000,0.19806000000000001,0.15100000000000000
3379604,earthquake,2010-09-05T02:00:22.181Z,2013-07-16T14:44:00.000Z,171.92994999999999095,-43.53750000000000142,3.46300000000000008,8.10169999999999924,ML,,GROPE,reviewed,manual,nz1dr,17,9,17,0.10600000000000000,117.00000000000000000,0.23882000000000000,0.20300000000000001
3379097,earthquake,2010-09-05T01:58:20.305Z,2013-07-16T14:43:00.000Z,171.93735000000000923,-43.54292999999999836,3.85400000000000009,8.87240000000000073,ML,,GROPE,reviewed,manual,nz1dr,26,13,26,0.01600000000000000,121.00000000000000000,0.18947000000000000,0.24700000000000000
3366951,earthquake,2010-09-05T01:55:53.964Z,2013-07-16T14:09:00.000Z,172.20214999999998895,-43.57699000000000211,3.89999999999999991,9.17249999999999943,Mw,,GROPE,reviewed,manual,nz1dr,42,21,0,0.08300000000000000,78.00000000000000000,0.19725999999999999,0.00000000000000000
3366937,earthquake,2010-09-05T01:14:52.213Z,2013-07-16T14:09:00.000Z,172.43943999999999050,-43.59150999999999954,3.30699999999999994,7.24580000000000002,ML,,GROPE,reviewed,manual,nz1dr,15,8,15,0.08000000000000000,108.00000000000000000,0.20627000000000001,0.13800000000000001
3366933,earthquake,2010-09-05T01:04:56.957Z,2013-07-16T14:09:00.000Z,172.38202999999998610,-43.63087000000000160,4.50000000000000000,7.48669999999999991,Mw,,GROPE,reviewed,manual,nz1dr,54,29,0,0.03600000000000000,95.00000000000000000,0.21096999999999999,0.00000000000000000
3366925,earthquake,2010-09-05T00:43:16.923Z,2013-07-16T14:09:00.000Z,172.44283999999998969,-43.63535999999999859,3.70000000000000018,9.56659999999999933,Mw,,GROPE,reviewed,manual,nz1dr,34,18,0,0.02100000000000000,134.00000000000000000,0.15276999999999999,0.00000000000000000
3366922,earthquake,2010-09-05T00:36:35.547Z,2013-07-16T14:09:00.000Z,172.32443000000000666,-43.58843999999999852,3.64400000000000013,14.56760000000000055,ML,,GROPE,reviewed,manual,nz1dr,14,7,20,0.14000000000000001,139.00000000000000000,0.12675000000000000,0.15400000000000000
3366920,earthquake,2010-09-05T00:27:32.566Z,2013-07-16T14:09:00.000Z,171.93485999999998626,-43.55879000000000190,3.84799999999999986,5.55400000000000027,ML,,GROPE,reviewed,manual,nz1dr,16,8,23,0.02500000000000000,150.00000000000000000,0.17494999999999999,0.21900000000000000
3366916,earthquake,2010-09-05T00:19:13.498Z,2013-07-16T14:09:00.000Z,172.35396000000000072,-43.59409999999999741,3.70000000000000018,8.74779999999999980,Mw,,GROPE,reviewed,manual,nz1dr,26,13,0,0.02000000000000000,136.00000000000000000,0.21926000000000001,0.00000000000000000
3366912,earthquake,2010-09-05T00:05:53.474Z,2013-08-01T15:46:00.000Z,172.24275000000000091,-43.59494999999999720,3.36299999999999999,5.59410000000000007,ML,,GROPE,reviewed,manual,nz1dr,14,7,13,0.19000000000000000,151.00000000000000000,0.27594000000000002,0.13500000000000001
3366907,earthquake,2010-09-04T23:49:33.057Z,2013-07-16T14:08:00.000Z,172.32353000000000520,-43.62205000000000155,3.37000000000000011,5.00000000000000000,ML,operator assigned,GROPE,reviewed,manual,nz1dr,9,6,12,0.22200000000000000,154.00000000000000000,0.15533000000000000,0.13600000000000001
3366891,earthquake,2010-09-04T23:08:01.237Z,2013-07-16T14:08:00.000Z,172.43260000000000787,-43.63824000000000325,3.31099999999999994,5.00000000000000000,ML,operator assigned,GROPE,reviewed,manual,nz1dr,12,8,11,0.02900000000000000,151.00000000000000000,0.18994000000000000,0.14599999999999999
3366887,earthquake,2010-09-04T22:58:01.893Z,2013-07-16T14:08:00.000Z,172.17307999999999879,-43.47834000000000287,3.39800000000000013,6.21440000000000037,ML,,GROPE,reviewed,manual,nz1dr,15,8,14,0.05300000000000000,130.00000000000000000,0.21006000000000000,0.27700000000000002
3366873,earthquake,2010-09-04T22:23:14.614Z,2013-07-16T14:08:00.000Z,171.94629000000000474,-43.29355000000000331,3.62000000000000011,8.31339999999999968,ML,,GROPE,reviewed,manual,nz1dr,18,9,16,0.04800000000000000,93.00000000000000000,0.20150999999999999,0.21199999999999999
3366870,earthquake,2010-09-04T22:15:53.368Z,2013-07-16T14:08:00.000Z,172.42294000000001120,-43.60497000000000156,3.70000000000000018,9.92680000000000007,Mw,,GROPE,reviewed,manual,nz1dr,24,14,0,0.03800000000000000,126.00000000000000000,0.21629999999999999,0.00000000000000000
3366865,earthquake,2010-09-04T22:03:42.528Z,2013-07-16T14:08:00.000Z,172.39041000000000281,-43.63535000000000252,3.70000000000000018,7.41329999999999956,Mw,,GROPE,reviewed,manual,nz1dr,21,13,0,0.04100000000000000,99.00000000000000000,0.20777000000000001,0.00000000000000000
3366862,earthquake,2010-09-04T21:55:12.329Z,2013-07-16T14:08:00.000Z,172.89673999999999410,-43.43169999999999931,3.31400000000000006,20.30849999999999866,ML,,GROPE,reviewed,manual,nz1dr,8,4,10,0.24600000000000000,248.00000000000000000,0.13521000000000000,0.16800000000000001
3366860,earthquake,2010-09-04T21:49:06.104Z,2013-07-16T14:08:00.000Z,172.21895000000000664,-43.60531999999999897,3.85000000000000009,5.00000000000000000,ML,operator assigned,GROPE,reviewed,manual,nz1dr,10,6,15,0.29499999999999998,154.00000000000000000,0.19189000000000001,0.18700000000000000
3366858,earthquake,2010-09-04T21:46:09.282Z,2013-07-16T14:08:00.000Z,172.42501999999998930,-43.60211999999999932,4.00000000000000000,10.06709999999999994,Mw,,GROPE,reviewed,manual,nz1dr,28,17,0,0.03300000000000000,122.00000000000000000,0.17773000000000000,0.00000000000000000
3366831,earthquake,2010-09-04T20:43:50.575Z,2013-07-16T14:08:00.000Z,172.37525999999999726,-43.56985000000000241,3.59500000000000020,5.00000000000000000,ML,operator assigned,GROPE,reviewed,manual,nz1dr,12,7,15,0.17999999999999999,137.00000000000000000,0.13245000000000001,0.20000000000000001
3366825,earthquake,2010-09-04T20:25:17.848Z,2013-07-16T14:08:00.000Z,172.36642000000000507,-43.62109000000000236,3.37800000000000011,4.59590000000000032,ML,,GROPE,reviewed,manual,nz1dr,16,12,11,0.02900000000000000,130.00000000000000000,0.13471000000000000,0.16600000000000001
3366823,earthquake,2010-09-04T20:20:40.887Z,2013-07-16T14:08:00.000Z,172.19195999999999458,-43.53920000000000101,3.47199999999999998,5.00000000000000000,ML,operator assigned,GROPE,reviewed,manual,nz1dr,10,6,14,0.23899999999999999,141.00000000000000000,0.21714000000000000,0.13600000000000001
3366821,earthquake,2010-09-04T20:13:54.747Z,2013-07-16T14:08:00.000Z,172.37170000000000414,-43.65086999999999762,3.79999999999999982,7.09250000000000025,Mw,,GROPE,reviewed,manual,nz1dr,18,10,0,0.07500000000000000,160.00000000000000000,0.14723000000000000,0.00000000000000000
3366813,earthquake,2010-09-04T19:51:38.988Z,2013-07-16T14:08:00.000Z,171.88784999999998604,-43.54869000000000057,3.79999999999999982,5.00000000000000000,Mw,operator assigned,GROPE,reviewed,manual,nz1dr,18,11,0,0.16600000000000001,129.00000000000000000,0.21834999999999999,0.00000000000000000
3366810,earthquake,2010-09-04T19:41:46.825Z,2013-07-16T14:08:00.000Z,172.28983999999999810,-43.60448999999999842,3.70000000000000018,10.15450000000000053,Mw,,GROPE,reviewed,manual,nz1dr,25,14,0,0.09300000000000000,115.00000000000000000,0.20305000000000001,0.00000000000000000
3366806,earthquake,2010-09-04T19:30:52.326Z,2013-07-16T14:08:00.000Z,171.92351999999999634,-43.56777000000000299,3.72500000000000009,5.00000000000000000,ML,operator assigned,GROPE,reviewed,manual,nz1dr,16,8,19,0.19000000000000000,151.00000000000000000,0.17090000000000000,0.19600000000000001
3366799,earthquake,2010-09-04T19:11:32.673Z,2013-07-16T14:08:00.000Z,172.40891999999999484,-43.64222999999999786,3.74600000000000000,7.03279999999999994,ML,,GROPE,reviewed,manual,nz1dr,17,11,21,0.04600000000000000,155.00000000000000000,0.19966999999999999,0.19400000000000001
3366794,earthquake,2010-09-04T18:59:53.193Z,2013-07-16T14:08:00.000Z,172.14948999999998591,-43.61516999999999911,3.89999999999999991,7.16349999999999998,Mw,,GROPE,reviewed,manual,nz1dr,25,16,0,0.05200000000000000,115.00000000000000000,0.17401000000000000,0.00000000000000000
3366784,earthquake,2010-09-04T18:36:54.760Z,2013-07-16T14:08:00.000Z,171.88933000000000106,-43.62033000000000271,3.79999999999999982,5.00000000000000000,Mw,operator assigned,GROPE,reviewed,manual,nz1dr,13,9,0,0.24800000000000000,138.00000000000000000,0.15540999999999999,0.00000000000000000
3366774,earthquake,2010-09-04T18:13:42.732Z,2013-07-16T14:08:00.000Z,172.35650999999998589,-43.58030999999999722,3.51100000000000012,5.00000000000000000,ML,operator assigned,GROPE,reviewed,manual,nz1dr,10,5,14,0.19400000000000001,140.00000000000000000,0.24773000000000001,0.18200000000000000
3366765,earthquake,2010-09-04T17:53:13.246Z,2013-07-16T14:08:00.000Z,172.15137999999998897,-43.61697000000000202,4.00000000000000000,7.01109999999999989,Mw,,GROPE,reviewed,manual,nz1dr,21,13,0,0.05400000000000000,116.00000000000000000,0.19306999999999999,0.00000000000000000
3366760,earthquake,2010-09-04T17:39:08.169Z,2013-07-16T14:08:00.000Z,172.37833000000000538,-43.63163999999999731,3.36900000000000022,5.00000000000000000,ML,operator assigned,GROPE,reviewed,manual,nz1dr,9,5,10,0.18600000000000000,154.00000000000000000,0.13655000000000000,0.16200000000000001
3366754,earthquake,2010-09-04T17:28:39.668Z,2013-07-16T14:08:00.000Z,172.15968000000000870,-43.61218000000000217,4.03599999999999959,5.00000000000000000,ML,operator assigned,GROPE,reviewed,manual,nz1dr,11,6,35,0.29799999999999999,157.00000000000000000,0.09422999999999999,0.22200000000000000
3366751,earthquake,2010-09-04T17:20:31.890Z,2013-07-16T14:07:00.000Z,172.14762999999999238,-43.60810000000000031,4.70000000000000018,7.82819999999999983,Mw,,GROPE,reviewed,manual,nz1dr,33,25,0,0.04700000000000000,63.00000000000000000,0.15720000000000001,0.00000000000000000
3366750,earthquake,2010-09-04T17:17:56.597Z,2013-07-16T14:07:00.000Z,172.14874000000000365,-43.61818000000000239,4.29999999999999982,8.44529999999999959,Mw,,GROPE,reviewed,manual,nz1dr,25,16,0,0.05300000000000000,118.00000000000000000,0.18798999999999999,0.00000000000000000
3366735,earthquake,2010-09-04T16:44:02.630Z,2013-07-16T14:07:00.000Z,171.64806999999998993,-43.81577000000000055,3.50099999999999989,12.00000000000000000,ML,operator assigned,GROPE,reviewed,manual,nz1dr,13,7,12,0.44200000000000000,159.00000000000000000,0.28471000000000002,0.26000000000000001
3366734,earthquake,2010-09-04T16:40:04.210Z,2013-07-17T14:41:00.000Z,172.14028999999999314,-43.56694000000000244,3.45000000000000018,5.00000000000000000,ML,operator assigned,GROPE,reviewed,manual,nz1dr,9,5,12,0.25100000000000000,148.00000000000000000,0.18420000000000000,0.23899999999999999
3366730,earthquake,2010-09-04T16:33:59.589Z,2013-07-16T14:07:00.000Z,172.32400999999998703,-43.61352999999999724,3.35300000000000020,5.00000000000000000,ML,operator assigned,GROPE,reviewed,manual,nz1dr,10,6,10,0.22000000000000000,151.00000000000000000,0.15173000000000000,0.13100000000000001
3366729,earthquake,2010-09-04T16:31:18.699Z,2013-07-16T14:07:00.000Z,172.39385999999998944,-43.55834999999999724,3.86299999999999999,6.29919999999999991,ML,,GROPE,reviewed,manual,nz1dr,16,9,18,0.05700000000000000,132.00000000000000000,0.26647999999999999,0.33700000000000002
3366726,earthquake,2010-09-04T16:23:19.339Z,2013-07-16T14:07:00.000Z,172.07688999999999169,-43.58706999999999709,4.00000000000000000,7.94149999999999956,Mw,,GROPE,reviewed,manual,nz1dr,24,14,0,0.00900000000000000,154.00000000000000000,0.21697000000000000,0.00000000000000000
3366721,earthquake,2010-09-04T16:08:45.089Z,2013-07-16T14:07:00.000Z,172.40763999999998646,-43.62185999999999808,3.79999999999999982,9.69289999999999985,Mw,,GROPE,reviewed,manual,nz1dr,17,11,0,0.03400000000000000,148.00000000000000000,0.20624999999999999,0.00000000000000000
3366686,earthquake,2010-09-04T14:42:10.260Z,2013-07-16T14:07:00.000Z,172.44632999999998901,-43.66214000000000084,3.91000000000000014,6.82650000000000023,ML,,GROPE,reviewed,manual,nz1dr,17,11,30,0.04100000000000000,159.00000000000000000,0.15917999999999999,0.23799999999999999
3366683,earthquake,2010-09-04T14:35:51.829Z,2013-07-16T14:07:00.000Z,172.16299000000000774,-43.49746999999999986,3.46600000000000019,7.44589999999999996,ML,,GROPE,reviewed,manual,nz1dr,12,6,13,0.04500000000000000,133.00000000000000000,0.18709000000000001,0.21900000000000000
3366680,earthquake,2010-09-04T14:28:43.780Z,2013-07-16T14:07:00.000Z,171.84569999999999368,-43.56801999999999708,3.64400000000000013,5.00000000000000000,ML,operator assigned,GROPE,reviewed,manual,nz1dr,11,6,10,0.27800000000000002,151.00000000000000000,0.13766000000000000,0.16800000000000001
3756542,earthquake,2010-09-04T14:21:03.824Z,2013-07-16T14:52:00.000Z,172.06534999999999513,-43.61740000000000350,3.56800000000000006,5.68770000000000042,ML,,GROPE,reviewed,manual,nz1dr,11,6,13,0.03400000000000000,160.00000000000000000,0.13453999999999999,0.21700000000000000
3366669,earthquake,2010-09-04T13:58:26.327Z,2013-07-16T14:07:00.000Z,172.19022000000001071,-43.51411000000000229,3.32299999999999995,5.45629999999999971,ML,,GROPE,reviewed,manual,nz1dr,13,7,12,0.06800000000000000,136.00000000000000000,0.20435000000000000,0.13900000000000001
3752562,earthquake,2010-09-04T13:48:42.675Z,2013-07-16T14:52:00.000Z,172.20411999999998898,-43.56385999999999825,3.74800000000000022,13.13349999999999973,ML,,GROPE,reviewed,manual,nz1dr,18,11,22,0.10400000000000000,145.00000000000000000,0.21920999999999999,0.21700000000000000
3366664,earthquake,2010-09-04T13:47:14.655Z,2013-07-16T14:07:00.000Z,172.32015999999998712,-43.59496000000000038,3.80600000000000005,12.00000000000000000,ML,operator assigned,GROPE,reviewed,manual,nz1dr,14,7,25,0.18800000000000000,207.00000000000000000,0.12687000000000001,0.19100000000000000
3366659,earthquake,2010-09-04T13:34:28.161Z,2013-07-16T14:07:00.000Z,171.82993999999999346,-43.59219000000000221,3.31099999999999994,5.00000000000000000,ML,operator assigned,GROPE,reviewed,manual,nz1dr,11,6,12,0.30499999999999999,156.00000000000000000,0.17821999999999999,0.14299999999999999
3366658,earthquake,2010-09-04T13:32:13.693Z,2013-07-16T14:07:00.000Z,172.20067000000000235,-43.61504999999999654,3.33199999999999985,5.00000000000000000,ML,operator assigned,GROPE,reviewed,manual,nz1dr,10,6,14,0.30900000000000000,157.00000000000000000,0.16955999999999999,0.17599999999999999
3366645,earthquake,2010-09-04T13:01:40.039Z,2013-07-16T14:07:00.000Z,172.18882999999999583,-43.60040999999999656,3.34299999999999997,5.00000000000000000,ML,operator assigned,GROPE,reviewed,manual,nz1dr,11,6,13,0.29399999999999998,154.00000000000000000,0.10190000000000000,0.16000000000000000
3366644,earthquake,2010-09-04T12:57:29.831Z,2013-07-16T14:07:00.000Z,172.11258000000000834,-43.48723999999999990,3.81700000000000017,6.24640000000000040,ML,,GROPE,reviewed,manual,nz1dr,16,9,23,0.00900000000000000,123.00000000000000000,0.21324000000000001,0.21099999999999999
3749466,earthquake,2010-09-04T12:55:18.023Z,2013-07-16T14:51:00.000Z,172.36770999999998821,-43.57874000000000336,3.37000000000000011,12.00000000000000000,ML,operator assigned,GROPE,reviewed,manual,nz1dr,8,5,11,0.18600000000000000,139.00000000000000000,0.12575000000000000,0.16000000000000000
3366643,earthquake,2010-09-04T12:53:52.845Z,2013-07-16T14:07:00.000Z,171.88354000000001065,-43.60678000000000054,3.50899999999999990,5.00000000000000000,ML,operator assigned,GROPE,reviewed,manual,nz1dr,12,8,14,0.30099999999999999,136.00000000000000000,0.24146000000000001,0.14599999999999999
3366637,earthquake,2010-09-04T12:40:38.950Z,2013-07-16T14:07:00.000Z,171.94071999999999889,-43.58362000000000336,3.44499999999999984,5.00000000000000000,ML,operator assigned,GROPE,reviewed,manual,nz1dr,11,6,12,0.26600000000000001,154.00000000000000000,0.15567000000000000,0.19500000000000001
3366627,earthquake,2010-09-04T12:14:10.909Z,2013-07-16T14:07:00.000Z,172.00939999999999941,-43.26968000000000103,3.47900000000000009,7.80890000000000040,ML,,GROPE,reviewed,manual,nz1dr,14,8,13,0.06100000000000000,103.00000000000000000,0.08419000000000000,0.18800000000000000
3366624,earthquake,2010-09-04T12:10:27.542Z,2013-07-16T14:07:00.000Z,172.26407000000000380,-43.60358000000000089,3.80100000000000016,5.00000000000000000,ML,operator assigned,GROPE,reviewed,manual,nz1dr,13,7,25,0.16300000000000001,152.00000000000000000,0.21232999999999999,0.17599999999999999
3366621,earthquake,2010-09-04T12:01:14.367Z,2013-07-16T14:07:00.000Z,171.89135999999999171,-43.58525999999999812,3.31400000000000006,5.00000000000000000,ML,operator assigned,GROPE,reviewed,manual,nz1dr,10,6,13,0.27900000000000003,155.00000000000000000,0.17669000000000001,0.16900000000000001
3366615,earthquake,2010-09-04T11:43:13.434Z,2013-07-16T14:07:00.000Z,171.85364000000001283,-43.58514999999999873,3.79999999999999982,5.00000000000000000,Mw,operator assigned,GROPE,reviewed,manual,nz1dr,19,11,0,0.20399999999999999,134.00000000000000000,0.24989000000000000,0.00000000000000000
3366609,earthquake,2010-09-04T11:27:23.442Z,2013-07-16T14:06:00.000Z,172.35844000000000165,-43.57229000000000241,3.80200000000000005,5.00000000000000000,ML,operator assigned,GROPE,reviewed,manual,nz1dr,12,7,23,0.19200000000000000,139.00000000000000000,0.15754000000000001,0.18800000000000000
3366600,earthquake,2010-09-04T11:08:16.628Z,2013-07-16T14:06:00.000Z,172.04881000000000313,-43.61744000000000199,3.57799999999999985,5.00000000000000000,ML,operator assigned,GROPE,reviewed,manual,nz1dr,14,8,12,0.22500000000000001,138.00000000000000000,0.13494000000000000,0.17699999999999999
3366586,earthquake,2010-09-04T10:38:01.105Z,2013-07-16T14:06:00.000Z,171.98711000000000126,-43.26196000000000197,4.59999999999999964,8.43679999999999986,Mw,,GROPE,reviewed,manual,nz1dr,24,13,0,0.07500000000000000,69.00000000000000000,0.20485999999999999,0.00000000000000000
3366585,earthquake,2010-09-04T10:34:52.350Z,2013-07-16T14:06:00.000Z,172.37567000000001372,-43.59441999999999950,4.00000000000000000,8.24409999999999954,Mw,,GROPE,reviewed,manual,nz1dr,27,18,0,0.00400000000000000,143.00000000000000000,0.20000000000000001,0.00000000000000000
3366571,earthquake,2010-09-04T10:03:12.560Z,2013-07-16T14:06:00.000Z,172.34907999999998651,-43.59174999999999756,3.75899999999999990,5.00000000000000000,ML,operator assigned,GROPE,reviewed,manual,nz1dr,13,7,23,0.20000000000000001,144.00000000000000000,0.21054999999999999,0.20200000000000001
3366560,earthquake,2010-09-04T09:36:53.047Z,2013-07-16T14:06:00.000Z,172.46963999999999828,-43.60443000000000069,3.49900000000000011,12.13470000000000049,ML,,GROPE,reviewed,manual,nz1dr,13,7,13,0.11500000000000000,135.00000000000000000,0.20221000000000000,0.16800000000000001
3366551,earthquake,2010-09-04T09:11:46.251Z,2013-07-16T14:06:00.000Z,172.12485000000000923,-43.60202999999999918,3.33400000000000007,5.00000000000000000,ML,operator assigned,GROPE,reviewed,manual,nz1dr,11,6,13,0.28199999999999997,155.00000000000000000,0.11319000000000000,0.20399999999999999
3366544,earthquake,2010-09-04T08:54:27.628Z,2013-07-16T14:06:00.000Z,171.85663999999999874,-43.55848000000000297,4.29999999999999982,9.37049999999999983,Mw,,GROPE,reviewed,manual,nz1dr,29,19,0,0.07700000000000000,88.00000000000000000,0.25350000000000000,0.00000000000000000
3366542,earthquake,2010-09-04T08:46:49.447Z,2013-07-16T14:06:00.000Z,172.16225000000000023,-43.61157000000000039,3.76200000000000001,5.92049999999999965,ML,,GROPE,reviewed,manual,nz1dr,14,8,18,0.05800000000000000,157.00000000000000000,0.15523999999999999,0.25800000000000001
3366522,earthquake,2010-09-04T07:56:13.719Z,2013-07-16T14:06:00.000Z,172.36633000000000493,-43.62268999999999863,3.35300000000000020,5.00000000000000000,ML,operator assigned,GROPE,reviewed,manual,nz1dr,11,6,9,0.19200000000000000,152.00000000000000000,0.14904000000000001,0.17000000000000001
3366513,earthquake,2010-09-04T07:31:47.806Z,2013-07-17T14:24:00.000Z,172.39363000000000170,-43.61001000000000261,3.44799999999999995,5.00000000000000000,ML,operator assigned,GROPE,reviewed,manual,nz1dr,11,6,12,0.17000000000000001,146.00000000000000000,0.10754000000000000,0.21199999999999999
3366512,earthquake,2010-09-04T07:29:22.265Z,2013-07-16T14:06:00.000Z,172.32773000000000252,-43.56575000000000131,3.51900000000000013,5.00000000000000000,ML,operator assigned,GROPE,reviewed,manual,nz1dr,12,6,15,0.16800000000000001,139.00000000000000000,0.14990999999999999,0.18400000000000000
3366506,earthquake,2010-09-04T07:13:19.151Z,2013-08-08T13:26:00.000Z,172.35855000000000814,-43.58500000000000085,3.68699999999999983,5.84930000000000039,ML,,GROPE,reviewed,manual,nz1dr,20,13,18,0.08900000000000000,122.00000000000000000,0.13292999999999999,0.25700000000000001
3366504,earthquake,2010-09-04T07:07:07.597Z,2013-08-12T13:54:00.000Z,172.37649999999999295,-43.56893000000000171,4.40000000000000036,8.63729999999999976,Mw,,GROPE,reviewed,manual,nz1dr,31,23,0,0.02600000000000000,59.00000000000000000,0.19531000000000001,0.00000000000000000
3366503,earthquake,2010-09-04T07:03:14.293Z,2013-07-16T14:06:00.000Z,172.38041999999998666,-43.56866000000000128,4.29999999999999982,6.23500000000000032,Mw,,GROPE,reviewed,manual,nz1dr,24,19,0,0.02600000000000000,82.00000000000000000,0.24531000000000000,0.00000000000000000
3366500,earthquake,2010-09-04T06:57:33.566Z,2013-07-16T14:06:00.000Z,172.20491000000001236,-43.54701000000000022,3.65899999999999981,6.57990000000000030,ML,,GROPE,reviewed,manual,nz1dr,11,6,17,0.09300000000000000,141.00000000000000000,0.17072999999999999,0.17899999999999999
3366499,earthquake,2010-09-04T06:54:11.414Z,2013-07-16T14:06:00.000Z,172.37793999999999528,-43.58241000000000298,4.00000000000000000,8.15740000000000087,Mw,,GROPE,reviewed,manual,nz1dr,24,15,0,0.01200000000000000,92.00000000000000000,0.18609999999999999,0.00000000000000000
3366498,earthquake,2010-09-04T06:52:09.655Z,2013-07-16T14:06:00.000Z,172.35322999999999638,-43.57468000000000075,3.30799999999999983,5.00000000000000000,ML,operator assigned,GROPE,reviewed,manual,nz1dr,10,6,10,0.19600000000000001,140.00000000000000000,0.12992999999999999,0.13500000000000001
3366493,earthquake,2010-09-04T06:40:59.808Z,2013-07-16T14:06:00.000Z,172.32554999999999268,-43.70369999999999777,4.02099999999999991,5.00000000000000000,ML,operator assigned,GROPE,reviewed,manual,nz1dr,11,7,23,0.23799999999999999,178.00000000000000000,0.18847000000000000,0.27400000000000002
3366492,earthquake,2010-09-04T06:38:56.614Z,2013-07-16T14:06:00.000Z,172.18959000000000970,-43.57462000000000302,3.83499999999999996,20.60760000000000147,ML,,GROPE,reviewed,manual,nz1dr,14,7,25,0.10500000000000000,112.00000000000000000,0.16075000000000000,0.24299999999999999
3366490,earthquake,2010-09-04T06:37:01.765Z,2013-07-16T14:06:00.000Z,172.10587000000001012,-43.60439000000000220,3.99900000000000011,7.38250000000000028,ML,,GROPE,reviewed,manual,nz1dr,16,9,30,0.11300000000000000,156.00000000000000000,0.18582000000000001,0.23599999999999999
3366487,earthquake,2010-09-04T06:27:16.729Z,2013-07-16T14:06:00.000Z,171.98168999999998618,-43.56389999999999674,3.55100000000000016,9.16350000000000087,ML,,GROPE,reviewed,manual,nz1dr,13,8,16,0.02800000000000000,145.00000000000000000,0.19309999999999999,0.19100000000000000
3366478,earthquake,2010-09-04T05:59:09.294Z,2013-07-16T14:06:00.000Z,172.17650000000000432,-43.45129000000000019,3.60000000000000009,4.01919999999999966,ML,,GROPE,reviewed,manual,nz1dr,13,7,12,0.06700000000000000,107.00000000000000000,0.18490000000000001,0.15200000000000000
3366474,earthquake,2010-09-04T05:49:31.669Z,2013-07-16T14:06:00.000Z,172.34743000000000279,-43.57168000000000063,3.33099999999999996,5.00000000000000000,ML,operator assigned,GROPE,reviewed,manual,nz1dr,8,5,10,0.20000000000000001,139.00000000000000000,0.14752999999999999,0.24199999999999999
3366470,earthquake,2010-09-04T05:35:43.552Z,2013-07-16T14:05:00.000Z,172.25591000000000008,-43.62243999999999744,3.46899999999999986,17.32029999999999959,ML,,GROPE,reviewed,manual,nz1dr,11,6,9,0.27100000000000002,156.00000000000000000,0.09439000000000000,0.16100000000000000
3366469,earthquake,2010-09-04T05:33:01.813Z,2013-07-16T14:05:00.000Z,172.20309000000000310,-43.61381000000000085,3.35999999999999988,5.00000000000000000,ML,operator assigned,GROPE,reviewed,manual,nz1dr,11,6,13,0.30700000000000000,157.00000000000000000,0.11459000000000000,0.12700000000000000
3366468,earthquake,2010-09-04T05:29:10.968Z,2013-07-16T14:05:00.000Z,172.18039999999999168,-43.50831000000000159,3.44799999999999995,5.00000000000000000,ML,operator assigned,GROPE,reviewed,manual,nz1dr,11,6,12,0.20799999999999999,135.00000000000000000,0.17637000000000000,0.15700000000000000
3366465,earthquake,2010-09-04T05:25:02.497Z,2013-07-16T14:05:00.000Z,172.28327999999999065,-43.62033999999999878,3.58499999999999996,8.10180000000000078,ML,,GROPE,reviewed,manual,nz1dr,16,9,16,0.07900000000000000,124.00000000000000000,0.16280000000000000,0.20399999999999999
3366457,earthquake,2010-09-04T05:07:12.118Z,2013-07-16T14:05:00.000Z,172.35181000000000040,-43.60376000000000118,3.71099999999999985,13.13949999999999996,ML,,GROPE,reviewed,manual,nz1dr,15,10,22,0.19900000000000001,147.00000000000000000,0.17222000000000001,0.20799999999999999
3366452,earthquake,2010-09-04T04:55:56.511Z,2013-07-16T14:05:00.000Z,171.97870000000000346,-43.54764999999999731,4.79999999999999982,9.80390000000000050,Mw,,GROPE,reviewed,manual,nz1dr,37,26,0,0.01500000000000000,44.00000000000000000,0.21503000000000000,0.00000000000000000
3366450,earthquake,2010-09-04T04:48:38.951Z,2013-08-12T13:50:00.000Z,172.41013000000000943,-43.62013999999999925,3.89999999999999991,9.33000000000000007,Mw,,GROPE,reviewed,manual,nz1dr,21,15,0,0.03300000000000000,148.00000000000000000,0.15678000000000000,0.00000000000000000
3366449,earthquake,2010-09-04T04:44:24.975Z,2013-07-16T14:05:00.000Z,172.32294999999999163,-43.61540999999999713,3.68999999999999995,9.70410000000000039,ML,,GROPE,reviewed,manual,nz1dr,19,11,23,0.04700000000000000,152.00000000000000000,0.18301000000000001,0.20499999999999999
3366445,earthquake,2010-09-04T04:33:45.031Z,2013-07-16T14:05:00.000Z,171.94656000000000518,-43.55980000000000274,3.93299999999999983,7.03849999999999998,ML,,GROPE,reviewed,manual,nz1dr,17,10,24,0.13200000000000001,150.00000000000000000,0.21310999999999999,0.23899999999999999
3366442,earthquake,2010-09-04T04:25:45.903Z,2013-07-16T14:05:00.000Z,172.40711999999999193,-43.62480999999999653,3.41900000000000004,5.00000000000000000,ML,operator assigned,GROPE,reviewed,manual,nz1dr,8,4,9,0.16400000000000001,203.00000000000000000,0.26748000000000000,0.28599999999999998
3366437,earthquake,2010-09-04T04:11:11.456Z,2013-07-16T14:05:00.000Z,172.24897999999998888,-43.62496000000000151,3.71899999999999986,5.00000000000000000,ML,operator assigned,GROPE,reviewed,manual,nz1dr,13,8,12,0.17100000000000001,158.00000000000000000,0.21579000000000001,0.22400000000000000
3366434,earthquake,2010-09-04T04:03:51.134Z,2013-07-16T14:05:00.000Z,171.91993999999999687,-43.56841000000000008,3.41699999999999982,5.00000000000000000,ML,operator assigned,GROPE,reviewed,manual,nz1dr,10,7,11,0.25600000000000001,131.00000000000000000,0.19353000000000001,0.24600000000000000
3366432,earthquake,2010-09-04T03:59:42.420Z,2013-07-16T14:05:00.000Z,172.37053000000000225,-43.57858999999999838,3.31199999999999983,5.00000000000000000,ML,operator assigned,GROPE,reviewed,manual,nz1dr,9,5,8,0.18300000000000000,139.00000000000000000,0.11640000000000000,0.14699999999999999
3366427,earthquake,2010-09-04T03:56:17.164Z,2013-07-16T14:05:00.000Z,172.39882000000000062,-43.60123000000000104,3.88399999999999990,8.47949999999999982,ML,,GROPE,reviewed,manual,nz1dr,16,11,25,0.15100000000000000,143.00000000000000000,0.17774000000000001,0.20799999999999999
3366423,earthquake,2010-09-04T03:44:14.101Z,2013-07-16T14:05:00.000Z,172.06325000000001069,-43.62174999999999869,3.97500000000000009,5.00000000000000000,ML,operator assigned,GROPE,reviewed,manual,nz1dr,12,9,23,0.03900000000000000,138.00000000000000000,0.15154000000000001,0.19500000000000001
3366420,earthquake,2010-09-04T03:40:02.947Z,2013-07-16T14:05:00.000Z,172.53952000000001021,-43.52347000000000321,3.51299999999999990,17.43570000000000064,ML,,GROPE,reviewed,manual,nz1dr,15,8,14,0.03900000000000000,141.00000000000000000,0.14002000000000001,0.21299999999999999
3366416,earthquake,2010-09-04T03:24:39.771Z,2013-07-16T14:05:00.000Z,172.34200999999998771,-43.66002000000000294,3.31099999999999994,12.00000000000000000,ML,operator assigned,GROPE,reviewed,manual,nz1dr,11,6,9,0.22100000000000000,164.00000000000000000,0.14519000000000001,0.14699999999999999
3366409,earthquake,2010-09-04T03:11:47.416Z,2013-07-16T14:05:00.000Z,172.37134000000000356,-43.61493999999999716,3.31700000000000017,5.00000000000000000,ML,operator assigned,GROPE,reviewed,manual,nz1dr,10,6,5,0.18700000000000000,149.00000000000000000,0.09580000000000000,0.14899999999999999
3366401,earthquake,2010-09-04T02:50:18.847Z,2013-07-16T14:05:00.000Z,172.35373999999998773,-43.59917000000000087,3.83700000000000019,10.48670000000000080,ML,,GROPE,reviewed,manual,nz1dr,16,10,21,0.17199999999999999,145.00000000000000000,0.21662000000000001,0.24399999999999999
3366400,earthquake,2010-09-04T02:48:43.144Z,2013-07-17T14:16:00.000Z,172.19746000000000663,-43.52571999999999974,3.36900000000000022,5.00000000000000000,ML,operator assigned,GROPE,reviewed,manual,nz1dr,10,6,10,0.07800000000000000,158.00000000000000000,0.14832000000000001,0.16000000000000000
3366393,earthquake,2010-09-04T02:32:59.874Z,2013-07-16T14:05:00.000Z,172.94283999999998969,-43.72343000000000046,3.37400000000000011,26.17360000000000042,ML,,GROPE,reviewed,manual,nz1dr,9,5,6,0.20999999999999999,298.00000000000000000,0.14526000000000000,0.22000000000000000
3366389,earthquake,2010-09-04T02:22:40.924Z,2013-07-16T14:05:00.000Z,172.31811999999999330,-43.58928000000000225,3.39999999999999991,5.00000000000000000,ML,operator assigned,GROPE,reviewed,manual,nz1dr,11,6,7,0.22200000000000000,146.00000000000000000,0.17210000000000000,0.24600000000000000
3366383,earthquake,2010-09-04T02:06:27.752Z,2013-07-16T14:05:00.000Z,172.16835000000000377,-43.46699000000000268,3.59399999999999986,5.84600000000000009,ML,,GROPE,reviewed,manual,nz1dr,12,7,15,0.05400000000000000,119.00000000000000000,0.20668000000000000,0.21700000000000000
3792057,earthquake,2010-09-04T02:01:04.360Z,2013-01-15T10:28:00.000Z,172.27991,-43.61853,4.062,9.7951,ML,,GROPE,reviewed,,nz1dr,21,13,32,0.078,122,0.17498,0.195
3366376,earthquake,2010-09-04T01:52:21.894Z,2013-07-16T14:05:00.000Z,172.33606000000000336,-43.54554000000000258,4.09999999999999964,8.20570000000000022,Mw,,GROPE,reviewed,manual,nz1dr,26,19,0,0.05900000000000000,73.00000000000000000,0.23125999999999999,0.00000000000000000
3366375,earthquake,2010-09-04T01:49:24.582Z,2013-07-16T14:05:00.000Z,172.32679999999999154,-43.59009999999999962,3.93500000000000005,16.66649999999999920,ML,,GROPE,reviewed,manual,nz1dr,15,8,24,0.19100000000000000,146.00000000000000000,0.13592000000000001,0.21900000000000000
3366366,earthquake,2010-09-04T01:27:05.964Z,2013-07-16T14:05:00.000Z,172.18220999999999776,-43.46634000000000242,3.32600000000000007,5.38910000000000000,ML,,GROPE,reviewed,manual,nz1dr,12,7,9,0.06300000000000000,122.00000000000000000,0.15784999999999999,0.12500000000000000
3366361,earthquake,2010-09-04T01:15:20.169Z,2013-07-16T14:05:00.000Z,172.59632999999999470,-43.65122000000000213,3.61299999999999999,17.36929999999999907,ML,,GROPE,reviewed,manual,nz1dr,11,6,5,0.07000000000000001,129.00000000000000000,0.13023000000000001,0.34599999999999997
3366358,earthquake,2010-09-04T01:08:03.295Z,2013-07-16T14:05:00.000Z,171.85692000000000235,-43.57724000000000331,3.82299999999999995,5.00000000000000000,ML,operator assigned,GROPE,reviewed,manual,nz1dr,13,8,19,0.25400000000000000,153.00000000000000000,0.17946000000000001,0.19300000000000000
3366355,earthquake,2010-09-04T00:58:33.205Z,2013-07-16T14:05:00.000Z,172.15273999999999432,-43.47659000000000162,4.30400000000000027,7.30020000000000024,ML,,GROPE,reviewed,manual,nz1dr,18,12,37,0.04000000000000000,125.00000000000000000,0.19033000000000000,0.27100000000000002
3366351,earthquake,2010-09-04T00:47:34.477Z,2013-07-16T14:05:00.000Z,171.88222999999999274,-43.57580999999999705,3.50599999999999978,5.00000000000000000,ML,operator assigned,GROPE,reviewed,manual,nz1dr,13,7,17,0.21099999999999999,153.00000000000000000,0.23921000000000001,0.17699999999999999
3366343,earthquake,2010-09-04T00:27:26.396Z,2013-07-16T14:05:00.000Z,172.37650999999999613,-43.61645999999999646,4.20199999999999996,5.00000000000000000,ML,operator assigned,GROPE,reviewed,manual,nz1dr,20,12,26,0.06700000000000000,149.00000000000000000,0.13025000000000000,0.26800000000000002
3366340,earthquake,2010-09-04T00:18:04.280Z,2013-07-16T14:05:00.000Z,172.22211999999998966,-43.57833000000000112,3.99400000000000022,17.64699999999999847,ML,,GROPE,reviewed,manual,nz1dr,22,14,35,0.12300000000000000,147.00000000000000000,0.17107000000000000,0.21199999999999999
3366339,earthquake,2010-09-04T00:16:07.828Z,2013-07-16T14:05:00.000Z,172.15584999999998672,-43.61858000000000146,3.50099999999999989,5.00000000000000000,ML,operator assigned,GROPE,reviewed,manual,nz1dr,10,5,10,0.30299999999999999,159.00000000000000000,0.13902000000000000,0.18300000000000000
3366337,earthquake,2010-09-04T00:13:06.363Z,2013-07-16T14:05:00.000Z,172.04464999999999009,-43.62013999999999925,3.33400000000000007,5.00000000000000000,ML,operator assigned,GROPE,reviewed,manual,nz1dr,11,7,12,0.29299999999999998,139.00000000000000000,0.21487000000000001,0.40000000000000002
3366335,earthquake,2010-09-04T00:08:54.070Z,2013-07-16T14:05:00.000Z,172.40389999999999304,-43.65635000000000332,3.68400000000000016,8.40450000000000053,ML,,GROPE,reviewed,manual,nz1dr,18,10,16,0.05600000000000000,160.00000000000000000,0.19213000000000000,0.19000000000000000
3366332,earthquake,2010-09-04T00:01:14.168Z,2013-07-16T14:05:00.000Z,172.14973000000000525,-43.59729999999999706,3.58199999999999985,7.70000000000000018,ML,,GROPE,reviewed,manual,nz1dr,17,9,15,0.04500000000000000,154.00000000000000000,0.19105000000000000,0.16900000000000001
3366322,earthquake,2010-09-03T23:40:14.177Z,2013-07-16T14:04:00.000Z,172.30523999999999774,-43.59980000000000189,3.45500000000000007,5.00000000000000000,ML,operator assigned,GROPE,reviewed,manual,nz1dr,12,6,15,0.18300000000000000,149.00000000000000000,0.20255999999999999,0.14099999999999999
3792053,earthquake,2010-09-03T23:14:54.873Z,2013-01-15T10:27:00.000Z,172.17816,-43.50919,5.203,7.7167,ML,,GROPE,reviewed,,nz1dr,33,21,57,0.058,55,0.30474,0.327
3792018,earthquake,2010-09-03T23:12:45.841Z,2013-01-15T10:27:00.000Z,172.17453,-43.50886,5.079,8.7228,ML,,GROPE,reviewed,,nz1dr,39,21,60,0.056,54,0.25233,0.315
3366307,earthquake,2010-09-03T23:05:43.432Z,2013-07-16T14:04:00.000Z,172.36117999999999029,-43.63866000000000156,4.12699999999999978,5.00000000000000000,ML,operator assigned,GROPE,reviewed,manual,nz1dr,17,8,34,0.20000000000000001,157.00000000000000000,0.18934000000000001,0.31100000000000000
3366297,earthquake,2010-09-03T22:38:50.032Z,2013-07-16T14:04:00.000Z,172.37078999999999951,-43.55818000000000012,3.92399999999999993,5.00000000000000000,ML,operator assigned,GROPE,reviewed,manual,nz1dr,12,6,25,0.18300000000000000,134.00000000000000000,0.22228000000000001,0.19000000000000000
3791909,earthquake,2010-09-03T22:17:26.877Z,2013-01-15T10:26:00.000Z,172.38913,-43.60236,4.479,6.4555,ML,,GROPE,reviewed,,nz1dr,27,17,26,0.061,144,0.18553,0.213
3366285,earthquake,2010-09-03T22:04:38.795Z,2013-07-16T14:04:00.000Z,172.41985999999999990,-43.56096000000000146,3.85000000000000009,13.51740000000000030,ML,,GROPE,reviewed,manual,nz1dr,11,6,4,0.14799999999999999,130.00000000000000000,0.21496999999999999,0.14699999999999999
3366284,earthquake,2010-09-03T22:02:11.049Z,2013-07-16T14:04:00.000Z,172.18928999999999974,-43.58767999999999887,3.31499999999999995,5.00000000000000000,ML,operator assigned,GROPE,reviewed,manual,nz1dr,9,5,14,0.28199999999999997,151.00000000000000000,0.15295000000000000,0.14999999999999999
3366275,earthquake,2010-09-03T21:42:43.423Z,2013-08-12T13:46:00.000Z,172.36874000000000251,-43.57392999999999716,3.79999999999999982,5.62729999999999997,Mw,,GROPE,reviewed,manual,nz1dr,29,15,0,0.07800000000000000,138.00000000000000000,0.22680000000000000,0.00000000000000000
3366266,earthquake,2010-09-03T21:21:19.413Z,2013-07-16T14:04:00.000Z,172.27837999999999852,-43.58798999999999779,3.67499999999999982,5.00000000000000000,ML,operator assigned,GROPE,reviewed,manual,nz1dr,13,8,22,0.25100000000000000,147.00000000000000000,0.21782000000000001,0.25600000000000001
3366241,earthquake,2010-09-03T20:15:05.387Z,2013-07-16T14:04:00.000Z,172.37065000000001191,-43.57023000000000224,4.40000000000000036,5.00000000000000000,Mw,operator assigned,GROPE,reviewed,manual,nz1dr,30,23,0,0.02500000000000000,69.00000000000000000,0.22559999999999999,0.00000000000000000
3791059,earthquake,2010-09-03T19:56:49.395Z,2013-01-15T10:23:00.000Z,172.40186,-43.58372,5.126,8.6807,ML,,GROPE,reviewed,,nz1dr,43,32,59,0.019,75,0.2229,0.391
3366227,earthquake,2010-09-03T19:52:40.086Z,2013-07-16T14:04:00.000Z,172.19888000000000261,-43.51200000000000045,3.33499999999999996,5.00000000000000000,ML,operator assigned,GROPE,reviewed,manual,nz1dr,15,9,8,0.07300000000000000,135.00000000000000000,0.27243000000000001,0.20999999999999999
3366213,earthquake,2010-09-03T19:07:01.664Z,2013-07-16T14:04:00.000Z,172.21689000000000647,-43.58670999999999651,4.59999999999999964,15.41670000000000051,Mw,,GROPE,reviewed,manual,nz1dr,40,28,0,0.08400000000000001,79.00000000000000000,0.19561000000000001,0.00000000000000000
3366212,earthquake,2010-09-03T19:03:36.592Z,2013-07-16T14:04:00.000Z,172.35283000000001152,-43.62333000000000283,3.77000000000000002,5.00000000000000000,ML,operator assigned,GROPE,reviewed,manual,nz1dr,15,7,20,0.03500000000000000,108.00000000000000000,0.13136999999999999,0.23499999999999999
3366206,earthquake,2010-09-03T18:54:38.087Z,2013-07-16T14:04:00.000Z,172.38315000000000055,-43.62460000000000093,3.78900000000000015,7.42999999999999972,ML,,GROPE,reviewed,manual,nz1dr,22,13,24,0.03000000000000000,151.00000000000000000,0.17363999999999999,0.21099999999999999
3772876,earthquake,2010-09-03T18:35:39.927Z,2013-01-15T10:20:00.000Z,172.18607,-43.45727,3.837,5,ML,operator assigned,GROPE,reviewed,,nz1dr,10,5,14,0.07,122,0.32308,0.259
3366198,earthquake,2010-09-03T18:33:15.690Z,2013-07-16T14:04:00.000Z,172.37220999999999549,-43.62337000000000131,4.17199999999999971,11.60330000000000084,ML,,GROPE,reviewed,manual,nz1dr,29,13,31,0.13500000000000001,130.00000000000000000,0.27234999999999998,0.26100000000000001
3366196,earthquake,2010-09-03T18:24:05.119Z,2013-07-16T14:04:00.000Z,172.17479000000000156,-43.46813999999999822,3.81499999999999995,5.87760000000000016,ML,,GROPE,reviewed,manual,nz1dr,11,6,5,0.05800000000000000,121.00000000000000000,0.16624000000000000,0.18099999999999999
3769220,earthquake,2010-09-03T18:18:03.572Z,2013-07-16T14:52:00.000Z,172.41998000000000957,-43.65785000000000338,4.20800000000000018,8.37369999999999948,ML,,GROPE,reviewed,manual,nz1dr,28,17,20,0.04800000000000000,199.00000000000000000,0.13206000000000001,0.25200000000000000
3769188,earthquake,2010-09-03T18:17:59.040Z,2013-07-16T14:52:00.000Z,171.95787000000001399,-43.52837000000000245,4.27400000000000002,17.39450000000000074,ML,,GROPE,reviewed,manual,nz1dr,12,5,10,0.11100000000000000,183.00000000000000000,0.12609999999999999,0.21500000000000000
3769164,earthquake,2010-09-03T18:16:19.036Z,2013-07-16T14:52:00.000Z,172.15110999999998853,-43.49398999999999660,3.95900000000000007,7.68520000000000003,ML,,GROPE,reviewed,manual,nz1dr,15,7,26,0.03600000000000000,133.00000000000000000,0.21912999999999999,0.26300000000000001
3366191,earthquake,2010-09-03T18:15:25.744Z,2013-07-16T14:04:00.000Z,172.19291999999998666,-43.59906000000000148,4.13199999999999967,5.00000000000000000,ML,operator assigned,GROPE,reviewed,manual,nz1dr,20,13,30,0.12600000000000000,154.00000000000000000,0.10342000000000000,0.22300000000000000
3769077,earthquake,2010-09-03T18:13:32.855Z,2013-07-16T14:52:00.000Z,171.94991999999999166,-43.47793000000000063,3.34100000000000019,10.58740000000000059,ML,,GROPE,reviewed,manual,nz1dr,11,5,7,0.16300000000000001,136.00000000000000000,0.34575000000000000,0.20100000000000001
3768617,earthquake,2010-09-03T18:11:18.848Z,2013-07-16T14:52:00.000Z,172.18809999999999150,-43.59219999999999828,3.43199999999999994,5.00000000000000000,ML,operator assigned,GROPE,reviewed,manual,nz1dr,13,6,11,0.28599999999999998,152.00000000000000000,0.29768000000000000,0.12900000000000000
3768616,earthquake,2010-09-03T18:10:16.229Z,2013-07-16T14:52:00.000Z,172.19544999999999391,-43.54142000000000223,3.93800000000000017,5.00000000000000000,ML,operator assigned,GROPE,reviewed,manual,nz1dr,12,6,10,0.24299999999999999,141.00000000000000000,0.31023000000000001,0.19600000000000001
3768610,earthquake,2010-09-03T18:10:08.672Z,2013-07-16T14:52:00.000Z,172.09860000000000468,-43.51294000000000040,3.85999999999999988,5.00000000000000000,ML,operator assigned,GROPE,reviewed,manual,nz1dr,10,4,10,0.19100000000000000,231.00000000000000000,0.12656999999999999,0.24900000000000000
3768597,earthquake,2010-09-03T18:09:36.089Z,2013-07-16T14:52:00.000Z,172.12165999999999144,-43.60501000000000005,3.99600000000000000,8.46400000000000041,ML,,GROPE,reviewed,manual,nz1dr,16,9,10,0.11400000000000000,237.00000000000000000,0.19675000000000001,0.22000000000000000
3768584,earthquake,2010-09-03T18:09:19.285Z,2013-07-16T14:52:00.000Z,172.00880000000000791,-43.55745000000000289,4.13100000000000023,6.69730000000000025,ML,,GROPE,reviewed,manual,nz1dr,25,15,18,0.03900000000000000,129.00000000000000000,0.28288999999999997,0.27400000000000002
3768604,earthquake,2010-09-03T18:08:33.911Z,2013-07-16T14:52:00.000Z,172.16051999999999111,-43.58697000000000088,3.49800000000000022,5.00000000000000000,ML,operator assigned,GROPE,reviewed,manual,nz1dr,12,6,11,0.27400000000000002,151.00000000000000000,0.14396000000000000,0.16500000000000001
3366188,earthquake,2010-09-03T18:07:12.877Z,2013-07-16T14:04:00.000Z,172.43192999999999415,-43.57898999999999745,3.90099999999999980,15.55390000000000050,ML,,GROPE,reviewed,manual,nz1dr,20,14,11,0.04000000000000000,140.00000000000000000,0.08930000000000000,0.32900000000000001
3366187,earthquake,2010-09-03T18:04:07.175Z,2013-07-16T14:04:00.000Z,172.52414999999999168,-43.55024999999999835,4.08300000000000018,21.08480000000000132,ML,,GROPE,reviewed,manual,nz1dr,30,18,45,0.03800000000000000,72.00000000000000000,0.16882000000000000,0.25400000000000000
3767959,earthquake,2010-09-03T18:02:31.519Z,2013-07-16T14:52:00.000Z,172.31593000000000870,-43.56947999999999865,3.53299999999999992,5.00000000000000000,ML,operator assigned,GROPE,reviewed,manual,nz1dr,10,3,8,0.22300000000000000,200.00000000000000000,0.46189000000000002,0.26200000000000001
3767953,earthquake,2010-09-03T18:02:00.850Z,2013-07-16T14:52:00.000Z,172.57639000000000351,-43.62541999999999831,3.72999999999999998,24.07420000000000115,ML,,GROPE,reviewed,manual,nz1dr,11,5,8,0.06000000000000000,119.00000000000000000,0.34383999999999998,0.18200000000000000
3767931,earthquake,2010-09-03T18:01:48.652Z,2013-07-16T14:52:00.000Z,172.31988999999998668,-43.63718999999999681,3.61900000000000022,5.00000000000000000,ML,operator assigned,GROPE,reviewed,manual,nz1dr,8,4,6,0.22800000000000001,220.00000000000000000,0.10241000000000000,0.09800000000000000
3767425,earthquake,2010-09-03T18:01:11.774Z,2013-07-16T14:52:00.000Z,172.33322000000001140,-43.59949999999999903,4.41600000000000037,8.22429999999999950,ML,,GROPE,reviewed,manual,nz1dr,38,24,57,0.03500000000000000,81.00000000000000000,0.32535999999999998,0.24700000000000000
3767422,earthquake,2010-09-03T17:59:49.683Z,2013-07-16T14:52:00.000Z,172.15215000000000600,-43.50171999999999883,3.50599999999999978,5.00000000000000000,ML,operator assigned,GROPE,reviewed,manual,nz1dr,9,5,10,0.19300000000000000,135.00000000000000000,0.10868000000000000,0.32000000000000001
3767415,earthquake,2010-09-03T17:59:13.914Z,2013-07-16T14:52:00.000Z,172.18354999999999677,-43.44917000000000229,3.72299999999999986,5.00000000000000000,ML,operator assigned,GROPE,reviewed,manual,nz1dr,10,5,10,0.16100000000000000,125.00000000000000000,0.25569999999999998,0.40899999999999997
3767395,earthquake,2010-09-03T17:57:50.590Z,2013-07-16T14:52:00.000Z,172.18985000000000696,-43.46670000000000300,4.29800000000000004,5.00000000000000000,ML,operator assigned,GROPE,reviewed,manual,nz1dr,15,9,15,0.17799999999999999,95.00000000000000000,0.30835000000000001,0.17399999999999999
3767387,earthquake,2010-09-03T17:57:23.870Z,2013-07-16T14:52:00.000Z,171.91265999999998826,-43.56143999999999750,4.48599999999999977,5.00000000000000000,ML,operator assigned,GROPE,reviewed,manual,nz1dr,21,12,49,0.18800000000000000,94.00000000000000000,0.31108000000000002,0.26700000000000002
3767353,earthquake,2010-09-03T17:56:55.124Z,2013-07-16T14:52:00.000Z,172.20213000000001102,-43.59799999999999898,4.07300000000000040,5.00000000000000000,ML,operator assigned,GROPE,reviewed,manual,nz1dr,14,7,6,0.12900000000000000,153.00000000000000000,0.20377999999999999,0.17599999999999999
3767335,earthquake,2010-09-03T17:55:04.199Z,2013-07-16T14:52:00.000Z,172.16213999999999373,-43.48512000000000199,4.29300000000000015,5.92860000000000031,ML,,GROPE,reviewed,manual,nz1dr,22,11,38,0.04400000000000000,132.00000000000000000,0.20366999999999999,0.24800000000000000
3767262,earthquake,2010-09-03T17:53:03.557Z,2013-07-16T14:52:00.000Z,172.21378999999998882,-43.63201000000000107,3.45500000000000007,5.00000000000000000,ML,operator assigned,GROPE,reviewed,manual,nz1dr,11,6,16,0.30199999999999999,160.00000000000000000,0.40182000000000001,0.22000000000000000
3766762,earthquake,2010-09-03T17:47:19.870Z,2013-07-16T14:52:00.000Z,172.24231000000000336,-43.55422999999999689,3.81300000000000017,11.58239999999999981,ML,,GROPE,reviewed,manual,nz1dr,12,7,23,0.11899999999999999,106.00000000000000000,0.33457999999999999,0.24199999999999999
3765217,earthquake,2010-09-03T17:46:21.532Z,2013-07-16T14:52:00.000Z,172.21343999999999141,-43.57798999999999978,4.17100000000000026,15.18190000000000062,ML,,GROPE,reviewed,manual,nz1dr,36,21,39,0.09200000000000000,75.00000000000000000,0.23111999999999999,0.25800000000000001
3366176,earthquake,2010-09-03T17:44:03.390Z,2013-07-16T14:04:00.000Z,172.39160000000001105,-43.56510999999999711,4.26400000000000023,9.85040000000000049,ML,,GROPE,reviewed,manual,nz1dr,31,18,29,0.03000000000000000,58.00000000000000000,0.30929000000000001,0.26400000000000001
3765173,earthquake,2010-09-03T17:43:08.226Z,2013-07-16T14:52:00.000Z,172.16034999999999400,-43.49445000000000050,4.07099999999999973,7.00860000000000039,ML,,GROPE,reviewed,manual,nz1dr,20,12,32,0.04300000000000000,133.00000000000000000,0.24995000000000001,0.27900000000000003
3765140,earthquake,2010-09-03T17:41:54.831Z,2013-07-16T14:52:00.000Z,172.36713000000000306,-43.56803000000000026,3.69499999999999984,22.67989999999999995,ML,,GROPE,reviewed,manual,nz1dr,14,8,21,0.14499999999999999,137.00000000000000000,0.26522000000000001,0.25500000000000000
3765075,earthquake,2010-09-03T17:39:33.702Z,2013-07-16T14:52:00.000Z,172.19775000000001342,-43.61849999999999739,4.23299999999999965,5.00000000000000000,ML,operator assigned,GROPE,reviewed,manual,nz1dr,18,10,25,0.27600000000000002,136.00000000000000000,0.29542000000000002,0.20899999999999999
3764663,earthquake,2010-09-03T17:38:54.003Z,2013-07-16T14:52:00.000Z,171.98217999999999961,-43.52418999999999727,4.53300000000000036,5.00000000000000000,ML,operator assigned,GROPE,reviewed,manual,nz1dr,22,12,36,0.02400000000000000,101.00000000000000000,0.28602000000000000,0.30800000000000000
3366174,earthquake,2010-09-03T17:38:11.677Z,2013-08-08T13:21:00.000Z,172.15967000000000553,-43.52707000000000193,4.51400000000000023,9.62100000000000044,ML,,GROPE,reviewed,manual,nz1dr,28,18,47,0.05500000000000000,101.00000000000000000,0.28710000000000002,0.24700000000000000
3754167,earthquake,2010-09-03T17:36:55.875Z,2013-07-16T14:52:00.000Z,172.29759000000001379,-43.57589000000000112,3.98600000000000021,11.35679999999999978,ML,,GROPE,reviewed,manual,nz1dr,22,12,18,0.16500000000000001,184.00000000000000000,0.21179000000000001,0.24700000000000000
3764623,earthquake,2010-09-03T17:36:36.008Z,2013-07-16T14:52:00.000Z,171.87041999999999575,-43.54630000000000223,3.91900000000000004,5.00000000000000000,ML,operator assigned,GROPE,reviewed,manual,nz1dr,14,7,20,0.17699999999999999,148.00000000000000000,0.41050999999999999,0.17499999999999999
3754156,earthquake,2010-09-03T17:35:47.451Z,2013-07-16T14:52:00.000Z,172.07644999999999413,-43.62187999999999732,3.97900000000000009,7.13910000000000000,ML,,GROPE,reviewed,manual,nz1dr,14,10,30,0.03500000000000000,128.00000000000000000,0.26840999999999998,0.22600000000000001
3754150,earthquake,2010-09-03T17:34:15.263Z,2013-07-16T14:52:00.000Z,172.30588000000000193,-43.57518000000000313,3.81400000000000006,9.91050000000000075,ML,,GROPE,reviewed,manual,nz1dr,18,10,28,0.17000000000000001,143.00000000000000000,0.27557999999999999,0.24399999999999999
3754136,earthquake,2010-09-03T17:33:00.820Z,2013-07-16T14:52:00.000Z,172.09627000000000407,-43.58115999999999701,3.70199999999999996,6.61080000000000023,ML,,GROPE,reviewed,manual,nz1dr,18,9,19,0.00900000000000000,107.00000000000000000,0.19936000000000001,0.38200000000000001
3753682,earthquake,2010-09-03T17:31:21.849Z,2013-07-16T14:52:00.000Z,171.98099999999999454,-43.52064000000000021,4.39700000000000024,10.05219999999999914,ML,,GROPE,reviewed,manual,nz1dr,18,10,44,0.09300000000000000,142.00000000000000000,0.33877000000000002,0.25900000000000001
3753695,earthquake,2010-09-03T17:31:00.032Z,2013-07-16T14:52:00.000Z,172.42651000000000749,-43.61386000000000251,4.40800000000000036,8.42789999999999928,ML,,GROPE,reviewed,manual,nz1dr,31,20,34,0.03200000000000000,93.00000000000000000,0.25535999999999998,0.35099999999999998
3753669,earthquake,2010-09-03T17:29:43.731Z,2013-07-16T14:52:00.000Z,171.93300999999999590,-43.50891000000000020,3.98600000000000021,11.38579999999999970,ML,,GROPE,reviewed,manual,nz1dr,11,6,12,0.13400000000000001,141.00000000000000000,0.45611000000000002,0.30399999999999999
3753602,earthquake,2010-09-03T17:28:16.175Z,2013-07-16T14:52:00.000Z,172.04362000000000421,-43.58209000000000088,4.44099999999999984,12.71739999999999959,ML,,GROPE,reviewed,manual,nz1dr,29,14,44,0.03300000000000000,198.00000000000000000,0.38011000000000000,0.26300000000000001
3753650,earthquake,2010-09-03T17:28:08.145Z,2013-07-16T14:52:00.000Z,172.03815000000000168,-43.58953999999999951,4.11800000000000033,8.85200000000000031,ML,,GROPE,reviewed,manual,nz1dr,21,10,4,0.07500000000000000,205.00000000000000000,0.24381000000000000,0.20499999999999999
3753542,earthquake,2010-09-03T17:27:12.852Z,2013-07-16T14:52:00.000Z,172.33666999999999803,-43.57726999999999862,3.97100000000000009,14.03260000000000041,ML,,GROPE,reviewed,manual,nz1dr,18,10,14,0.16800000000000001,112.00000000000000000,0.31212000000000001,0.18200000000000000
3753125,earthquake,2010-09-03T17:26:04.727Z,2013-07-16T14:52:00.000Z,172.09457000000000448,-43.59562999999999988,4.69200000000000017,7.86449999999999960,ML,,GROPE,reviewed,manual,nz1dr,45,27,65,0.00900000000000000,66.00000000000000000,0.32024999999999998,0.29499999999999998
3753117,earthquake,2010-09-03T17:25:02.168Z,2013-07-16T14:52:00.000Z,172.41945000000001187,-43.64858999999999867,3.59600000000000009,5.00000000000000000,ML,operator assigned,GROPE,reviewed,manual,nz1dr,15,8,5,0.10400000000000000,210.00000000000000000,0.15196000000000001,0.23000000000000001
3753095,earthquake,2010-09-03T17:24:53.127Z,2013-07-16T14:52:00.000Z,172.42139000000000237,-43.65540000000000020,3.94200000000000017,6.20760000000000023,ML,,GROPE,reviewed,manual,nz1dr,15,8,8,0.11000000000000000,212.00000000000000000,0.14448000000000000,0.32300000000000001
3753083,earthquake,2010-09-03T17:24:25.085Z,2013-07-16T14:52:00.000Z,171.87665000000001214,-43.54923999999999751,4.26600000000000001,5.00000000000000000,ML,operator assigned,GROPE,reviewed,manual,nz1dr,16,9,13,0.06100000000000000,235.00000000000000000,0.31469999999999998,0.23899999999999999
3753038,earthquake,2010-09-03T17:24:05.756Z,2013-07-16T14:52:00.000Z,172.26309000000000538,-43.63627000000000322,4.25499999999999989,11.49329999999999963,ML,,GROPE,reviewed,manual,nz1dr,26,14,10,0.05800000000000000,131.00000000000000000,0.24650000000000000,0.21900000000000000
3753019,earthquake,2010-09-03T17:23:52.273Z,2013-07-16T14:52:00.000Z,172.15027000000000612,-43.46166999999999803,4.11300000000000043,6.89350000000000041,ML,,GROPE,reviewed,manual,nz1dr,21,12,8,0.04600000000000000,106.00000000000000000,0.27067999999999998,0.22500000000000001
3753011,earthquake,2010-09-03T17:22:40.719Z,2013-07-16T14:52:00.000Z,171.86795000000000755,-43.55364999999999753,4.57500000000000018,12.00000000000000000,ML,operator assigned,GROPE,reviewed,manual,nz1dr,23,14,56,0.18099999999999999,89.00000000000000000,0.35355999999999999,0.29499999999999998
3752140,earthquake,2010-09-03T17:22:18.946Z,2013-07-16T14:52:00.000Z,172.35083000000000197,-43.58912999999999727,3.41199999999999992,12.00000000000000000,ML,operator assigned,GROPE,reviewed,manual,nz1dr,9,5,5,0.19800000000000001,144.00000000000000000,0.16672000000000001,0.10700000000000000
3752130,earthquake,2010-09-03T17:21:48.896Z,2013-07-16T14:52:00.000Z,172.09161000000000286,-43.61932999999999794,4.17999999999999972,11.04149999999999920,ML,,GROPE,reviewed,manual,nz1dr,11,5,3,0.12800000000000000,328.00000000000000000,0.21027000000000001,0.10800000000000000
3752125,earthquake,2010-09-03T17:21:41.443Z,2013-07-16T14:51:00.000Z,171.92423999999999751,-43.55330000000000013,4.20199999999999996,7.61359999999999992,ML,,GROPE,reviewed,manual,nz1dr,16,8,22,0.02800000000000000,148.00000000000000000,0.24560999999999999,0.25000000000000000
3752115,earthquake,2010-09-03T17:20:54.873Z,2013-07-16T14:51:00.000Z,171.90456000000000358,-43.55190000000000339,4.19000000000000039,10.47700000000000031,ML,,GROPE,reviewed,manual,nz1dr,13,8,29,0.18200000000000000,149.00000000000000000,0.22302000000000000,0.27000000000000002
3750629,earthquake,2010-09-03T17:18:37.805Z,2013-07-16T14:51:00.000Z,172.18247999999999820,-43.58258000000000010,5.04999999999999982,5.74040000000000017,ML,,GROPE,reviewed,manual,nz1dr,30,22,41,0.06800000000000000,87.00000000000000000,0.26640999999999998,0.26000000000000001
3750618,earthquake,2010-09-03T17:18:21.495Z,2013-07-16T14:51:00.000Z,172.15409999999999968,-43.59937000000000040,4.72799999999999976,8.38589999999999947,ML,,GROPE,reviewed,manual,nz1dr,32,18,10,0.04900000000000000,154.00000000000000000,0.28888999999999998,0.22000000000000000
3750586,earthquake,2010-09-03T17:18:06.668Z,2013-07-16T14:51:00.000Z,172.37678999999999974,-43.59208999999999889,4.52899999999999991,10.00000000000000000,ML,operator assigned,GROPE,reviewed,manual,nz1dr,19,11,10,0.15500000000000000,142.00000000000000000,0.23688999999999999,0.31200000000000000
3750105,earthquake,2010-09-03T17:17:16.526Z,2013-07-16T14:51:00.000Z,172.49609000000000947,-43.63580000000000325,4.20300000000000029,18.04019999999999868,ML,,GROPE,reviewed,manual,nz1dr,10,6,26,0.11000000000000000,143.00000000000000000,0.33478999999999998,0.27700000000000002
3366163,earthquake,2010-09-03T17:17:03.937Z,2013-07-16T14:04:00.000Z,172.44043999999999528,-43.66763000000000261,3.75300000000000011,5.00000000000000000,ML,operator assigned,GROPE,reviewed,manual,nz1dr,9,4,3,0.16000000000000000,214.00000000000000000,0.12139999999999999,0.18700000000000000
3750100,earthquake,2010-09-03T17:15:37.398Z,2013-07-16T14:51:00.000Z,172.32454000000001315,-43.59658999999999907,3.54700000000000015,5.00000000000000000,ML,operator assigned,GROPE,reviewed,manual,nz1dr,10,5,6,0.19300000000000000,188.00000000000000000,0.43335000000000001,0.24299999999999999
3750096,earthquake,2010-09-03T17:15:07.043Z,2013-07-16T14:51:00.000Z,172.43462999999999852,-43.63962000000000074,3.58700000000000019,5.00000000000000000,ML,operator assigned,GROPE,reviewed,manual,nz1dr,10,5,5,0.15100000000000000,204.00000000000000000,0.05269000000000000,0.13100000000000001
3750085,earthquake,2010-09-03T17:14:18.600Z,2013-07-16T14:51:00.000Z,171.96030999999999267,-43.51436999999999955,3.95000000000000018,5.00000000000000000,ML,operator assigned,GROPE,reviewed,manual,nz1dr,11,6,11,0.10600000000000000,142.00000000000000000,0.21315999999999999,0.14299999999999999
3750072,earthquake,2010-09-03T17:13:41.720Z,2013-07-16T14:51:00.000Z,172.41020000000000323,-43.60401000000000238,4.30100000000000016,8.87720000000000020,ML,,GROPE,reviewed,manual,nz1dr,22,14,36,0.02300000000000000,126.00000000000000000,0.31566000000000000,0.33100000000000002
3750061,earthquake,2010-09-03T17:12:56.774Z,2013-07-16T14:51:00.000Z,172.37834000000000856,-43.41100999999999743,3.56400000000000006,33.00000000000000000,ML,operator assigned,GROPE,reviewed,manual,nz1dr,11,5,6,0.21700000000000000,140.00000000000000000,0.41192000000000001,0.23400000000000001
3750022,earthquake,2010-09-03T17:09:25.213Z,2013-07-16T14:51:00.000Z,172.45435000000000514,-43.61746999999999730,4.24500000000000011,7.08279999999999976,ML,,GROPE,reviewed,manual,nz1dr,28,16,21,0.01200000000000000,138.00000000000000000,0.32683000000000001,0.25100000000000000
3749955,earthquake,2010-09-03T17:08:56.746Z,2013-07-16T14:51:00.000Z,172.11301000000000272,-43.54908999999999963,4.11699999999999999,9.99060000000000059,ML,,GROPE,reviewed,manual,nz1dr,13,8,22,0.05800000000000000,226.00000000000000000,0.26396999999999998,0.24399999999999999
3749559,earthquake,2010-09-03T17:08:10.114Z,2013-07-16T14:51:00.000Z,172.24100999999998862,-43.62859000000000265,3.85099999999999998,5.00000000000000000,ML,operator assigned,GROPE,reviewed,manual,nz1dr,15,8,15,0.17000000000000001,159.00000000000000000,0.23774000000000001,0.16400000000000001
3749058,earthquake,2010-09-03T17:07:12.426Z,2013-07-16T14:51:00.000Z,172.37897000000000958,-43.55125000000000313,3.82100000000000017,5.00000000000000000,ML,operator assigned,GROPE,reviewed,manual,nz1dr,9,5,5,0.17899999999999999,158.00000000000000000,0.48253000000000001,0.17499999999999999
3749037,earthquake,2010-09-03T17:06:31.358Z,2013-07-16T14:51:00.000Z,172.27841000000000804,-43.62322000000000344,4.69899999999999984,8.87199999999999989,ML,,GROPE,reviewed,manual,nz1dr,26,16,38,0.07400000000000000,125.00000000000000000,0.27506000000000003,0.30900000000000000
3366157,earthquake,2010-09-03T17:05:41.844Z,2013-07-31T15:30:00.000Z,171.96541999999999462,-43.42381999999999920,3.95599999999999996,11.95749999999999957,ML,,GROPE,reviewed,manual,nz1dr,10,6,16,0.11000000000000000,126.00000000000000000,0.36940000000000001,0.22500000000000001
3746118,earthquake,2010-09-03T17:04:03.429Z,2013-07-16T14:51:00.000Z,172.54507000000000971,-43.61502000000000123,3.96200000000000019,21.69320000000000093,ML,,GROPE,reviewed,manual,nz1dr,8,4,9,0.06900000000000001,168.00000000000000000,0.26122000000000001,0.23899999999999999
3743593,earthquake,2010-09-03T17:01:46.614Z,2013-07-16T14:51:00.000Z,172.39214000000001192,-43.61932999999999794,4.21400000000000041,9.16590000000000060,ML,,GROPE,reviewed,manual,nz1dr,23,14,6,0.02600000000000000,186.00000000000000000,0.22322000000000000,0.21700000000000000
3745632,earthquake,2010-09-03T17:01:12.274Z,2013-07-16T14:51:00.000Z,172.22411999999999921,-43.60672999999999888,4.31500000000000039,9.51399999999999935,ML,,GROPE,reviewed,manual,nz1dr,23,12,10,0.14599999999999999,213.00000000000000000,0.27020000000000000,0.15100000000000000
3743570,earthquake,2010-09-03T16:59:51.927Z,2013-07-16T14:51:00.000Z,172.42267000000001076,-43.60177999999999798,4.76700000000000035,7.44540000000000024,ML,,GROPE,reviewed,manual,nz1dr,24,18,7,0.03100000000000000,86.00000000000000000,0.27055000000000001,0.14299999999999999
3743073,earthquake,2010-09-03T16:59:20.048Z,2013-07-16T14:51:00.000Z,172.21003999999999223,-43.61625000000000085,5.50399999999999956,8.05369999999999919,ML,,GROPE,reviewed,manual,nz1dr,47,33,86,0.05400000000000000,65.00000000000000000,0.24390000000000001,0.27100000000000002
3743084,earthquake,2010-09-03T16:59:12.507Z,2013-07-16T14:51:00.000Z,172.20256000000000540,-43.60181999999999647,4.68599999999999994,9.13920000000000066,ML,,GROPE,reviewed,manual,nz1dr,42,28,6,0.06700000000000000,62.00000000000000000,0.28108000000000000,0.33500000000000002
3745623,earthquake,2010-09-03T16:58:05.776Z,2013-07-16T14:51:00.000Z,172.41252000000000066,-43.47220999999999691,4.29199999999999982,5.00000000000000000,ML,operator assigned,GROPE,reviewed,manual,nz1dr,21,13,4,0.08599999999999999,100.00000000000000000,0.38862000000000002,0.11500000000000000
3743567,earthquake,2010-09-03T16:57:56.308Z,2013-07-16T14:51:00.000Z,172.12369000000001051,-43.65435000000000088,4.52200000000000024,10.14869999999999983,ML,,GROPE,reviewed,manual,nz1dr,34,16,17,0.16400000000000001,167.00000000000000000,0.31086999999999998,0.24700000000000000
3744170,earthquake,2010-09-03T16:57:05.391Z,2013-07-16T14:51:00.000Z,172.25459000000000742,-43.62086000000000041,3.73700000000000010,11.15230000000000032,ML,,GROPE,reviewed,manual,nz1dr,10,5,5,0.17100000000000001,212.00000000000000000,0.24828000000000000,0.08100000000000000
3366155,earthquake,2010-09-03T16:56:10.575Z,2013-07-31T15:29:00.000Z,172.20514000000000010,-43.63089999999999691,4.75100000000000033,9.51759999999999984,ML,,GROPE,reviewed,manual,nz1dr,31,20,57,0.03900000000000000,85.00000000000000000,0.29807000000000000,0.27900000000000003
3366154,earthquake,2010-09-03T16:52:56.304Z,2013-07-16T14:04:00.000Z,172.40279000000001020,-43.59917000000000087,5.46799999999999997,7.48310000000000031,ML,,GROPE,reviewed,manual,nz1dr,53,35,26,0.01700000000000000,86.00000000000000000,0.27000999999999997,0.27000000000000002
3366161,earthquake,2010-09-03T16:51:06.788Z,2013-07-16T14:04:00.000Z,172.36874000000000251,-43.60562000000000182,4.34299999999999997,9.43660000000000032,ML,,GROPE,reviewed,manual,nz1dr,25,15,8,0.13900000000000001,120.00000000000000000,0.26244000000000001,0.16500000000000001
3741612,earthquake,2010-09-03T16:50:05.693Z,2013-07-16T14:51:00.000Z,172.15205000000000268,-43.52158000000000015,4.66399999999999970,9.29959999999999987,ML,,GROPE,reviewed,manual,nz1dr,30,18,14,0.04700000000000000,98.00000000000000000,0.27132000000000001,0.25000000000000000
3366152,earthquake,2010-09-03T16:49:49.877Z,2013-07-16T14:04:00.000Z,172.48775000000000546,-43.54867999999999739,4.17400000000000038,20.35699999999999932,ML,,GROPE,reviewed,manual,nz1dr,23,12,5,0.07099999999999999,119.00000000000000000,0.15550000000000000,0.15700000000000000
3740486,earthquake,2010-09-03T16:48:49.770Z,2013-07-16T14:51:00.000Z,172.32206999999999653,-43.60858999999999952,4.95000000000000018,8.55899999999999928,ML,,GROPE,reviewed,manual,nz1dr,39,23,12,0.04500000000000000,121.00000000000000000,0.33060000000000000,0.24199999999999999
3740456,earthquake,2010-09-03T16:48:30.194Z,2013-07-16T14:51:00.000Z,172.44823999999999842,-43.65359999999999729,4.32399999999999984,6.12629999999999963,ML,,GROPE,reviewed,manual,nz1dr,22,15,6,0.03200000000000000,156.00000000000000000,0.17985999999999999,0.29799999999999999
3739976,earthquake,2010-09-03T16:48:09.100Z,2013-07-16T14:51:00.000Z,172.19954000000001315,-43.61804999999999666,4.38199999999999967,31.39999999999999858,ML,,GROPE,reviewed,manual,nz1dr,16,8,7,0.14499999999999999,158.00000000000000000,0.49343999999999999,0.26400000000000001
3711193,earthquake,2010-09-03T16:48:02.459Z,2013-07-16T14:51:00.000Z,172.35774000000000683,-43.61560000000000059,4.42900000000000027,13.23739999999999917,ML,,GROPE,reviewed,manual,nz1dr,15,9,10,0.19700000000000001,150.00000000000000000,0.19392999999999999,0.24099999999999999
3711189,earthquake,2010-09-03T16:47:25.465Z,2013-07-16T14:51:00.000Z,171.90024999999999977,-43.64565999999999946,4.41399999999999970,5.00000000000000000,ML,operator assigned,GROPE,reviewed,manual,nz1dr,13,7,10,0.21299999999999999,166.00000000000000000,0.34928999999999999,0.21500000000000000
3711185,earthquake,2010-09-03T16:46:35.737Z,2013-07-16T14:51:00.000Z,172.23813000000001239,-43.57198000000000349,4.51600000000000001,5.00000000000000000,ML,operator assigned,GROPE,reviewed,manual,nz1dr,12,7,9,0.12800000000000000,146.00000000000000000,0.37541000000000002,0.18200000000000000
3710559,earthquake,2010-09-03T16:46:07.866Z,2013-07-16T14:51:00.000Z,172.17002999999999702,-43.47632999999999726,4.81700000000000017,7.14620000000000033,ML,,GROPE,reviewed,manual,nz1dr,14,7,13,0.05200000000000000,129.00000000000000000,0.17727999999999999,0.24800000000000000
3710466,earthquake,2010-09-03T16:45:31.618Z,2013-07-16T14:51:00.000Z,172.40085999999999444,-43.60708999999999946,4.72700000000000031,18.67780000000000129,ML,,GROPE,reviewed,manual,nz1dr,23,12,7,0.15400000000000000,144.00000000000000000,0.30329000000000000,0.20699999999999999
3699473,earthquake,2010-09-03T16:44:57.324Z,2013-07-16T14:51:00.000Z,172.16285999999999490,-43.46123999999999654,5.35899999999999999,6.68170000000000019,ML,,GROPE,reviewed,manual,nz1dr,36,28,30,0.05400000000000000,78.00000000000000000,0.27927999999999997,0.28599999999999998
3698442,earthquake,2010-09-03T16:44:12.573Z,2013-07-16T14:51:00.000Z,172.40707000000000448,-43.64999000000000251,4.49099999999999966,11.32399999999999984,ML,,GROPE,reviewed,manual,nz1dr,15,8,7,0.17299999999999999,245.00000000000000000,0.12576000000000001,0.25300000000000000
3696750,earthquake,2010-09-03T16:43:51.204Z,2013-07-16T14:51:00.000Z,172.27442999999999529,-43.61766000000000076,4.56899999999999995,12.74189999999999934,ML,,GROPE,reviewed,manual,nz1dr,24,15,8,0.07600000000000000,119.00000000000000000,0.22072000000000000,0.20699999999999999
3696722,earthquake,2010-09-03T16:43:28.731Z,2013-07-16T14:51:00.000Z,172.16673000000000116,-43.60925999999999902,5.14400000000000013,9.48780000000000001,ML,,GROPE,reviewed,manual,nz1dr,33,22,25,0.06100000000000000,63.00000000000000000,0.22816000000000000,0.24800000000000000
3696695,earthquake,2010-09-03T16:42:47.272Z,2013-07-16T14:51:00.000Z,172.41315000000000168,-43.60732000000000141,4.97900000000000009,9.36219999999999963,ML,,GROPE,reviewed,manual,nz1dr,35,21,10,0.02700000000000000,90.00000000000000000,0.28514000000000000,0.21900000000000000
3696710,earthquake,2010-09-03T16:42:28.762Z,2013-07-16T14:51:00.000Z,172.27834999999998900,-43.63268000000000058,4.91199999999999992,8.17629999999999946,ML,,GROPE,reviewed,manual,nz1dr,26,17,8,0.06900000000000001,132.00000000000000000,0.26706000000000002,0.22100000000000000
3696610,earthquake,2010-09-03T16:42:20.864Z,2013-07-16T14:51:00.000Z,172.23646999999999707,-43.64153000000000304,4.94500000000000028,11.25929999999999964,ML,,GROPE,reviewed,manual,nz1dr,38,21,9,0.03900000000000000,123.00000000000000000,0.25172000000000000,0.16700000000000001
3696594,earthquake,2010-09-03T16:42:00.732Z,2013-07-16T14:51:00.000Z,172.37521000000000981,-43.66353999999999758,4.82200000000000006,5.00000000000000000,ML,operator assigned,GROPE,reviewed,manual,nz1dr,19,10,8,0.20000000000000001,209.00000000000000000,0.17050999999999999,0.34899999999999998
3696231,earthquake,2010-09-03T16:41:17.829Z,2013-07-16T14:51:00.000Z,172.30361999999999512,-43.58585999999999672,4.97100000000000009,9.88509999999999955,ML,,GROPE,reviewed,manual,nz1dr,28,18,8,0.05700000000000000,187.00000000000000000,0.22716000000000000,0.25400000000000000
3696220,earthquake,2010-09-03T16:40:20.677Z,2013-07-16T14:51:00.000Z,172.54438999999999282,-43.58787000000000234,4.75000000000000000,24.80059999999999931,ML,,GROPE,reviewed,manual,nz1dr,20,11,5,0.05800000000000000,89.00000000000000000,0.32507000000000003,0.19500000000000001
3696204,earthquake,2010-09-03T16:40:13.749Z,2013-07-16T14:51:00.000Z,172.42959999999999354,-43.68361999999999767,4.56500000000000039,8.31700000000000017,ML,,GROPE,reviewed,manual,nz1dr,18,10,5,0.06500000000000000,222.00000000000000000,0.12544000000000000,0.30199999999999999
3696092,earthquake,2010-09-03T16:39:56.876Z,2013-07-16T14:51:00.000Z,172.21216999999998620,-43.59541000000000111,4.92100000000000026,14.24050000000000082,ML,,GROPE,reviewed,manual,nz1dr,18,10,7,0.19400000000000001,152.00000000000000000,0.28076000000000001,0.22500000000000001
3672856,earthquake,2010-09-03T16:39:03.708Z,2013-07-16T14:51:00.000Z,172.11027999999998883,-43.62283000000000044,5.33499999999999996,17.60579999999999856,ML,,GROPE,reviewed,manual,nz1dr,18,10,10,0.13200000000000001,222.00000000000000000,0.38812999999999998,0.19900000000000001
3672831,earthquake,2010-09-03T16:38:42.458Z,2013-07-16T14:51:00.000Z,172.11847000000000207,-43.49201000000000050,5.16199999999999992,10.15910000000000046,ML,,GROPE,reviewed,manual,nz1dr,20,11,9,0.01200000000000000,154.00000000000000000,0.27886000000000000,0.21299999999999999
3672822,earthquake,2010-09-03T16:38:17.243Z,2013-07-16T14:51:00.000Z,172.18575000000001296,-43.47109999999999985,5.43400000000000016,6.29190000000000005,ML,,GROPE,reviewed,manual,nz1dr,20,14,7,0.06400000000000000,88.00000000000000000,0.38258999999999999,0.19000000000000000
3669676,earthquake,2010-09-03T16:37:36.322Z,2013-07-16T14:51:00.000Z,172.29476999999999975,-43.56609999999999872,5.53200000000000003,11.88230000000000075,ML,,GROPE,reviewed,manual,nz1dr,46,26,6,0.06900000000000001,68.00000000000000000,0.24771000000000001,0.14899999999999999
3669661,earthquake,2010-09-03T16:37:17.769Z,2013-07-16T14:51:00.000Z,172.38512000000000057,-43.65849999999999653,5.11399999999999988,7.82730000000000015,ML,,GROPE,reviewed,manual,nz1dr,21,12,3,0.06400000000000000,253.00000000000000000,0.08527000000000000,0.18600000000000000
3669651,earthquake,2010-09-03T16:37:02.619Z,2013-07-16T14:51:00.000Z,172.32366999999999280,-43.55425999999999931,5.81500000000000039,10.02570000000000050,ML,,GROPE,reviewed,manual,nz1dr,39,23,7,0.05800000000000000,57.00000000000000000,0.18790999999999999,0.25100000000000000
3366146,earthquake,2010-09-03T16:35:41.836Z,2013-07-16T14:04:00.000Z,172.16793999999998732,-43.52730999999999995,7.20000000000000018,11.04260000000000019,Mw,,GROPE,reviewed,manual,nz1dr,21,16,0,0.06000000000000000,82.00000000000000000,0.14312000000000000,0.00000000000000000
3362156,earthquake,2010-08-27T00:05:02.770Z,2013-07-16T10:20:00.000Z,171.99073999999998819,-43.20969999999999800,3.33300000000000018,5.00000000000000000,ML,operator assigned,GROPE,reviewed,manual,nz1dr,13,10,12,0.12300000000000000,92.00000000000000000,0.11980000000000000,0.24199999999999999
